ISO-10303-21;
HEADER;
FILE_DESCRIPTION (( 'STEP AP203' ),
    '1' );
FILE_NAME ('Ò£¿ØÆ÷µ×¿Ç.STEP',
    '2026-09-13T12:55:06',
    ( '' ),
    ( '' ),
    'SwSTEP 2.0',
    'SolidWorks 2024',
    '' );
FILE_SCHEMA (( 'CONFIG_CONTROL_DESIGN' ));
ENDSEC;

DATA;
#1 = ORIENTED_EDGE ( 'NONE', *, *, #1886, .F. ) ;
#2 = ADVANCED_FACE ( 'NONE', ( #1518 ), #1570, .F. ) ;
#3 = CIRCLE ( 'NONE', #287, 2.050003810007499538 ) ;
#4 = PERSON_AND_ORGANIZATION_ROLE ( 'classification_officer' ) ;
#5 = CIRCLE ( 'NONE', #327, 0.01270457791641144141 ) ;
#6 = CYLINDRICAL_SURFACE ( 'NONE', #1384, 2.050003810007499538 ) ;
#7 = DIRECTION ( 'NONE',  ( -1.000000000000000000, -1.730943725248486097E-14, 0.000000000000000000 ) ) ;
#8 = DIRECTION ( 'NONE',  ( -1.000000000000000000, 0.000000000000000000, 0.000000000000000000 ) ) ;
#9 = CARTESIAN_POINT ( 'NONE',  ( -2.822381153048971747, -37.37518379134043300, 16.00000000000000000 ) ) ;
#10 = CARTESIAN_POINT ( 'NONE',  ( 56.72774203719753672, -37.37518379134043300, 16.00000000000000000 ) ) ;
#11 = DIRECTION ( 'NONE',  ( -0.000000000000000000, -0.000000000000000000, -1.000000000000000000 ) ) ;
#12 = EDGE_CURVE ( 'NONE', #2481, #2432, #2488, .T. ) ;
#13 = ORIENTED_EDGE ( 'NONE', *, *, #2440, .T. ) ;
#14 = PERSON_AND_ORGANIZATION_ROLE ( 'creator' ) ;
#15 = CARTESIAN_POINT ( 'NONE',  ( 64.44990244343566133, 25.84224064350814842, 17.60005080010200373 ) ) ;
#16 = DIRECTION ( 'NONE',  ( -0.000000000000000000, -0.000000000000000000, 1.000000000000000000 ) ) ;
#17 = DIRECTION ( 'NONE',  ( -0.7071068499879669123, -0.7071067123851214609, 0.000000000000000000 ) ) ;
#18 = ORIENTED_EDGE ( 'NONE', *, *, #824, .F. ) ;
#19 = CARTESIAN_POINT ( 'NONE',  ( 34.51232258576885670, -28.58346420982613267, 17.60005080010200373 ) ) ;
#20 = DIRECTION ( 'NONE',  ( -0.000000000000000000, -0.000000000000000000, -1.000000000000000000 ) ) ;
#21 = DIRECTION ( 'NONE',  ( -0.000000000000000000, -0.000000000000000000, -1.000000000000000000 ) ) ;
#22 = CIRCLE ( 'NONE', #573, 2.000000000000000000 ) ;
#23 = VERTEX_POINT ( 'NONE', #1556 ) ;
#24 = PRODUCT_RELATED_PRODUCT_CATEGORY ( 'detail', '', ( #1209 ) ) ;
#25 = AXIS2_PLACEMENT_3D ( 'NONE', #2018, #288, #2218 ) ;
#26 = DESIGN_CONTEXT ( 'detailed design', #517, 'design' ) ;
#27 = PERSON_AND_ORGANIZATION ( #1551, #978 ) ;
#28 = ADVANCED_FACE ( 'NONE', ( #982 ), #2112, .F. ) ;
#29 = DIRECTION ( 'NONE',  ( 1.000000000000000000, 0.000000000000000000, 0.000000000000000000 ) ) ;
#30 = DIRECTION ( 'NONE',  ( 0.1744269173761755498, -0.9846701226779682736, 0.000000000000000000 ) ) ;
#31 = VERTEX_POINT ( 'NONE', #1908 ) ;
#32 = CIRCLE ( 'NONE', #2416, 2.050003810007499538 ) ;
#33 = PLANE ( 'NONE',  #964 ) ;
#34 = ORIENTED_EDGE ( 'NONE', *, *, #1778, .F. ) ;
#35 = CARTESIAN_POINT ( 'NONE',  ( -21.67849812405518861, -39.29912109121107022, 141.8952659556790081 ) ) ;
#36 = CARTESIAN_POINT ( 'NONE',  ( 35.93546882451354918, -28.17297263649295758, 2.000000000000000000 ) ) ;
#37 = DIRECTION ( 'NONE',  ( 0.000000000000000000, -1.000000000000000000, 0.000000000000000000 ) ) ;
#38 = ORIENTED_EDGE ( 'NONE', *, *, #645, .F. ) ;
#39 = APPLICATION_PROTOCOL_DEFINITION ( 'international standard', 'config_control_design', 1994, #1894 ) ;
#40 = PLANE ( 'NONE',  #1288 ) ;
#41 = EDGE_LOOP ( 'NONE', ( #34, #2277, #2118, #1192 ) ) ;
#42 = EDGE_CURVE ( 'NONE', #1261, #1006, #1756, .T. ) ;
#43 = AXIS2_PLACEMENT_3D ( 'NONE', #750, #948, #2273 ) ;
#44 = CARTESIAN_POINT ( 'NONE',  ( -2.822381153048957536, -37.37518379134043300, 16.00000000000000000 ) ) ;
#45 = DIRECTION ( 'NONE',  ( -1.734723475976805517E-14, 1.000000000000000000, 0.000000000000000000 ) ) ;
#46 = VERTEX_POINT ( 'NONE', #200 ) ;
#47 = CARTESIAN_POINT ( 'NONE',  ( 67.39141171262772900, 23.37600210288301028, 141.8952659556790081 ) ) ;
#48 = VERTEX_POINT ( 'NONE', #934 ) ;
#49 = CARTESIAN_POINT ( 'NONE',  ( -7.634537350131957112, 22.85493600417956728, 2.000000000000000000 ) ) ;
#50 = DIRECTION ( 'NONE',  ( 0.000000000000000000, -1.000000000000000000, 0.000000000000000000 ) ) ;
#51 = ORIENTED_EDGE ( 'NONE', *, *, #694, .F. ) ;
#52 = LOCAL_TIME ( 20, 55, 6.000000000000000000, #1552 ) ;
#53 = ORIENTED_EDGE ( 'NONE', *, *, #1084, .T. ) ;
#54 = CARTESIAN_POINT ( 'NONE',  ( 23.20067320664404775, -29.59616878577443444, 141.8952659556790081 ) ) ;
#55 = VERTEX_POINT ( 'NONE', #2331 ) ;
#56 = DIRECTION ( 'NONE',  ( -4.527083619357869128E-15, 1.000000000000000000, 0.000000000000000000 ) ) ;
#57 = EDGE_CURVE ( 'NONE', #1024, #143, #598, .T. ) ;
#58 = DIRECTION ( 'NONE',  ( -0.000000000000000000, -0.000000000000000000, -1.000000000000000000 ) ) ;
#59 = ORIENTED_EDGE ( 'NONE', *, *, #2424, .T. ) ;
#60 = CARTESIAN_POINT ( 'NONE',  ( 75.55235306823703922, -39.82018782540143320, 2.000000000000000000 ) ) ;
#61 = ORIENTED_EDGE ( 'NONE', *, *, #1863, .T. ) ;
#62 = EDGE_CURVE ( 'NONE', #561, #46, #219, .T. ) ;
#63 = CARTESIAN_POINT ( 'NONE',  ( 33.73400000000103205, -10.53148712368771633, 17.60005080010200018 ) ) ;
#64 = FACE_OUTER_BOUND ( 'NONE', #341, .T. ) ;
#65 = VERTEX_POINT ( 'NONE', #736 ) ;
#66 = CIRCLE ( 'NONE', #954, 1.987304830557215407 ) ;
#67 = EDGE_LOOP ( 'NONE', ( #408, #685, #2209, #711 ) ) ;
#68 = VECTOR ( 'NONE', #74, 1000.000000000000000 ) ;
#69 = ADVANCED_BREP_SHAPE_REPRESENTATION ( '\X2\906563a756685e9558f3\X0\', ( #1845, #1749 ), #1872 ) ;
#70 = CARTESIAN_POINT ( 'NONE',  ( 64.44990257705030956, 26.84224064350826566, 2.000000000000000000 ) ) ;
#71 = ORIENTED_EDGE ( 'NONE', *, *, #2298, .F. ) ;
#72 = DIRECTION ( 'NONE',  ( 1.000000000000000000, 0.000000000000000000, 0.000000000000000000 ) ) ;
#73 = EDGE_LOOP ( 'NONE', ( #1536, #1584, #1625, #463 ) ) ;
#74 = DIRECTION ( 'NONE',  ( -0.000000000000000000, -0.000000000000000000, -1.000000000000000000 ) ) ;
#75 = EDGE_LOOP ( 'NONE', ( #1777, #1651, #2362, #251 ) ) ;
#76 = AXIS2_PLACEMENT_3D ( 'NONE', #131, #897, #2438 ) ;
#77 = DIRECTION ( 'NONE',  ( -0.000000000000000000, -0.000000000000000000, -1.000000000000000000 ) ) ;
#78 = EDGE_CURVE ( 'NONE', #1809, #65, #2283, .T. ) ;
#79 = ADVANCED_FACE ( 'NONE', ( #2502 ), #2092, .F. ) ;
#80 = ORIENTED_EDGE ( 'NONE', *, *, #1775, .T. ) ;
#81 = CIRCLE ( 'NONE', #395, 3.987304830557661273 ) ;
#82 = CARTESIAN_POINT ( 'NONE',  ( 77.50919275954045418, -39.47354836992053606, 0.000000000000000000 ) ) ;
#83 = FACE_OUTER_BOUND ( 'NONE', #1959, .T. ) ;
#84 = ORIENTED_EDGE ( 'NONE', *, *, #551, .F. ) ;
#85 = DIRECTION ( 'NONE',  ( -0.000000000000000000, -0.000000000000000000, -1.000000000000000000 ) ) ;
#86 = DIRECTION ( 'NONE',  ( -1.000000000000000000, 4.776486298860258471E-12, 0.000000000000000000 ) ) ;
#87 = ORIENTED_EDGE ( 'NONE', *, *, #1096, .F. ) ;
#88 = CIRCLE ( 'NONE', #688, 1.987304639328488332 ) ;
#89 = CARTESIAN_POINT ( 'NONE',  ( -7.634537350131957112, 22.85493600417956728, 2.000000000000000000 ) ) ;
#90 = ORIENTED_EDGE ( 'NONE', *, *, #875, .F. ) ;
#91 = VECTOR ( 'NONE', #2054, 1000.000000000000000 ) ;
#92 = CARTESIAN_POINT ( 'NONE',  ( -18.73698837408095841, -39.82018782540143320, 0.000000000000000000 ) ) ;
#93 = LINE ( 'NONE', #886, #834 ) ;
#94 = ORIENTED_EDGE ( 'NONE', *, *, #1366, .F. ) ;
#95 = ADVANCED_FACE ( 'NONE', ( #946 ), #385, .F. ) ;
#96 = CARTESIAN_POINT ( 'NONE',  ( 9.432128831383174372, -41.93253007232505070, 17.60005080010200373 ) ) ;
#97 = ORIENTED_EDGE ( 'NONE', *, *, #1828, .F. ) ;
#98 = AXIS2_PLACEMENT_3D ( 'NONE', #2289, #2086, #1340 ) ;
#99 = DIRECTION ( 'NONE',  ( 0.000000000000000000, 0.000000000000000000, 1.000000000000000000 ) ) ;
#100 = EDGE_LOOP ( 'NONE', ( #193, #2060, #665, #332, #294, #501, #1892, #615, #1317, #2459, #2380, #2072, #2050, #80, #359, #2271, #367 ) ) ;
#101 = DIRECTION ( 'NONE',  ( -1.000000000000000000, 0.000000000000000000, 0.000000000000000000 ) ) ;
#102 = CARTESIAN_POINT ( 'NONE',  ( 68.37608177129817477, 23.55042938159237309, 2.000000000000000000 ) ) ;
#103 = AXIS2_PLACEMENT_3D ( 'NONE', #477, #1834, #491 ) ;
#104 = CARTESIAN_POINT ( 'NONE',  ( -18.73698906823510768, -41.80749265595883202, 2.000000000000000000 ) ) ;
#105 = DIRECTION ( 'NONE',  ( -0.000000000000000000, -0.000000000000000000, -1.000000000000000000 ) ) ;
#106 = ORIENTED_EDGE ( 'NONE', *, *, #126, .T. ) ;
#107 = AXIS2_PLACEMENT_3D ( 'NONE', #44, #1189, #409 ) ;
#108 = PLANE ( 'NONE',  #206 ) ;
#109 = ORIENTED_EDGE ( 'NONE', *, *, #1952, .T. ) ;
#110 = DIRECTION ( 'NONE',  ( 0.000000000000000000, 0.000000000000000000, -1.000000000000000000 ) ) ;
#111 = VERTEX_POINT ( 'NONE', #1721 ) ;
#112 = EDGE_CURVE ( 'NONE', #2378, #48, #1529, .T. ) ;
#113 = AXIS2_PLACEMENT_3D ( 'NONE', #714, #335, #2462 ) ;
#114 = EDGE_CURVE ( 'NONE', #958, #2242, #419, .T. ) ;
#115 = DIRECTION ( 'NONE',  ( 0.000000000000000000, 0.000000000000000000, 1.000000000000000000 ) ) ;
#116 = CARTESIAN_POINT ( 'NONE',  ( 33.73400000000000176, -29.58346420790139319, 16.10000000000000142 ) ) ;
#117 = CARTESIAN_POINT ( 'NONE',  ( 34.51227214434504020, -29.58346420793345288, 2.000000000000000000 ) ) ;
#118 = DIRECTION ( 'NONE',  ( -0.000000000000000000, -0.000000000000000000, -1.000000000000000000 ) ) ;
#119 = CARTESIAN_POINT ( 'NONE',  ( 33.73400000000021492, -25.58346420790139319, 16.10000000000000142 ) ) ;
#120 = VECTOR ( 'NONE', #11, 1000.000000000000000 ) ;
#121 = VECTOR ( 'NONE', #202, 1000.000000000000000 ) ;
#122 = ORIENTED_EDGE ( 'NONE', *, *, #793, .F. ) ;
#123 = CARTESIAN_POINT ( 'NONE',  ( 34.51227086267104482, -29.59616878577443444, 17.60005080010200373 ) ) ;
#124 = VERTEX_POINT ( 'NONE', #1542 ) ;
#125 = EDGE_CURVE ( 'NONE', #801, #561, #1362, .T. ) ;
#126 = EDGE_CURVE ( 'NONE', #423, #877, #1681, .T. ) ;
#127 = CARTESIAN_POINT ( 'NONE',  ( 77.50919288755564196, -39.47354909258690725, 2.000000000000000000 ) ) ;
#128 = CARTESIAN_POINT ( 'NONE',  ( -18.73698837408095841, -39.82018782540143320, 2.000000000000000000 ) ) ;
#129 = AXIS2_PLACEMENT_3D ( 'NONE', #1567, #457, #1727 ) ;
#130 = CARTESIAN_POINT ( 'NONE',  ( 50.39315796932634584, -42.80749265595810726, 141.8952659556790081 ) ) ;
#131 = CARTESIAN_POINT ( 'NONE',  ( 34.51227214434515389, -27.58346420790143583, 2.000000000000000000 ) ) ;
#132 = VECTOR ( 'NONE', #58, 1000.000000000000000 ) ;
#133 = DIRECTION ( 'NONE',  ( -0.7071068501193292777, -0.7071067122537589844, 0.000000000000000000 ) ) ;
#134 = ORIENTED_EDGE ( 'NONE', *, *, #2375, .T. ) ;
#135 =( NAMED_UNIT ( * ) PLANE_ANGLE_UNIT ( ) SI_UNIT ( $, .RADIAN. ) );
#136 = EDGE_LOOP ( 'NONE', ( #416, #1040 ) ) ;
#137 = CARTESIAN_POINT ( 'NONE',  ( 78.49386288221805330, -39.29912145254443345, 141.8952659556790081 ) ) ;
#138 = CARTESIAN_POINT ( 'NONE',  ( -22.72429320463861657, -39.82018782540143320, 2.000000000000000000 ) ) ;
#139 = FACE_OUTER_BOUND ( 'NONE', #1225, .T. ) ;
#140 = ADVANCED_FACE ( 'NONE', ( #806 ), #1818, .T. ) ;
#141 = CARTESIAN_POINT ( 'NONE',  ( 64.44990204428803793, 22.85493600417956728, 17.60005080010200373 ) ) ;
#142 = DIRECTION ( 'NONE',  ( -0.000000000000000000, -0.000000000000000000, -1.000000000000000000 ) ) ;
#143 = VERTEX_POINT ( 'NONE', #1637 ) ;
#144 = AXIS2_PLACEMENT_3D ( 'NONE', #1796, #400, #1172 ) ;
#145 = VECTOR ( 'NONE', #1472, 1000.000000000000000 ) ;
#146 = DIRECTION ( 'NONE',  ( -1.000000000000000000, 0.000000000000000000, 0.000000000000000000 ) ) ;
#147 = EDGE_LOOP ( 'NONE', ( #1972, #815, #249, #1806 ) ) ;
#148 = DIRECTION ( 'NONE',  ( 0.1744272787093839316, 0.9846700586704355551, 0.000000000000000000 ) ) ;
#149 = FACE_OUTER_BOUND ( 'NONE', #436, .T. ) ;
#150 = CIRCLE ( 'NONE', #829, 2.987304527073480820 ) ;
#151 = CYLINDRICAL_SURFACE ( 'NONE', #716, 3.050003810007501315 ) ;
#152 = DIRECTION ( 'NONE',  ( -1.000000000000000000, 5.459542549265563769E-14, -0.000000000000000000 ) ) ;
#153 = EDGE_CURVE ( 'NONE', #391, #1901, #1604, .T. ) ;
#154 = AXIS2_PLACEMENT_3D ( 'NONE', #1090, #1435, #1676 ) ;
#155 = EDGE_LOOP ( 'NONE', ( #524, #2443, #1188, #1793 ) ) ;
#156 = AXIS2_PLACEMENT_3D ( 'NONE', #1535, #565, #2359 ) ;
#157 = CARTESIAN_POINT ( 'NONE',  ( -7.634537350131957112, 22.85493600417956728, 17.60005080010200373 ) ) ;
#158 = ORIENTED_EDGE ( 'NONE', *, *, #507, .F. ) ;
#159 = EDGE_LOOP ( 'NONE', ( #1117, #1338 ) ) ;
#160 = DIRECTION ( 'NONE',  ( 0.000000000000000000, 0.000000000000000000, 1.000000000000000000 ) ) ;
#161 = DIRECTION ( 'NONE',  ( -1.000000000000000000, -4.813031674819610417E-17, 0.000000000000000000 ) ) ;
#162 = DIRECTION ( 'NONE',  ( 0.000000000000000000, 0.000000000000000000, 1.000000000000000000 ) ) ;
#163 = FACE_OUTER_BOUND ( 'NONE', #2212, .T. ) ;
#164 = DIRECTION ( 'NONE',  ( -0.000000000000000000, -0.000000000000000000, -1.000000000000000000 ) ) ;
#165 = VECTOR ( 'NONE', #133, 999.9999999999998863 ) ;
#166 = EDGE_CURVE ( 'NONE', #586, #2176, #2366, .T. ) ;
#167 = ORIENTED_EDGE ( 'NONE', *, *, #910, .F. ) ;
#168 = EDGE_CURVE ( 'NONE', #874, #111, #637, .T. ) ;
#169 = DIRECTION ( 'NONE',  ( 1.000000000000000000, -5.459542549265563769E-14, 0.000000000000000000 ) ) ;
#170 = EDGE_CURVE ( 'NONE', #2470, #1465, #2177, .T. ) ;
#171 = LINE ( 'NONE', #137, #2427 ) ;
#172 = LINE ( 'NONE', #138, #1921 ) ;
#173 = ORIENTED_EDGE ( 'NONE', *, *, #170, .F. ) ;
#174 = DIRECTION ( 'NONE',  ( -1.000000000000000000, 0.000000000000000000, 0.000000000000000000 ) ) ;
#175 = CARTESIAN_POINT ( 'NONE',  ( 34.52125436156951821, -29.58718529831718413, 17.60005080010200373 ) ) ;
#176 = FACE_OUTER_BOUND ( 'NONE', #1838, .T. ) ;
#177 = VERTEX_POINT ( 'NONE', #2394 ) ;
#178 = APPROVAL_ROLE ( '' ) ;
#179 = CIRCLE ( 'NONE', #1560, 1.999999999999998668 ) ;
#180 = CC_DESIGN_DATE_AND_TIME_ASSIGNMENT ( #1946, #377, ( #1308 ) ) ;
#181 = CIRCLE ( 'NONE', #1284, 1.999999999999998224 ) ;
#182 = EDGE_CURVE ( 'NONE', #1313, #1769, #1380, .T. ) ;
#183 = DIRECTION ( 'NONE',  ( 0.1744272787093839316, 0.9846700586704355551, -0.000000000000000000 ) ) ;
#184 = DIRECTION ( 'NONE',  ( 0.000000000000000000, 0.000000000000000000, 1.000000000000000000 ) ) ;
#185 = ORIENTED_EDGE ( 'NONE', *, *, #554, .T. ) ;
#186 = ADVANCED_FACE ( 'NONE', ( #794 ), #842, .T. ) ;
#187 = ADVANCED_FACE ( 'NONE', ( #1243 ), #1588, .T. ) ;
#188 = CARTESIAN_POINT ( 'NONE',  ( 7.319784197698041339, -39.82018812888543380, 2.000000000000000000 ) ) ;
#189 = VECTOR ( 'NONE', #1776, 1000.000000000000000 ) ;
#190 = DIRECTION ( 'NONE',  ( -0.000000000000000000, -0.000000000000000000, -1.000000000000000000 ) ) ;
#191 = VECTOR ( 'NONE', #1807, 1000.000000000000000 ) ;
#192 = DIRECTION ( 'NONE',  ( 0.000000000000000000, 0.000000000000000000, 1.000000000000000000 ) ) ;
#193 = ORIENTED_EDGE ( 'NONE', *, *, #226, .T. ) ;
#194 = APPROVAL_ROLE ( '' ) ;
#195 = AXIS2_PLACEMENT_3D ( 'NONE', #245, #1383, #2137 ) ;
#196 = DIRECTION ( 'NONE',  ( 0.000000000000000000, 0.000000000000000000, 1.000000000000000000 ) ) ;
#197 = DIRECTION ( 'NONE',  ( 0.000000000000000000, 0.000000000000000000, 1.000000000000000000 ) ) ;
#198 = ORIENTED_EDGE ( 'NONE', *, *, #1952, .F. ) ;
#199 = AXIS2_PLACEMENT_3D ( 'NONE', #387, #1571, #1974 ) ;
#200 = CARTESIAN_POINT ( 'NONE',  ( -22.66316818272557754, -39.12469381250171097, 17.60005080010200373 ) ) ;
#201 = EDGE_CURVE ( 'NONE', #1136, #618, #2355, .T. ) ;
#202 = DIRECTION ( 'NONE',  ( 1.000000000000000000, -5.476283914358155630E-14, 0.000000000000000000 ) ) ;
#203 = DIRECTION ( 'NONE',  ( 0.000000000000000000, 0.000000000000000000, 1.000000000000000000 ) ) ;
#204 = CARTESIAN_POINT ( 'NONE',  ( 22.48454084166794686, -28.88012060567986339, 2.000000000000001776 ) ) ;
#205 = ORIENTED_EDGE ( 'NONE', *, *, #1778, .T. ) ;
#206 = AXIS2_PLACEMENT_3D ( 'NONE', #912, #1066, #2236 ) ;
#207 = CIRCLE ( 'NONE', #405, 2.987304830557622193 ) ;
#208 = DIRECTION ( 'NONE',  ( -1.000000000000000000, 0.000000000000000000, 0.000000000000000000 ) ) ;
#209 = CARTESIAN_POINT ( 'NONE',  ( 62.94975372122053869, 9.106909172845567113, 2.000000000000000000 ) ) ;
#210 = ORIENTED_EDGE ( 'NONE', *, *, #2389, .F. ) ;
#211 = DIRECTION ( 'NONE',  ( 1.000000000000000000, 1.704313821783124685E-14, -0.000000000000000000 ) ) ;
#212 = CARTESIAN_POINT ( 'NONE',  ( 65.99975753122802757, 9.106909172845574219, 16.00000000000000000 ) ) ;
#213 = CARTESIAN_POINT ( 'NONE',  ( 65.99975753122804178, 9.106909172845567113, 16.00000000000000000 ) ) ;
#214 = EDGE_CURVE ( 'NONE', #65, #2124, #179, .T. ) ;
#215 = ORIENTED_EDGE ( 'NONE', *, *, #62, .F. ) ;
#216 = COORDINATED_UNIVERSAL_TIME_OFFSET ( 8, 0, .AHEAD. ) ;
#217 = DIRECTION ( 'NONE',  ( 0.9999999999995946576, 6.367917877030208791E-07, 6.367918414794491638E-07 ) ) ;
#218 = LINE ( 'NONE', #2122, #1609 ) ;
#219 = CIRCLE ( 'NONE', #1070, 3.987304830557612867 ) ;
#220 = DIRECTION ( 'NONE',  ( 1.000000000000000000, -2.286004426181961200E-10, 0.000000000000000000 ) ) ;
#221 = LINE ( 'NONE', #2319, #121 ) ;
#222 = LINE ( 'NONE', #399, #2204 ) ;
#223 = CARTESIAN_POINT ( 'NONE',  ( 77.53965789879426040, -39.82018782540143320, 2.000000000000000000 ) ) ;
#224 = VECTOR ( 'NONE', #321, 1000.000000000000227 ) ;
#225 = ORIENTED_EDGE ( 'NONE', *, *, #114, .F. ) ;
#226 = EDGE_CURVE ( 'NONE', #1421, #1081, #261, .T. ) ;
#227 = PERSON_AND_ORGANIZATION ( #1551, #978 ) ;
#228 = DIRECTION ( 'NONE',  ( 1.000000000000000000, 4.813031674819610417E-17, -0.000000000000000000 ) ) ;
#229 = ORIENTED_EDGE ( 'NONE', *, *, #846, .F. ) ;
#230 = VECTOR ( 'NONE', #961, 1000.000000000000000 ) ;
#231 = DIRECTION ( 'NONE',  ( -1.000000000000000000, 2.286004426181961200E-10, 0.000000000000000000 ) ) ;
#232 = EDGE_LOOP ( 'NONE', ( #509, #578, #1147, #745, #796, #1101, #1396, #1069 ) ) ;
#233 = CARTESIAN_POINT ( 'NONE',  ( 9.432128831383174372, -41.93253007232505070, 2.000000000000000000 ) ) ;
#234 = FACE_OUTER_BOUND ( 'NONE', #100, .T. ) ;
#235 = ORIENTED_EDGE ( 'NONE', *, *, #862, .T. ) ;
#236 = EDGE_LOOP ( 'NONE', ( #427, #810, #1840, #849, #869, #1623, #1012, #1445, #254, #1597, #1893, #1391, #441, #1223, #2166, #488, #1116, #394, #1982, #2140, #817, #931, #210, #1113, #1963, #1021, #1844, #512, #303, #635, #1052, #90, #215, #1826, #699, #71, #286, #1725 ) ) ;
#237 = EDGE_CURVE ( 'NONE', #1406, #1829, #247, .T. ) ;
#238 = CIRCLE ( 'NONE', #2223, 3.050003810007501315 ) ;
#239 = CARTESIAN_POINT ( 'NONE',  ( 69.04976134123553777, 9.106909172845567113, 16.00000000000000000 ) ) ;
#240 = VERTEX_POINT ( 'NONE', #117 ) ;
#241 = VECTOR ( 'NONE', #1906, 1000.000000000000000 ) ;
#242 = EDGE_CURVE ( 'NONE', #1619, #958, #181, .T. ) ;
#243 = DIRECTION ( 'NONE',  ( 0.000000000000000000, 0.000000000000000000, 1.000000000000000000 ) ) ;
#244 = ORIENTED_EDGE ( 'NONE', *, *, #1759, .T. ) ;
#245 = CARTESIAN_POINT ( 'NONE',  ( -18.73698837408095841, -39.82018782540143320, 2.000000000000000000 ) ) ;
#246 = ORIENTED_EDGE ( 'NONE', *, *, #1002, .F. ) ;
#247 = LINE ( 'NONE', #63, #819 ) ;
#248 = CARTESIAN_POINT ( 'NONE',  ( 65.99975753122804178, 9.106909172845567113, 16.00000000000000000 ) ) ;
#249 = ORIENTED_EDGE ( 'NONE', *, *, #1111, .T. ) ;
#250 = CIRCLE ( 'NONE', #1508, 2.987304639328586475 ) ;
#251 = ORIENTED_EDGE ( 'NONE', *, *, #1760, .T. ) ;
#252 = CIRCLE ( 'NONE', #904, 2.012704577916409665 ) ;
#253 = FACE_BOUND ( 'NONE', #1128, .T. ) ;
#254 = ORIENTED_EDGE ( 'NONE', *, *, #1970, .T. ) ;
#255 = CARTESIAN_POINT ( 'NONE',  ( 62.94975372122053869, 9.106909172845567113, 16.00000000000000000 ) ) ;
#256 = EDGE_CURVE ( 'NONE', #1261, #2186, #1616, .T. ) ;
#257 = LINE ( 'NONE', #1612, #1229 ) ;
#258 = ORIENTED_EDGE ( 'NONE', *, *, #1280, .T. ) ;
#259 = FACE_OUTER_BOUND ( 'NONE', #73, .T. ) ;
#260 = AXIS2_PLACEMENT_3D ( 'NONE', #2147, #1973, #1779 ) ;
#261 = CIRCLE ( 'NONE', #1073, 2.987304639328892453 ) ;
#262 = PLANE ( 'NONE',  #557 ) ;
#263 = ORIENTED_EDGE ( 'NONE', *, *, #1913, .T. ) ;
#264 = VECTOR ( 'NONE', #2392, 1000.000000000000000 ) ;
#265 = DIRECTION ( 'NONE',  ( 1.000000000000000000, 0.000000000000000000, 0.000000000000000000 ) ) ;
#266 = VERTEX_POINT ( 'NONE', #2384 ) ;
#267 = AXIS2_PLACEMENT_3D ( 'NONE', #2397, #2382, #299 ) ;
#268 = CARTESIAN_POINT ( 'NONE',  ( 23.20067256176208659, -28.58346420786892494, 17.60005080010200373 ) ) ;
#269 = EDGE_LOOP ( 'NONE', ( #646, #280, #2351, #465 ) ) ;
#270 = LINE ( 'NONE', #448, #1358 ) ;
#271 = EDGE_LOOP ( 'NONE', ( #122, #2255, #1143, #158 ) ) ;
#272 = CARTESIAN_POINT ( 'NONE',  ( 75.55235306823703922, -39.82018782540143320, 141.8952659556790081 ) ) ;
#273 = CIRCLE ( 'NONE', #2330, 2.000000000000002220 ) ;
#274 = EDGE_CURVE ( 'NONE', #23, #622, #1684, .T. ) ;
#275 = EDGE_CURVE ( 'NONE', #877, #1997, #1046, .T. ) ;
#276 = ORIENTED_EDGE ( 'NONE', *, *, #1969, .F. ) ;
#277 = AXIS2_PLACEMENT_3D ( 'NONE', #2385, #326, #311 ) ;
#278 = CARTESIAN_POINT ( 'NONE',  ( 8.725022638079128257, -41.22542270325579494, 2.000000000000000000 ) ) ;
#279 = FACE_OUTER_BOUND ( 'NONE', #798, .T. ) ;
#280 = ORIENTED_EDGE ( 'NONE', *, *, #1065, .T. ) ;
#281 = DIRECTION ( 'NONE',  ( -0.000000000000000000, -0.000000000000000000, -1.000000000000000000 ) ) ;
#282 = ORIENTED_EDGE ( 'NONE', *, *, #2107, .F. ) ;
#283 = CARTESIAN_POINT ( 'NONE',  ( 50.39315796932634584, -42.80749265595809305, 141.8952659556790081 ) ) ;
#284 = ORIENTED_EDGE ( 'NONE', *, *, #630, .F. ) ;
#285 = CARTESIAN_POINT ( 'NONE',  ( -18.73698906823507215, -43.80749265595883202, 2.000000000000000000 ) ) ;
#286 = ORIENTED_EDGE ( 'NONE', *, *, #428, .F. ) ;
#287 = AXIS2_PLACEMENT_3D ( 'NONE', #684, #292, #313 ) ;
#288 = DIRECTION ( 'NONE',  ( 1.000000000000000000, -5.459542549265563769E-14, 0.000000000000000000 ) ) ;
#289 = ORIENTED_EDGE ( 'NONE', *, *, #1858, .T. ) ;
#290 = CARTESIAN_POINT ( 'NONE',  ( 65.99975753122804178, 9.106909172845567113, 16.00000000000000000 ) ) ;
#291 = DIRECTION ( 'NONE',  ( -1.336146432211192192E-07, 0.9999999999999911182, 0.000000000000000000 ) ) ;
#292 = DIRECTION ( 'NONE',  ( 0.000000000000000000, 0.000000000000000000, 1.000000000000000000 ) ) ;
#293 = ADVANCED_FACE ( 'NONE', ( #1242 ), #1850, .T. ) ;
#294 = ORIENTED_EDGE ( 'NONE', *, *, #414, .T. ) ;
#295 = LOCAL_TIME ( 20, 55, 6.000000000000000000, #216 ) ;
#296 = LINE ( 'NONE', #268, #1114 ) ;
#297 = EDGE_LOOP ( 'NONE', ( #1093, #1008 ) ) ;
#298 = CARTESIAN_POINT ( 'NONE',  ( -5.519385217056467674, 1.613894186815574505, 16.00000000000000000 ) ) ;
#299 = DIRECTION ( 'NONE',  ( 1.000000000000000000, 0.000000000000000000, 0.000000000000000000 ) ) ;
#300 = DIRECTION ( 'NONE',  ( 0.000000000000000000, 0.000000000000000000, 1.000000000000000000 ) ) ;
#301 = VECTOR ( 'NONE', #1650, 1000.000000000000114 ) ;
#302 = CARTESIAN_POINT ( 'NONE',  ( 9.432128831383300493, -41.93253007232518570, 141.8952659556790081 ) ) ;
#303 = ORIENTED_EDGE ( 'NONE', *, *, #380, .F. ) ;
#304 = ADVANCED_FACE ( 'NONE', ( #642 ), #1061, .T. ) ;
#305 = FACE_OUTER_BOUND ( 'NONE', #1246, .T. ) ;
#306 = EDGE_LOOP ( 'NONE', ( #1975, #920 ) ) ;
#307 = AXIS2_PLACEMENT_3D ( 'NONE', #489, #445, #1278 ) ;
#308 = CARTESIAN_POINT ( 'NONE',  ( -18.73698837408095841, -39.82018782540143320, 2.000000000000000000 ) ) ;
#309 = DIRECTION ( 'NONE',  ( 1.000000000000000000, -1.636430772471931646E-15, 0.000000000000000000 ) ) ;
#310 = FACE_OUTER_BOUND ( 'NONE', #1403, .T. ) ;
#311 = DIRECTION ( 'NONE',  ( -1.000000000000000000, 0.000000000000000000, 0.000000000000000000 ) ) ;
#312 = AXIS2_PLACEMENT_3D ( 'NONE', #1271, #118, #1286 ) ;
#313 = DIRECTION ( 'NONE',  ( 1.000000000000000000, 0.000000000000000000, 0.000000000000000000 ) ) ;
#314 = ORIENTED_EDGE ( 'NONE', *, *, #274, .F. ) ;
#315 = ORIENTED_EDGE ( 'NONE', *, *, #1395, .T. ) ;
#316 =( LENGTH_UNIT ( ) NAMED_UNIT ( * ) SI_UNIT ( .MILLI., .METRE. ) );
#317 = ORIENTED_EDGE ( 'NONE', *, *, #718, .T. ) ;
#318 = ORIENTED_EDGE ( 'NONE', *, *, #987, .T. ) ;
#319 = EDGE_CURVE ( 'NONE', #830, #240, #1226, .T. ) ;
#320 = CARTESIAN_POINT ( 'NONE',  ( 34.51227214434504020, -29.58346420794145715, 17.60005080010200373 ) ) ;
#321 = DIRECTION ( 'NONE',  ( -0.1744272787093671673, 0.9846700586704384417, 0.000000000000000000 ) ) ;
#322 = EDGE_CURVE ( 'NONE', #55, #2343, #1483, .T. ) ;
#323 = VERTEX_POINT ( 'NONE', #2007 ) ;
#324 = CIRCLE ( 'NONE', #1213, 3.987304639328490108 ) ;
#325 = CARTESIAN_POINT ( 'NONE',  ( -21.67849812405512822, -39.29912109121108443, 2.000000000000001776 ) ) ;
#326 = DIRECTION ( 'NONE',  ( -0.000000000000000000, -0.000000000000000000, -1.000000000000000000 ) ) ;
#327 = AXIS2_PLACEMENT_3D ( 'NONE', #1314, #2256, #360 ) ;
#328 = DIRECTION ( 'NONE',  ( -0.000000000000000000, -0.000000000000000000, -1.000000000000000000 ) ) ;
#329 = DIRECTION ( 'NONE',  ( 0.000000000000000000, 0.000000000000000000, -1.000000000000000000 ) ) ;
#330 = ORIENTED_EDGE ( 'NONE', *, *, #1855, .F. ) ;
#331 = CARTESIAN_POINT ( 'NONE',  ( 63.94975372122052448, 9.106909172845574219, 2.000000000000000000 ) ) ;
#332 = ORIENTED_EDGE ( 'NONE', *, *, #844, .T. ) ;
#333 = ORIENTED_EDGE ( 'NONE', *, *, #1049, .F. ) ;
#334 = DIRECTION ( 'NONE',  ( 1.224646799147353207E-16, 1.000000000000000000, -0.000000000000000000 ) ) ;
#335 = DIRECTION ( 'NONE',  ( 0.000000000000000000, 0.000000000000000000, 1.000000000000000000 ) ) ;
#336 = FACE_OUTER_BOUND ( 'NONE', #1636, .T. ) ;
#337 = ADVANCED_FACE ( 'NONE', ( #2031 ), #2425, .T. ) ;
#338 = ADVANCED_FACE ( 'NONE', ( #1447 ), #2210, .F. ) ;
#339 = CYLINDRICAL_SURFACE ( 'NONE', #480, 2.987304830557622193 ) ;
#340 = CARTESIAN_POINT ( 'NONE',  ( 23.20067320664404775, -29.59616878577443444, 2.000000000000000000 ) ) ;
#341 = EDGE_LOOP ( 'NONE', ( #2027, #2288 ) ) ;
#342 = DIRECTION ( 'NONE',  ( 0.000000000000000000, 0.000000000000000000, -1.000000000000000000 ) ) ;
#343 = ORIENTED_EDGE ( 'NONE', *, *, #2191, .T. ) ;
#344 = CARTESIAN_POINT ( 'NONE',  ( 62.82774965721253579, -37.37518379134043300, 2.000000000000000000 ) ) ;
#345 = CIRCLE ( 'NONE', #914, 1.012704577052464527 ) ;
#346 = DIRECTION ( 'NONE',  ( 1.734723475976805517E-14, 1.000000000000000000, 0.000000000000000000 ) ) ;
#347 = ORIENTED_EDGE ( 'NONE', *, *, #1677, .F. ) ;
#348 = AXIS2_PLACEMENT_3D ( 'NONE', #1433, #1835, #2194 ) ;
#349 = DIRECTION ( 'NONE',  ( -1.000000000000000000, 2.286004426181961200E-10, 0.000000000000000000 ) ) ;
#350 = EDGE_CURVE ( 'NONE', #2216, #586, #581, .T. ) ;
#351 = EDGE_CURVE ( 'NONE', #1986, #2435, #582, .T. ) ;
#352 = DIRECTION ( 'NONE',  ( -0.7071068499879669123, -0.7071067123851214609, 0.000000000000000000 ) ) ;
#353 = AXIS2_PLACEMENT_3D ( 'NONE', #1520, #539, #936 ) ;
#354 = EDGE_CURVE ( 'NONE', #927, #2193, #1685, .T. ) ;
#355 = ORIENTED_EDGE ( 'NONE', *, *, #1155, .F. ) ;
#356 = CIRCLE ( 'NONE', #1859, 2.000000000000000000 ) ;
#357 = DIRECTION ( 'NONE',  ( -1.000000000000000000, 0.000000000000000000, 0.000000000000000000 ) ) ;
#358 = ORIENTED_EDGE ( 'NONE', *, *, #550, .F. ) ;
#359 = ORIENTED_EDGE ( 'NONE', *, *, #2107, .T. ) ;
#360 = DIRECTION ( 'NONE',  ( 1.000000000000000000, 0.000000000000000000, 0.000000000000000000 ) ) ;
#361 = CARTESIAN_POINT ( 'NONE',  ( 23.53399999999999892, -29.58346420790083542, 17.60005080010200373 ) ) ;
#362 = CARTESIAN_POINT ( 'NONE',  ( -3.469381407048968136, 1.613894186815574505, 16.00000000000000000 ) ) ;
#363 = DIRECTION ( 'NONE',  ( 1.000000000000000000, 0.000000000000000000, 0.000000000000000000 ) ) ;
#364 = CC_DESIGN_PERSON_AND_ORGANIZATION_ASSIGNMENT ( #1726, #766, ( #1388 ) ) ;
#365 = CARTESIAN_POINT ( 'NONE',  ( 10.13923606284937051, -42.63963640323172655, 2.000000000000000000 ) ) ;
#366 = VECTOR ( 'NONE', #975, 1000.000000000000000 ) ;
#367 = ORIENTED_EDGE ( 'NONE', *, *, #2051, .T. ) ;
#368 = EDGE_CURVE ( 'NONE', #1094, #2481, #921, .T. ) ;
#369 = CARTESIAN_POINT ( 'NONE',  ( 23.53400000000005576, -28.58346420911098917, 16.10000000000000142 ) ) ;
#370 = LINE ( 'NONE', #713, #2383 ) ;
#371 = CARTESIAN_POINT ( 'NONE',  ( 65.99975753122804178, 9.106909172845567113, 2.000000000000000000 ) ) ;
#372 = VERTEX_POINT ( 'NONE', #538 ) ;
#373 = CARTESIAN_POINT ( 'NONE',  ( -10.57604725383109567, 23.37600077423859446, 17.60005080010200373 ) ) ;
#374 = CARTESIAN_POINT ( 'NONE',  ( -7.634537350131957112, 22.85493600417956728, 2.000000000000000000 ) ) ;
#375 = DIRECTION ( 'NONE',  ( 1.000000000000000000, 0.000000000000000000, 0.000000000000000000 ) ) ;
#376 = VERTEX_POINT ( 'NONE', #325 ) ;
#377 = DATE_TIME_ROLE ( 'classification_date' ) ;
#378 = AXIS2_PLACEMENT_3D ( 'NONE', #362, #1132, #174 ) ;
#379 = EDGE_CURVE ( 'NONE', #1586, #177, #1339, .T. ) ;
#380 = EDGE_CURVE ( 'NONE', #1812, #2393, #2240, .T. ) ;
#381 = VECTOR ( 'NONE', #516, 1000.000000000000000 ) ;
#382 = LINE ( 'NONE', #2144, #1976 ) ;
#383 = CARTESIAN_POINT ( 'NONE',  ( -7.634537350131957112, 22.85493600417956728, 2.000000000000000000 ) ) ;
#384 = ORIENTED_EDGE ( 'NONE', *, *, #2172, .T. ) ;
#385 = CYLINDRICAL_SURFACE ( 'NONE', #2278, 2.987304639328893341 ) ;
#386 = AXIS2_PLACEMENT_3D ( 'NONE', #1924, #197, #1948 ) ;
#387 = CARTESIAN_POINT ( 'NONE',  ( -2.822381153048957536, -37.37518379134043300, 16.00000000000000000 ) ) ;
#388 = CARTESIAN_POINT ( 'NONE',  ( 75.55235306823703922, -39.82018782540143320, 2.000000000000000000 ) ) ;
#389 = CIRCLE ( 'NONE', #473, 2.050003810007499538 ) ;
#390 = CARTESIAN_POINT ( 'NONE',  ( 75.55235341420905115, -42.80749265595836306, 17.60005080010200373 ) ) ;
#391 = VERTEX_POINT ( 'NONE', #1100 ) ;
#392 = LINE ( 'NONE', #2328, #2180 ) ;
#393 = DIRECTION ( 'NONE',  ( -0.000000000000000000, -0.000000000000000000, -1.000000000000000000 ) ) ;
#394 = ORIENTED_EDGE ( 'NONE', *, *, #2341, .T. ) ;
#395 = AXIS2_PLACEMENT_3D ( 'NONE', #2342, #2136, #1157 ) ;
#396 = DIRECTION ( 'NONE',  ( 1.000000000000000000, 0.000000000000000000, 0.000000000000000000 ) ) ;
#397 = ADVANCED_FACE ( 'NONE', ( #336 ), #1563, .T. ) ;
#398 = DIRECTION ( 'NONE',  ( 0.000000000000000000, 0.000000000000000000, 1.000000000000000000 ) ) ;
#399 = CARTESIAN_POINT ( 'NONE',  ( -1.419377597041468597, 1.613894186815574727, 16.00000000000000000 ) ) ;
#400 = DIRECTION ( 'NONE',  ( 0.000000000000000000, 0.000000000000000000, 1.000000000000000000 ) ) ;
#401 = DIRECTION ( 'NONE',  ( 1.000000000000000000, 0.000000000000000000, -0.000000000000000000 ) ) ;
#402 = VERTEX_POINT ( 'NONE', #2258 ) ;
#403 = AXIS2_PLACEMENT_3D ( 'NONE', #569, #605, #1934 ) ;
#404 = CARTESIAN_POINT ( 'NONE',  ( 0.000000000000000000, 0.000000000000000000, 0.000000000000000000 ) ) ;
#405 = AXIS2_PLACEMENT_3D ( 'NONE', #1294, #160, #1097 ) ;
#406 = CARTESIAN_POINT ( 'NONE',  ( 23.20067320664404775, -29.59616878577443444, 2.000000000000000000 ) ) ;
#407 = DIRECTION ( 'NONE',  ( -0.000000000000000000, -0.000000000000000000, -1.000000000000000000 ) ) ;
#408 = ORIENTED_EDGE ( 'NONE', *, *, #554, .F. ) ;
#409 = DIRECTION ( 'NONE',  ( 1.000000000000000000, 0.000000000000000000, 0.000000000000000000 ) ) ;
#410 = DIRECTION ( 'NONE',  ( -0.000000000000000000, -0.000000000000000000, -1.000000000000000000 ) ) ;
#411 = CYLINDRICAL_SURFACE ( 'NONE', #1041, 2.050003810007500427 ) ;
#412 = EDGE_CURVE ( 'NONE', #1853, #1820, #1256, .T. ) ;
#413 = CIRCLE ( 'NONE', #2270, 0.01270457789762785561 ) ;
#414 = EDGE_CURVE ( 'NONE', #1627, #31, #680, .T. ) ;
#415 = CARTESIAN_POINT ( 'NONE',  ( 23.53399999999999892, -29.58346420790083542, 2.000000000000000000 ) ) ;
#416 = ORIENTED_EDGE ( 'NONE', *, *, #2311, .F. ) ;
#417 = LINE ( 'NONE', #70, #1404 ) ;
#418 = VERTEX_POINT ( 'NONE', #1471 ) ;
#419 = CIRCLE ( 'NONE', #2444, 3.987304527073248561 ) ;
#420 = FACE_OUTER_BOUND ( 'NONE', #592, .T. ) ;
#421 = ORIENTED_EDGE ( 'NONE', *, *, #153, .T. ) ;
#422 = CARTESIAN_POINT ( 'NONE',  ( 64.44990257705030956, 26.84224064350813777, 17.60005080010200373 ) ) ;
#423 = VERTEX_POINT ( 'NONE', #2044 ) ;
#424 = DIRECTION ( 'NONE',  ( 0.000000000000000000, 0.000000000000000000, -1.000000000000000000 ) ) ;
#425 = ADVANCED_FACE ( 'NONE', ( #310 ), #1088, .F. ) ;
#426 = VECTOR ( 'NONE', #161, 1000.000000000000000 ) ;
#427 = ORIENTED_EDGE ( 'NONE', *, *, #1257, .F. ) ;
#428 = EDGE_CURVE ( 'NONE', #2103, #432, #1555, .T. ) ;
#429 = DATE_AND_TIME ( #803, #2028 ) ;
#430 = ORIENTED_EDGE ( 'NONE', *, *, #972, .F. ) ;
#431 = DIRECTION ( 'NONE',  ( 1.000000000000000000, 2.094966146274092191E-14, 0.000000000000000000 ) ) ;
#432 = VERTEX_POINT ( 'NONE', #2500 ) ;
#433 = CIRCLE ( 'NONE', #679, 3.050003810007499538 ) ;
#434 = CIRCLE ( 'NONE', #2214, 2.050003810007499538 ) ;
#435 = LINE ( 'NONE', #1360, #2501 ) ;
#436 = EDGE_LOOP ( 'NONE', ( #612, #1299, #1501, #225 ) ) ;
#437 = CARTESIAN_POINT ( 'NONE',  ( 75.55235341420905115, -43.80749265595864017, 2.000000000000000000 ) ) ;
#438 = VECTOR ( 'NONE', #1373, 1000.000000000000000 ) ;
#439 = VERTEX_POINT ( 'NONE', #1528 ) ;
#440 = LINE ( 'NONE', #415, #1532 ) ;
#441 = ORIENTED_EDGE ( 'NONE', *, *, #2457, .T. ) ;
#442 = EDGE_LOOP ( 'NONE', ( #1634, #1415, #263, #1043 ) ) ;
#443 = ADVANCED_FACE ( 'NONE', ( #1936 ), #572, .T. ) ;
#444 = ADVANCED_FACE ( 'NONE', ( #1583 ), #1950, .F. ) ;
#445 = DIRECTION ( 'NONE',  ( 0.9999999999995945466, -6.367916853543367494E-07, -6.367916680073610758E-07 ) ) ;
#446 = EDGE_LOOP ( 'NONE', ( #284, #449, #282, #786 ) ) ;
#447 = CIRCLE ( 'NONE', #530, 2.000000000000000000 ) ;
#448 = CARTESIAN_POINT ( 'NONE',  ( 7.319785463197043818, -43.80749265595848385, 2.000000000000000000 ) ) ;
#449 = ORIENTED_EDGE ( 'NONE', *, *, #1828, .T. ) ;
#450 = DIRECTION ( 'NONE',  ( 0.000000000000000000, 0.000000000000000000, 1.000000000000000000 ) ) ;
#451 = ADVANCED_FACE ( 'NONE', ( #782 ), #33, .T. ) ;
#452 = ORIENTED_EDGE ( 'NONE', *, *, #496, .T. ) ;
#453 = DIRECTION ( 'NONE',  ( -0.7071068501193292777, -0.7071067122537589844, 0.000000000000000000 ) ) ;
#454 = FACE_BOUND ( 'NONE', #1310, .T. ) ;
#455 = AXIS2_PLACEMENT_3D ( 'NONE', #1105, #2276, #2099 ) ;
#456 = VERTEX_POINT ( 'NONE', #1780 ) ;
#457 = DIRECTION ( 'NONE',  ( 0.000000000000000000, 0.000000000000000000, 1.000000000000000000 ) ) ;
#458 = EDGE_LOOP ( 'NONE', ( #1055, #741 ) ) ;
#459 = CARTESIAN_POINT ( 'NONE',  ( -18.73698906823507215, -43.80749265595883202, 2.000000000000000000 ) ) ;
#460 = VERTEX_POINT ( 'NONE', #19 ) ;
#461 = ADVANCED_FACE ( 'NONE', ( #420, #2113 ), #1191, .T. ) ;
#462 = CARTESIAN_POINT ( 'NONE',  ( 56.72774203719753672, -37.37518379134043300, 2.000000000000000000 ) ) ;
#463 = ORIENTED_EDGE ( 'NONE', *, *, #987, .F. ) ;
#464 = CARTESIAN_POINT ( 'NONE',  ( -18.73698889414401592, -42.80749265595900965, 141.8952659556790081 ) ) ;
#465 = ORIENTED_EDGE ( 'NONE', *, *, #1647, .F. ) ;
#466 = DIRECTION ( 'NONE',  ( -0.9999999999999498179, -3.173820793851703638E-07, -0.000000000000000000 ) ) ;
#467 = AXIS2_PLACEMENT_3D ( 'NONE', #92, #2399, #856 ) ;
#468 = CARTESIAN_POINT ( 'NONE',  ( 79.47853300489651929, -39.12469453516816031, 2.000000000000000000 ) ) ;
#469 = EDGE_LOOP ( 'NONE', ( #1290, #51 ) ) ;
#470 = VECTOR ( 'NONE', #474, 1000.000000000000114 ) ;
#471 = FACE_OUTER_BOUND ( 'NONE', #1562, .T. ) ;
#472 = ORIENTED_EDGE ( 'NONE', *, *, #1954, .F. ) ;
#473 = AXIS2_PLACEMENT_3D ( 'NONE', #2208, #1044, #1072 ) ;
#474 = DIRECTION ( 'NONE',  ( -0.7071068499870122315, 0.7071067123860761416, 0.000000000000000000 ) ) ;
#475 = EDGE_LOOP ( 'NONE', ( #1831, #568, #2003, #1357 ) ) ;
#476 = CC_DESIGN_PERSON_AND_ORGANIZATION_ASSIGNMENT ( #754, #4, ( #1308 ) ) ;
#477 = CARTESIAN_POINT ( 'NONE',  ( -18.73698837408095841, -39.82018782540143320, 0.000000000000000000 ) ) ;
#478 = ORIENTED_EDGE ( 'NONE', *, *, #1316, .F. ) ;
#479 = DIRECTION ( 'NONE',  ( -0.000000000000000000, -0.000000000000000000, -1.000000000000000000 ) ) ;
#480 = AXIS2_PLACEMENT_3D ( 'NONE', #563, #1110, #1710 ) ;
#481 = VECTOR ( 'NONE', #2139, 1000.000000000000000 ) ;
#482 = ADVANCED_FACE ( 'NONE', ( #1754 ), #1960, .T. ) ;
#483 = CARTESIAN_POINT ( 'NONE',  ( 7.319784197698041339, -39.82018812888543380, 141.8952659556790081 ) ) ;
#484 = DIRECTION ( 'NONE',  ( -0.000000000000000000, -0.000000000000000000, -1.000000000000000000 ) ) ;
#485 = ADVANCED_FACE ( 'NONE', ( #2333 ), #599, .T. ) ;
#486 = ORIENTED_EDGE ( 'NONE', *, *, #2412, .T. ) ;
#487 = LINE ( 'NONE', #1263, #492 ) ;
#488 = ORIENTED_EDGE ( 'NONE', *, *, #764, .T. ) ;
#489 = CARTESIAN_POINT ( 'NONE',  ( 50.39315860611803544, -41.80749265595823516, 2.000000000000000000 ) ) ;
#490 = VERTEX_POINT ( 'NONE', #795 ) ;
#491 = DIRECTION ( 'NONE',  ( 1.000000000000000000, 0.000000000000000000, 0.000000000000000000 ) ) ;
#492 = VECTOR ( 'NONE', #281, 1000.000000000000000 ) ;
#493 = DIRECTION ( 'NONE',  ( 0.1744270986180039562, 0.9846700905723221320, 0.000000000000000000 ) ) ;
#494 = DIRECTION ( 'NONE',  ( -1.000000000000000000, -1.734723475976805201E-14, -0.000000000000000000 ) ) ;
#495 = CARTESIAN_POINT ( 'NONE',  ( -3.469381407048968136, 1.613894186815574505, 2.000000000000000000 ) ) ;
#496 = EDGE_CURVE ( 'NONE', #124, #1010, #1534, .T. ) ;
#497 = EDGE_CURVE ( 'NONE', #1006, #2232, #970, .T. ) ;
#498 = LINE ( 'NONE', #302, #1303 ) ;
#499 = VERTEX_POINT ( 'NONE', #1382 ) ;
#500 = CARTESIAN_POINT ( 'NONE',  ( 75.55235306823703922, -39.82018782540143320, 17.60005080010200373 ) ) ;
#501 = ORIENTED_EDGE ( 'NONE', *, *, #1987, .T. ) ;
#502 = DIRECTION ( 'NONE',  ( 0.000000000000000000, 0.000000000000000000, 1.000000000000000000 ) ) ;
#503 = PLANE ( 'NONE',  #348 ) ;
#504 = CARTESIAN_POINT ( 'NONE',  ( 23.53400000000021919, -25.58346420790083542, 18.00000000000000355 ) ) ;
#505 = VECTOR ( 'NONE', #328, 1000.000000000000000 ) ;
#506 = AXIS2_PLACEMENT_3D ( 'NONE', #2367, #1253, #101 ) ;
#507 = EDGE_CURVE ( 'NONE', #490, #2343, #81, .T. ) ;
#508 = CARTESIAN_POINT ( 'NONE',  ( 47.57370904462764116, -42.63963744139444145, 17.60005080010200373 ) ) ;
#509 = ORIENTED_EDGE ( 'NONE', *, *, #610, .F. ) ;
#510 = AXIS2_PLACEMENT_3D ( 'NONE', #1593, #2315, #1153 ) ;
#511 = EDGE_CURVE ( 'NONE', #2407, #1430, #1815, .T. ) ;
#512 = ORIENTED_EDGE ( 'NONE', *, *, #1490, .F. ) ;
#513 = ORIENTED_EDGE ( 'NONE', *, *, #1168, .T. ) ;
#514 = DIRECTION ( 'NONE',  ( -0.1744272787093719412, 0.9846700586704376645, 0.000000000000000000 ) ) ;
#515 = CARTESIAN_POINT ( 'NONE',  ( 23.19168866963214981, -29.58718633652914676, 17.60005080010200373 ) ) ;
#516 = DIRECTION ( 'NONE',  ( -1.000000000000000000, 2.286004426181961200E-10, 0.000000000000000000 ) ) ;
#517 = APPLICATION_CONTEXT ( 'configuration controlled 3d designs of mechanical parts and assemblies' ) ;
#518 = CARTESIAN_POINT ( 'NONE',  ( 66.40674153665216295, 23.20157548638062650, 2.000000000000000000 ) ) ;
#519 = VECTOR ( 'NONE', #1962, 1000.000000000000000 ) ;
#520 = LINE ( 'NONE', #873, #1265 ) ;
#521 = VECTOR ( 'NONE', #1596, 1000.000000000000000 ) ;
#522 = ORIENTED_EDGE ( 'NONE', *, *, #597, .T. ) ;
#523 = CARTESIAN_POINT ( 'NONE',  ( 64.44990244343566133, 25.84224064350814842, 17.60005080010200373 ) ) ;
#524 = ORIENTED_EDGE ( 'NONE', *, *, #2489, .F. ) ;
#525 = EDGE_CURVE ( 'NONE', #1161, #2468, #2293, .T. ) ;
#526 = LINE ( 'NONE', #1304, #241 ) ;
#527 = DIRECTION ( 'NONE',  ( -1.000000000000000000, 3.425922061151970707E-15, 0.000000000000000000 ) ) ;
#528 = VECTOR ( 'NONE', #152, 1000.000000000000000 ) ;
#529 = LINE ( 'NONE', #1307, #636 ) ;
#530 = AXIS2_PLACEMENT_3D ( 'NONE', #677, #1819, #1457 ) ;
#531 = DIRECTION ( 'NONE',  ( -0.1744272787093807120, -0.9846700586704359992, 0.000000000000000000 ) ) ;
#532 = EDGE_LOOP ( 'NONE', ( #1345, #774, #1621, #18 ) ) ;
#533 = DIRECTION ( 'NONE',  ( -0.000000000000000000, -0.000000000000000000, -1.000000000000000000 ) ) ;
#534 = ORIENTED_EDGE ( 'NONE', *, *, #1274, .F. ) ;
#535 = EDGE_CURVE ( 'NONE', #2432, #1911, #221, .T. ) ;
#536 = DIRECTION ( 'NONE',  ( -1.000000000000000000, 0.000000000000000000, 0.000000000000000000 ) ) ;
#537 = PLANE ( 'NONE',  #992 ) ;
#538 = CARTESIAN_POINT ( 'NONE',  ( 67.39141171262775742, 23.37600210288301383, 2.000000000000001776 ) ) ;
#539 = DIRECTION ( 'NONE',  ( -0.000000000000000000, -0.000000000000000000, -1.000000000000000000 ) ) ;
#540 = CARTESIAN_POINT ( 'NONE',  ( 64.44990257705030956, 26.84224064350813777, 17.60005080010200373 ) ) ;
#541 = ORIENTED_EDGE ( 'NONE', *, *, #707, .F. ) ;
#542 = VECTOR ( 'NONE', #1732, 1000.000000000000000 ) ;
#543 = CYLINDRICAL_SURFACE ( 'NONE', #1550, 3.987304639328483002 ) ;
#544 = EDGE_LOOP ( 'NONE', ( #134, #2398, #2228, #1205 ) ) ;
#545 = LINE ( 'NONE', #1673, #91 ) ;
#546 = CIRCLE ( 'NONE', #1919, 1.999999999999994449 ) ;
#547 = LINE ( 'NONE', #1305, #426 ) ;
#548 = ORIENTED_EDGE ( 'NONE', *, *, #2471, .F. ) ;
#549 = DIRECTION ( 'NONE',  ( -0.000000000000000000, -0.000000000000000000, -1.000000000000000000 ) ) ;
#550 = EDGE_CURVE ( 'NONE', #2393, #1867, #1745, .T. ) ;
#551 = EDGE_CURVE ( 'NONE', #439, #2124, #435, .T. ) ;
#552 = ADVANCED_FACE ( 'NONE', ( #1939 ), #1206, .T. ) ;
#553 = DIRECTION ( 'NONE',  ( -1.000000000000000000, 0.000000000000000000, 0.000000000000000000 ) ) ;
#554 = EDGE_CURVE ( 'NONE', #1991, #1161, #758, .T. ) ;
#555 = VECTOR ( 'NONE', #2452, 1000.000000000000000 ) ;
#556 = ORIENTED_EDGE ( 'NONE', *, *, #2219, .F. ) ;
#557 = AXIS2_PLACEMENT_3D ( 'NONE', #213, #1811, #401 ) ;
#558 = CARTESIAN_POINT ( 'NONE',  ( 68.37608177129823162, 23.55042938159238375, 17.60005080010200373 ) ) ;
#559 = DIRECTION ( 'NONE',  ( 0.9846700586704355551, -0.1744272787093839316, 0.000000000000000000 ) ) ;
#560 = CARTESIAN_POINT ( 'NONE',  ( 67.39141171262775742, 23.37600210288301383, 17.60005080010200373 ) ) ;
#561 = VERTEX_POINT ( 'NONE', #821 ) ;
#562 = DIRECTION ( 'NONE',  ( -1.000000000000000000, 1.682376999504554728E-14, 0.000000000000000000 ) ) ;
#563 = CARTESIAN_POINT ( 'NONE',  ( -18.73698837408095841, -39.82018782540143320, 141.8952659556790081 ) ) ;
#564 = AXIS2_PLACEMENT_3D ( 'NONE', #2337, #2110, #208 ) ;
#565 = DIRECTION ( 'NONE',  ( 0.000000000000000000, 0.000000000000000000, -1.000000000000000000 ) ) ;
#566 = EDGE_CURVE ( 'NONE', #55, #23, #2437, .T. ) ;
#567 = AXIS2_PLACEMENT_3D ( 'NONE', #127, #514, #2433 ) ;
#568 = ORIENTED_EDGE ( 'NONE', *, *, #2191, .F. ) ;
#569 = CARTESIAN_POINT ( 'NONE',  ( -7.634537350131957112, 22.85493600417956728, 17.60005080010200373 ) ) ;
#570 = FACE_OUTER_BOUND ( 'NONE', #963, .T. ) ;
#571 = VERTEX_POINT ( 'NONE', #462 ) ;
#572 = PLANE ( 'NONE',  #1027 ) ;
#573 = AXIS2_PLACEMENT_3D ( 'NONE', #2201, #1054, #1266 ) ;
#574 = CARTESIAN_POINT ( 'NONE',  ( 23.53400000000021919, -25.58346420790083542, 16.10000000000000142 ) ) ;
#575 = CARTESIAN_POINT ( 'NONE',  ( 23.20067256176208659, -28.58346420786892494, 141.8952659556790081 ) ) ;
#576 = CARTESIAN_POINT ( 'NONE',  ( 59.77774584720501849, -37.37518379134043300, 16.00000000000000000 ) ) ;
#577 = CARTESIAN_POINT ( 'NONE',  ( 59.77774584720503270, -37.37518379134043300, 16.00000000000000000 ) ) ;
#578 = ORIENTED_EDGE ( 'NONE', *, *, #368, .F. ) ;
#579 = SHAPE_DEFINITION_REPRESENTATION ( #818, #69 ) ;
#580 = EDGE_CURVE ( 'NONE', #822, #958, #270, .T. ) ;
#581 = CIRCLE ( 'NONE', #911, 3.050003810007501315 ) ;
#582 = LINE ( 'NONE', #15, #1234 ) ;
#583 = CARTESIAN_POINT ( 'NONE',  ( 23.53400000000021919, -25.58346420790083542, 16.10000000000000142 ) ) ;
#584 = CARTESIAN_POINT ( 'NONE',  ( -7.634537350131957112, 24.84224064350826566, 0.000000000000000000 ) ) ;
#585 = ORIENTED_EDGE ( 'NONE', *, *, #1002, .T. ) ;
#586 = VERTEX_POINT ( 'NONE', #1028 ) ;
#587 = AXIS2_PLACEMENT_3D ( 'NONE', #371, #1315, #2078 ) ;
#588 = DIRECTION ( 'NONE',  ( 1.000000000000000000, 0.000000000000000000, -0.000000000000000000 ) ) ;
#589 = DIRECTION ( 'NONE',  ( -0.000000000000000000, -0.000000000000000000, -1.000000000000000000 ) ) ;
#590 = AXIS2_PLACEMENT_3D ( 'NONE', #128, #2030, #894 ) ;
#591 = DIRECTION ( 'NONE',  ( 0.000000000000000000, 0.000000000000000000, 1.000000000000000000 ) ) ;
#592 = EDGE_LOOP ( 'NONE', ( #106, #2486 ) ) ;
#593 = DATE_AND_TIME ( #965, #52 ) ;
#594 = CIRCLE ( 'NONE', #156, 2.987304527073276983 ) ;
#595 = DIRECTION ( 'NONE',  ( -1.000000000000000000, 0.000000000000000000, -0.000000000000000000 ) ) ;
#596 = DIRECTION ( 'NONE',  ( 0.7071068499879341607, -0.7071067123851542124, 0.000000000000000000 ) ) ;
#597 = EDGE_CURVE ( 'NONE', #1898, #1704, #252, .T. ) ;
#598 = LINE ( 'NONE', #2079, #2402 ) ;
#599 = CYLINDRICAL_SURFACE ( 'NONE', #1967, 2.000000000000001776 ) ;
#600 = CARTESIAN_POINT ( 'NONE',  ( 64.44990257705030956, 24.84224064350797789, 0.000000000000000000 ) ) ;
#601 = CYLINDRICAL_SURFACE ( 'NONE', #1575, 3.050003810007501315 ) ;
#602 = ORIENTED_EDGE ( 'NONE', *, *, #1987, .F. ) ;
#603 = AXIS2_PLACEMENT_3D ( 'NONE', #2025, #2248, #1247 ) ;
#604 =( NAMED_UNIT ( * ) SI_UNIT ( $, .STERADIAN. ) SOLID_ANGLE_UNIT ( ) );
#605 = DIRECTION ( 'NONE',  ( 0.000000000000000000, 0.000000000000000000, -1.000000000000000000 ) ) ;
#606 = CARTESIAN_POINT ( 'NONE',  ( -18.73698889414401592, -42.80749265595895281, 17.60005080010200373 ) ) ;
#607 = ORIENTED_EDGE ( 'NONE', *, *, #1353, .F. ) ;
#608 = EDGE_CURVE ( 'NONE', #2343, #958, #257, .T. ) ;
#609 = EDGE_CURVE ( 'NONE', #2417, #1026, #1059, .T. ) ;
#610 = EDGE_CURVE ( 'NONE', #2481, #1767, #1042, .T. ) ;
#611 = CARTESIAN_POINT ( 'NONE',  ( 50.39315987161703703, -39.82018812888543380, 2.000000000000000000 ) ) ;
#612 = ORIENTED_EDGE ( 'NONE', *, *, #242, .F. ) ;
#613 = DIRECTION ( 'NONE',  ( -1.000000000000000000, 0.000000000000000000, 0.000000000000000000 ) ) ;
#614 = CC_DESIGN_APPROVAL ( #1456, ( #1308 ) ) ;
#615 = ORIENTED_EDGE ( 'NONE', *, *, #2504, .T. ) ;
#616 = EDGE_CURVE ( 'NONE', #830, #1829, #2420, .T. ) ;
#617 = CARTESIAN_POINT ( 'NONE',  ( 33.73400000000005861, -28.58346421027685125, 141.8952659556790081 ) ) ;
#618 = VERTEX_POINT ( 'NONE', #298 ) ;
#619 = ORIENTED_EDGE ( 'NONE', *, *, #1197, .T. ) ;
#620 = VECTOR ( 'NONE', #85, 1000.000000000000000 ) ;
#621 = DIRECTION ( 'NONE',  ( 0.000000000000000000, 0.000000000000000000, 1.000000000000000000 ) ) ;
#622 = VERTEX_POINT ( 'NONE', #1237 ) ;
#623 = VECTOR ( 'NONE', #1730, 999.9999999999998863 ) ;
#624 = CARTESIAN_POINT ( 'NONE',  ( 68.37608177129817477, 23.55042938159237309, 2.000000000000000000 ) ) ;
#625 = ORIENTED_EDGE ( 'NONE', *, *, #351, .F. ) ;
#626 = CARTESIAN_POINT ( 'NONE',  ( 23.53400000000005576, -28.58346420958847389, 17.60005080010200018 ) ) ;
#627 = CC_DESIGN_PERSON_AND_ORGANIZATION_ASSIGNMENT ( #1738, #2301, ( #1209 ) ) ;
#628 = ORIENTED_EDGE ( 'NONE', *, *, #1491, .F. ) ;
#629 = DIRECTION ( 'NONE',  ( 0.000000000000000000, 0.000000000000000000, -1.000000000000000000 ) ) ;
#630 = EDGE_CURVE ( 'NONE', #2040, #1165, #1431, .T. ) ;
#631 = AXIS2_PLACEMENT_3D ( 'NONE', #2026, #110, #1417 ) ;
#632 = ADVANCED_FACE ( 'NONE', ( #2192 ), #866, .F. ) ;
#633 = ORIENTED_EDGE ( 'NONE', *, *, #525, .F. ) ;
#634 = LINE ( 'NONE', #1607, #264 ) ;
#635 = ORIENTED_EDGE ( 'NONE', *, *, #1168, .F. ) ;
#636 = VECTOR ( 'NONE', #349, 1000.000000000000000 ) ;
#637 = LINE ( 'NONE', #1419, #1995 ) ;
#638 = DIRECTION ( 'NONE',  ( -0.000000000000000000, -0.000000000000000000, -1.000000000000000000 ) ) ;
#639 = ORIENTED_EDGE ( 'NONE', *, *, #2282, .T. ) ;
#640 = DIRECTION ( 'NONE',  ( 1.000000000000000000, 0.000000000000000000, 0.000000000000000000 ) ) ;
#641 = ORIENTED_EDGE ( 'NONE', *, *, #1084, .F. ) ;
#642 = FACE_OUTER_BOUND ( 'NONE', #2187, .T. ) ;
#643 = DIRECTION ( 'NONE',  ( -0.000000000000000000, -0.000000000000000000, -1.000000000000000000 ) ) ;
#644 = ORIENTED_EDGE ( 'NONE', *, *, #1140, .F. ) ;
#645 = EDGE_CURVE ( 'NONE', #877, #423, #2061, .T. ) ;
#646 = ORIENTED_EDGE ( 'NONE', *, *, #1333, .F. ) ;
#647 = AXIS2_PLACEMENT_3D ( 'NONE', #2077, #217, #1579 ) ;
#648 = CYLINDRICAL_SURFACE ( 'NONE', #1887, 3.987304527073201488 ) ;
#649 = ORIENTED_EDGE ( 'NONE', *, *, #2205, .F. ) ;
#650 = AXIS2_PLACEMENT_3D ( 'NONE', #2291, #559, #148 ) ;
#651 = CARTESIAN_POINT ( 'NONE',  ( -0.7723773430414723196, -37.37518379134043300, 16.00000000000000000 ) ) ;
#652 = CARTESIAN_POINT ( 'NONE',  ( 23.20067319855387566, -29.58346420787942321, 17.60005080010200373 ) ) ;
#653 = ORIENTED_EDGE ( 'NONE', *, *, #1970, .F. ) ;
#654 = PLANE ( 'NONE',  #25 ) ;
#655 = CARTESIAN_POINT ( 'NONE',  ( -0.4193775970414547749, 1.613894186815568066, 16.00000000000000000 ) ) ;
#656 = ORIENTED_EDGE ( 'NONE', *, *, #1566, .F. ) ;
#657 = FACE_OUTER_BOUND ( 'NONE', #1983, .T. ) ;
#658 = ORIENTED_EDGE ( 'NONE', *, *, #580, .F. ) ;
#659 = CARTESIAN_POINT ( 'NONE',  ( -21.72429320463857749, -39.82018782540143320, 2.000000000000000000 ) ) ;
#660 = ORIENTED_EDGE ( 'NONE', *, *, #1067, .F. ) ;
#661 = EDGE_CURVE ( 'NONE', #1659, #805, #447, .T. ) ;
#662 = DIRECTION ( 'NONE',  ( 0.000000000000000000, 0.000000000000000000, 1.000000000000000000 ) ) ;
#663 = ORIENTED_EDGE ( 'NONE', *, *, #256, .F. ) ;
#664 = CYLINDRICAL_SURFACE ( 'NONE', #1487, 2.987304830556952950 ) ;
#665 = ORIENTED_EDGE ( 'NONE', *, *, #1954, .T. ) ;
#666 = DIRECTION ( 'NONE',  ( -1.000000000000000000, 0.000000000000000000, 0.000000000000000000 ) ) ;
#667 = DIRECTION ( 'NONE',  ( 1.000000000000000000, 0.000000000000000000, 0.000000000000000000 ) ) ;
#668 = ORIENTED_EDGE ( 'NONE', *, *, #535, .F. ) ;
#669 = AXIS2_PLACEMENT_3D ( 'NONE', #283, #1454, #1080 ) ;
#670 = CARTESIAN_POINT ( 'NONE',  ( 9.432128831383300493, -41.93253007232492990, 17.60005080010200373 ) ) ;
#671 = VERTEX_POINT ( 'NONE', #852 ) ;
#672 = CIRCLE ( 'NONE', #1611, 2.000000000000000000 ) ;
#673 = DIRECTION ( 'NONE',  ( -1.000000000000000000, 2.951054736835858196E-14, 0.000000000000000000 ) ) ;
#674 = VERTEX_POINT ( 'NONE', #1988 ) ;
#675 = EDGE_CURVE ( 'NONE', #801, #2343, #1648, .T. ) ;
#676 = EDGE_CURVE ( 'NONE', #1010, #1659, #2217, .T. ) ;
#677 = CARTESIAN_POINT ( 'NONE',  ( 75.55235341420907957, -41.80749265595838438, 2.000000000000000000 ) ) ;
#678 = DIRECTION ( 'NONE',  ( 0.000000000000000000, 0.000000000000000000, 1.000000000000000000 ) ) ;
#679 = AXIS2_PLACEMENT_3D ( 'NONE', #1407, #450, #783 ) ;
#680 = LINE ( 'NONE', #1664, #1799 ) ;
#681 = CIRCLE ( 'NONE', #1001, 2.987304830556952950 ) ;
#682 = DIRECTION ( 'NONE',  ( -0.7071067123851209058, 0.7071068499879675784, 0.000000000000000000 ) ) ;
#683 = DIRECTION ( 'NONE',  ( 0.000000000000000000, 0.000000000000000000, 1.000000000000000000 ) ) ;
#684 = CARTESIAN_POINT ( 'NONE',  ( -2.822381153048971747, -37.37518379134043300, 16.00000000000000000 ) ) ;
#685 = ORIENTED_EDGE ( 'NONE', *, *, #694, .T. ) ;
#686 = DIRECTION ( 'NONE',  ( 1.000000000000000000, 0.000000000000000000, 0.000000000000000000 ) ) ;
#687 = EDGE_LOOP ( 'NONE', ( #94, #977, #2207, #2388 ) ) ;
#688 = AXIS2_PLACEMENT_3D ( 'NONE', #1655, #142, #2454 ) ;
#689 = DIRECTION ( 'NONE',  ( -0.000000000000000000, -0.000000000000000000, -1.000000000000000000 ) ) ;
#690 = AXIS2_PLACEMENT_3D ( 'NONE', #1633, #2121, #778 ) ;
#691 = DIRECTION ( 'NONE',  ( 1.000000000000000000, 0.000000000000000000, 0.000000000000000000 ) ) ;
#692 = ADVANCED_FACE ( 'NONE', ( #1805 ), #1174, .T. ) ;
#693 = CARTESIAN_POINT ( 'NONE',  ( -7.634537615664957144, 24.84224064350827987, 2.000000000000000000 ) ) ;
#694 = EDGE_CURVE ( 'NONE', #1991, #1798, #1868, .T. ) ;
#695 = CARTESIAN_POINT ( 'NONE',  ( 65.99975753122804178, 9.106909172845567113, 2.000000000000000000 ) ) ;
#696 = ORIENTED_EDGE ( 'NONE', *, *, #1731, .F. ) ;
#697 = VECTOR ( 'NONE', #710, 1000.000000000000000 ) ;
#698 = CARTESIAN_POINT ( 'NONE',  ( 23.53399999999999892, -29.58346420790083542, 16.10000000000000142 ) ) ;
#699 = ORIENTED_EDGE ( 'NONE', *, *, #2173, .F. ) ;
#700 = ORIENTED_EDGE ( 'NONE', *, *, #1337, .F. ) ;
#701 = CARTESIAN_POINT ( 'NONE',  ( 59.77774584720503270, -37.37518379134043300, 16.00000000000000000 ) ) ;
#702 = CARTESIAN_POINT ( 'NONE',  ( 33.73400000000000176, -29.58346420790139319, 17.60005080010200373 ) ) ;
#703 = ORIENTED_EDGE ( 'NONE', *, *, #616, .T. ) ;
#704 = CARTESIAN_POINT ( 'NONE',  ( 34.52125436155819926, -29.58718529832850663, 2.000000000000000000 ) ) ;
#705 = AXIS2_PLACEMENT_3D ( 'NONE', #2487, #746, #957 ) ;
#706 = CARTESIAN_POINT ( 'NONE',  ( 64.44990257705030956, 24.84224064350826922, 2.000000000000000000 ) ) ;
#707 = EDGE_CURVE ( 'NONE', #1820, #490, #763, .T. ) ;
#708 = ORIENTED_EDGE ( 'NONE', *, *, #610, .T. ) ;
#709 = CIRCLE ( 'NONE', #307, 1.999999999999997780 ) ;
#710 = DIRECTION ( 'NONE',  ( -0.000000000000000000, -0.000000000000000000, -1.000000000000000000 ) ) ;
#711 = ORIENTED_EDGE ( 'NONE', *, *, #1155, .T. ) ;
#712 = CIRCLE ( 'NONE', #995, 1.999999999999999778 ) ;
#713 = CARTESIAN_POINT ( 'NONE',  ( -7.634537350130853994, -41.80749265595863307, 0.000000000000000000 ) ) ;
#714 = CARTESIAN_POINT ( 'NONE',  ( 7.319784197698041339, -39.82018812888543380, 2.000000000000000000 ) ) ;
#715 = DIRECTION ( 'NONE',  ( -0.000000000000000000, -0.000000000000000000, -1.000000000000000000 ) ) ;
#716 = AXIS2_PLACEMENT_3D ( 'NONE', #923, #908, #1698 ) ;
#717 = CARTESIAN_POINT ( 'NONE',  ( 22.48454084227132199, -28.88012060628316391, 141.8952659556790081 ) ) ;
#718 = EDGE_CURVE ( 'NONE', #432, #2242, #2206, .T. ) ;
#719 = ORIENTED_EDGE ( 'NONE', *, *, #1000, .F. ) ;
#720 = EDGE_CURVE ( 'NONE', #143, #1465, #850, .T. ) ;
#721 = CARTESIAN_POINT ( 'NONE',  ( -0.7723773430414723196, -37.37518379134043300, 16.00000000000000000 ) ) ;
#722 = ORIENTED_EDGE ( 'NONE', *, *, #2235, .F. ) ;
#723 = CARTESIAN_POINT ( 'NONE',  ( 64.44990257705030956, 26.84224064350826566, 2.000000000000000000 ) ) ;
#724 = CARTESIAN_POINT ( 'NONE',  ( 47.57370904462766958, -42.63963744139442014, 2.000000000000000000 ) ) ;
#725 = DIRECTION ( 'NONE',  ( 0.000000000000000000, 0.000000000000000000, 1.000000000000000000 ) ) ;
#726 = DIRECTION ( 'NONE',  ( -0.000000000000000000, -0.000000000000000000, -1.000000000000000000 ) ) ;
#727 = CARTESIAN_POINT ( 'NONE',  ( 64.44990244343566133, 25.84224064350812355, 141.8952659556790081 ) ) ;
#728 = ORIENTED_EDGE ( 'NONE', *, *, #1855, .T. ) ;
#729 = CARTESIAN_POINT ( 'NONE',  ( 23.20067319855387566, -29.58346420790081766, 2.000000000000000000 ) ) ;
#730 = ORIENTED_EDGE ( 'NONE', *, *, #2504, .F. ) ;
#731 = LOCAL_TIME ( 20, 55, 6.000000000000000000, #1957 ) ;
#732 = ORIENTED_EDGE ( 'NONE', *, *, #1747, .T. ) ;
#733 = FACE_OUTER_BOUND ( 'NONE', #442, .T. ) ;
#734 = FACE_OUTER_BOUND ( 'NONE', #271, .T. ) ;
#735 = EDGE_CURVE ( 'NONE', #988, #2374, #526, .T. ) ;
#736 = CARTESIAN_POINT ( 'NONE',  ( 34.52125436155819926, -29.58718529832850663, 2.000000000000000000 ) ) ;
#737 = CARTESIAN_POINT ( 'NONE',  ( 64.44990204428803793, 22.85493600417956728, 2.000000000000000000 ) ) ;
#738 = DIRECTION ( 'NONE',  ( -0.000000000000000000, -0.000000000000000000, -1.000000000000000000 ) ) ;
#739 = ORIENTED_EDGE ( 'NONE', *, *, #910, .T. ) ;
#740 = CARTESIAN_POINT ( 'NONE',  ( -11.56071731250153078, 23.55042805294797503, 2.000000000000000000 ) ) ;
#741 = ORIENTED_EDGE ( 'NONE', *, *, #2094, .F. ) ;
#742 = CYLINDRICAL_SURFACE ( 'NONE', #567, 1.999999999999998224 ) ;
#743 = CIRCLE ( 'NONE', #113, 2.987304527073481708 ) ;
#744 = DIRECTION ( 'NONE',  ( 0.000000000000000000, 0.000000000000000000, 1.000000000000000000 ) ) ;
#745 = ORIENTED_EDGE ( 'NONE', *, *, #2356, .F. ) ;
#746 = DIRECTION ( 'NONE',  ( -0.000000000000000000, -0.000000000000000000, -1.000000000000000000 ) ) ;
#747 = EDGE_LOOP ( 'NONE', ( #1186, #739, #1741, #1630 ) ) ;
#748 = EDGE_CURVE ( 'NONE', #2124, #2041, #2100, .T. ) ;
#749 = DIRECTION ( 'NONE',  ( -0.000000000000000000, -0.000000000000000000, -1.000000000000000000 ) ) ;
#750 = CARTESIAN_POINT ( 'NONE',  ( 65.99975753122802757, 9.106909172845574219, 2.000000000000000000 ) ) ;
#751 = AXIS2_PLACEMENT_3D ( 'NONE', #737, #2285, #363 ) ;
#752 = ORIENTED_EDGE ( 'NONE', *, *, #1016, .F. ) ;
#753 = VECTOR ( 'NONE', #1724, 1000.000000000000000 ) ;
#754 = PERSON_AND_ORGANIZATION ( #1551, #978 ) ;
#755 = CARTESIAN_POINT ( 'NONE',  ( 35.22836159348590002, -28.88007896784919382, 2.000000000000000000 ) ) ;
#756 = FACE_OUTER_BOUND ( 'NONE', #1549, .T. ) ;
#757 = DIRECTION ( 'NONE',  ( 1.000000000000000000, 0.000000000000000000, 0.000000000000000000 ) ) ;
#758 = LINE ( 'NONE', #1766, #1878 ) ;
#759 = DIRECTION ( 'NONE',  ( -0.000000000000000000, -0.000000000000000000, -1.000000000000000000 ) ) ;
#760 = AXIS2_PLACEMENT_3D ( 'NONE', #790, #16, #843 ) ;
#761 = ADVANCED_FACE ( 'NONE', ( #1695 ), #892, .F. ) ;
#762 = CARTESIAN_POINT ( 'NONE',  ( -1.419377597041468597, 1.613894186815574727, 16.00000000000000000 ) ) ;
#763 = CIRCLE ( 'NONE', #1744, 3.987304830557661273 ) ;
#764 = EDGE_CURVE ( 'NONE', #1201, #927, #545, .T. ) ;
#765 = ORIENTED_EDGE ( 'NONE', *, *, #2094, .T. ) ;
#766 = PERSON_AND_ORGANIZATION_ROLE ( 'design_supplier' ) ;
#767 = CARTESIAN_POINT ( 'NONE',  ( -3.469381407048968136, 1.613894186815574505, 16.00000000000000000 ) ) ;
#768 = CARTESIAN_POINT ( 'NONE',  ( 61.82774965721252158, -37.37518379134043300, 2.000000000000000000 ) ) ;
#769 = EDGE_LOOP ( 'NONE', ( #696, #1251 ) ) ;
#770 = DIRECTION ( 'NONE',  ( -1.000000000000000000, 0.000000000000000000, 0.000000000000000000 ) ) ;
#771 = DIRECTION ( 'NONE',  ( 0.000000000000000000, 0.000000000000000000, 1.000000000000000000 ) ) ;
#772 = LINE ( 'NONE', #35, #1928 ) ;
#773 = DIRECTION ( 'NONE',  ( 1.000000000000000000, 0.000000000000000000, 0.000000000000000000 ) ) ;
#774 = ORIENTED_EDGE ( 'NONE', *, *, #608, .F. ) ;
#775 = ADVANCED_FACE ( 'NONE', ( #733 ), #1516, .T. ) ;
#776 = EDGE_CURVE ( 'NONE', #1165, #1703, #171, .T. ) ;
#777 = DATE_TIME_ROLE ( 'creation_date' ) ;
#778 = DIRECTION ( 'NONE',  ( -0.7071072314661633884, 0.7071063309066449865, 0.000000000000000000 ) ) ;
#779 = FACE_OUTER_BOUND ( 'NONE', #1412, .T. ) ;
#780 = ORIENTED_EDGE ( 'NONE', *, *, #2053, .F. ) ;
#781 = AXIS2_PLACEMENT_3D ( 'NONE', #1109, #744, #1882 ) ;
#782 = FACE_OUTER_BOUND ( 'NONE', #1606, .T. ) ;
#783 = DIRECTION ( 'NONE',  ( 1.000000000000000000, 0.000000000000000000, 0.000000000000000000 ) ) ;
#784 = AXIS2_PLACEMENT_3D ( 'NONE', #212, #20, #1585 ) ;
#785 = CARTESIAN_POINT ( 'NONE',  ( -2.822381153048971747, -37.37518379134043300, 2.000000000000000000 ) ) ;
#786 = ORIENTED_EDGE ( 'NONE', *, *, #776, .F. ) ;
#787 = AXIS2_PLACEMENT_3D ( 'NONE', #1158, #715, #2259 ) ;
#788 = ADVANCED_FACE ( 'NONE', ( #1481 ), #1716, .T. ) ;
#789 = VECTOR ( 'NONE', #1943, 1000.000000000000000 ) ;
#790 = CARTESIAN_POINT ( 'NONE',  ( 23.20067320664404775, -29.59616878577443444, 17.60005080010200373 ) ) ;
#791 = CARTESIAN_POINT ( 'NONE',  ( 22.48454084166794686, -28.88012060567986339, 17.60005080010200373 ) ) ;
#792 = EDGE_LOOP ( 'NONE', ( #653, #2162, #472, #2365 ) ) ;
#793 = EDGE_CURVE ( 'NONE', #23, #490, #1979, .T. ) ;
#794 = FACE_OUTER_BOUND ( 'NONE', #2345, .T. ) ;
#795 = CARTESIAN_POINT ( 'NONE',  ( -22.72429320463861657, -39.82018782540143320, 2.000000000000000000 ) ) ;
#796 = ORIENTED_EDGE ( 'NONE', *, *, #1647, .T. ) ;
#797 = CYLINDRICAL_SURFACE ( 'NONE', #784, 2.050003810007500427 ) ;
#798 = EDGE_LOOP ( 'NONE', ( #708, #1377, #607, #1781 ) ) ;
#799 = DIRECTION ( 'NONE',  ( 0.7071063309062657343, -0.7071072314661615010, -7.340918703572009256E-07 ) ) ;
#800 = FACE_BOUND ( 'NONE', #469, .T. ) ;
#801 = VERTEX_POINT ( 'NONE', #2267 ) ;
#802 = AXIS2_PLACEMENT_3D ( 'NONE', #695, #1476, #1289 ) ;
#803 = CALENDAR_DATE ( 2026, 13, 9 ) ;
#804 = LINE ( 'NONE', #2111, #1849 ) ;
#805 = VERTEX_POINT ( 'NONE', #1108 ) ;
#806 = FACE_OUTER_BOUND ( 'NONE', #1978, .T. ) ;
#807 = EDGE_CURVE ( 'NONE', #266, #2202, #5, .T. ) ;
#808 = ADVANCED_FACE ( 'NONE', ( #1861 ), #1130, .F. ) ;
#809 = DIRECTION ( 'NONE',  ( 1.000000000000000000, 0.000000000000000000, 0.000000000000000000 ) ) ;
#810 = ORIENTED_EDGE ( 'NONE', *, *, #2284, .T. ) ;
#811 = CARTESIAN_POINT ( 'NONE',  ( 77.53965789879426040, -39.82018782540143320, 0.000000000000000000 ) ) ;
#812 = ORIENTED_EDGE ( 'NONE', *, *, #507, .T. ) ;
#813 = DIRECTION ( 'NONE',  ( 1.000000000000000000, 0.000000000000000000, 0.000000000000000000 ) ) ;
#814 = EDGE_LOOP ( 'NONE', ( #1425, #1434, #2316, #1238 ) ) ;
#815 = ORIENTED_EDGE ( 'NONE', *, *, #1956, .T. ) ;
#816 = DIRECTION ( 'NONE',  ( -0.000000000000000000, -0.000000000000000000, -1.000000000000000000 ) ) ;
#817 = ORIENTED_EDGE ( 'NONE', *, *, #237, .T. ) ;
#818 = PRODUCT_DEFINITION_SHAPE ( 'NONE', 'NONE',  #2152 ) ;
#819 = VECTOR ( 'NONE', #1545, 1000.000000000000000 ) ;
#820 = DIRECTION ( 'NONE',  ( -1.000000000000000000, -4.527083619357869128E-15, 0.000000000000000000 ) ) ;
#821 = CARTESIAN_POINT ( 'NONE',  ( -22.72429320463857039, -39.82018782540143320, 17.60005080010200373 ) ) ;
#822 = VERTEX_POINT ( 'NONE', #2243 ) ;
#823 = CARTESIAN_POINT ( 'NONE',  ( 78.49386288221843699, -39.29912145254444056, 2.000000000000000000 ) ) ;
#824 = EDGE_CURVE ( 'NONE', #1619, #55, #370, .T. ) ;
#825 = ADVANCED_FACE ( 'NONE', ( #943 ), #742, .T. ) ;
#826 = VERTEX_POINT ( 'NONE', #1119 ) ;
#827 = VECTOR ( 'NONE', #17, 1000.000000000000000 ) ;
#828 = LINE ( 'NONE', #617, #789 ) ;
#829 = AXIS2_PLACEMENT_3D ( 'NONE', #854, #1030, #1674 ) ;
#830 = VERTEX_POINT ( 'NONE', #320 ) ;
#831 = VERTEX_POINT ( 'NONE', #344 ) ;
#832 = LINE ( 'NONE', #848, #2081 ) ;
#833 = ORIENTED_EDGE ( 'NONE', *, *, #1956, .F. ) ;
#834 = VECTOR ( 'NONE', #2246, 1000.000000000000114 ) ;
#835 = CARTESIAN_POINT ( 'NONE',  ( -2.822381153048971747, -37.37518379134043300, 2.000000000000000000 ) ) ;
#836 = ORIENTED_EDGE ( 'NONE', *, *, #952, .T. ) ;
#837 = DIRECTION ( 'NONE',  ( 1.000000000000000000, 0.000000000000000000, 0.000000000000000000 ) ) ;
#838 = AXIS2_PLACEMENT_3D ( 'NONE', #9, #2163, #2148 ) ;
#839 = VERTEX_POINT ( 'NONE', #918 ) ;
#840 = CARTESIAN_POINT ( 'NONE',  ( 65.99975753122802757, 9.106909172845574219, 16.00000000000000000 ) ) ;
#841 = ORIENTED_EDGE ( 'NONE', *, *, #735, .F. ) ;
#842 = CYLINDRICAL_SURFACE ( 'NONE', #1281, 3.050003810007499538 ) ;
#843 = DIRECTION ( 'NONE',  ( -1.000000000000000000, 0.000000000000000000, 0.000000000000000000 ) ) ;
#844 = EDGE_CURVE ( 'NONE', #2374, #1627, #207, .T. ) ;
#845 = ORIENTED_EDGE ( 'NONE', *, *, #2439, .T. ) ;
#846 = EDGE_CURVE ( 'NONE', #805, #2376, #1682, .T. ) ;
#847 = AXIS2_PLACEMENT_3D ( 'NONE', #2303, #2199, #2496 ) ;
#848 = CARTESIAN_POINT ( 'NONE',  ( 50.39315733253467045, -43.80749265595789410, 17.60005080010200373 ) ) ;
#849 = ORIENTED_EDGE ( 'NONE', *, *, #2053, .T. ) ;
#850 = CIRCLE ( 'NONE', #893, 2.050003810007499538 ) ;
#851 = DIRECTION ( 'NONE',  ( -0.000000000000000000, -0.000000000000000000, -1.000000000000000000 ) ) ;
#852 = CARTESIAN_POINT ( 'NONE',  ( -6.519385217056453463, 1.613894186815567622, 2.000000000000000000 ) ) ;
#853 = ORIENTED_EDGE ( 'NONE', *, *, #354, .T. ) ;
#854 = CARTESIAN_POINT ( 'NONE',  ( 7.319784197698041339, -39.82018812888543380, 17.60005080010200373 ) ) ;
#855 = ORIENTED_EDGE ( 'NONE', *, *, #566, .T. ) ;
#856 = DIRECTION ( 'NONE',  ( 1.000000000000000000, -1.745805121894683552E-14, 0.000000000000000000 ) ) ;
#857 = CARTESIAN_POINT ( 'NONE',  ( -0.7723773430414723196, -37.37518379134043300, 2.000000000000000000 ) ) ;
#858 = CIRCLE ( 'NONE', #2229, 3.987304830557272695 ) ;
#859 = ORIENTED_EDGE ( 'NONE', *, *, #675, .F. ) ;
#860 = CARTESIAN_POINT ( 'NONE',  ( -9.591377195160660563, 23.20157349552920678, 2.000000000000000000 ) ) ;
#861 = ORIENTED_EDGE ( 'NONE', *, *, #57, .T. ) ;
#862 = EDGE_CURVE ( 'NONE', #890, #865, #1505, .T. ) ;
#863 = EDGE_CURVE ( 'NONE', #2202, #1898, #2300, .T. ) ;
#864 = FACE_OUTER_BOUND ( 'NONE', #75, .T. ) ;
#865 = VERTEX_POINT ( 'NONE', #82 ) ;
#866 = PLANE ( 'NONE',  #2302 ) ;
#867 = LINE ( 'NONE', #464, #191 ) ;
#868 = CARTESIAN_POINT ( 'NONE',  ( -11.56071731250153078, 23.55042805294797503, 2.000000000000000000 ) ) ;
#869 = ORIENTED_EDGE ( 'NONE', *, *, #1016, .T. ) ;
#870 = DIRECTION ( 'NONE',  ( 0.000000000000000000, 0.000000000000000000, 1.000000000000000000 ) ) ;
#871 = DIRECTION ( 'NONE',  ( 0.7071067123851542124, 0.7071068499879341607, -0.000000000000000000 ) ) ;
#872 = AXIS2_PLACEMENT_3D ( 'NONE', #1645, #2227, #1232 ) ;
#873 = CARTESIAN_POINT ( 'NONE',  ( 35.22836159259686895, -28.88007896784919026, 141.8952659556790081 ) ) ;
#874 = VERTEX_POINT ( 'NONE', #755 ) ;
#875 = EDGE_CURVE ( 'NONE', #46, #402, #392, .T. ) ;
#876 = CARTESIAN_POINT ( 'NONE',  ( -3.469381407048953925, 1.613894186815567622, 16.00000000000000000 ) ) ;
#877 = VERTEX_POINT ( 'NONE', #1437 ) ;
#878 = ADVANCED_FACE ( 'NONE', ( #1230 ), #1355, .T. ) ;
#879 = CARTESIAN_POINT ( 'NONE',  ( 50.39315733253467045, -43.80749265595796516, 2.000000000000000000 ) ) ;
#880 = FACE_BOUND ( 'NONE', #458, .T. ) ;
#881 = AXIS2_PLACEMENT_3D ( 'NONE', #388, #549, #2490 ) ;
#882 = ADVANCED_FACE ( 'NONE', ( #1163 ), #2387, .F. ) ;
#883 = CIRCLE ( 'NONE', #1089, 1.012704577269159190 ) ;
#884 = DIRECTION ( 'NONE',  ( -0.000000000000000000, -0.000000000000000000, -1.000000000000000000 ) ) ;
#885 = AXIS2_PLACEMENT_3D ( 'NONE', #1017, #1181, #1392 ) ;
#886 = CARTESIAN_POINT ( 'NONE',  ( 79.47853300489639139, -39.12469453516818163, 17.60005080010200373 ) ) ;
#887 = DIRECTION ( 'NONE',  ( -5.459542549265563769E-14, -1.000000000000000000, -0.000000000000000000 ) ) ;
#888 = EDGE_LOOP ( 'NONE', ( #1786, #765, #1592, #1680 ) ) ;
#889 = DIRECTION ( 'NONE',  ( -0.000000000000000000, -0.000000000000000000, -1.000000000000000000 ) ) ;
#890 = VERTEX_POINT ( 'NONE', #1178 ) ;
#891 = VECTOR ( 'NONE', #2225, 1000.000000000000000 ) ;
#892 = PLANE ( 'NONE',  #1215 ) ;
#893 = AXIS2_PLACEMENT_3D ( 'NONE', #835, #1624, #1526 ) ;
#894 = DIRECTION ( 'NONE',  ( 1.000000000000000000, 0.000000000000000000, 0.000000000000000000 ) ) ;
#895 = EDGE_CURVE ( 'NONE', #402, #1586, #1705, .T. ) ;
#896 = EDGE_CURVE ( 'NONE', #1408, #2324, #2133, .T. ) ;
#897 = DIRECTION ( 'NONE',  ( 0.9999999949113257403, -5.551115094877960476E-14, 0.0001008828469860128477 ) ) ;
#898 = CARTESIAN_POINT ( 'NONE',  ( -4.872384963056471285, -37.37518379134043300, 16.00000000000000000 ) ) ;
#899 = ORIENTED_EDGE ( 'NONE', *, *, #1219, .T. ) ;
#900 = AXIS2_PLACEMENT_3D ( 'NONE', #1912, #889, #1671 ) ;
#901 = DIRECTION ( 'NONE',  ( -1.000000000000000000, 0.000000000000000000, 0.000000000000000000 ) ) ;
#902 = ORIENTED_EDGE ( 'NONE', *, *, #2375, .F. ) ;
#903 = ORIENTED_EDGE ( 'NONE', *, *, #1441, .T. ) ;
#904 = AXIS2_PLACEMENT_3D ( 'NONE', #1420, #502, #2379 ) ;
#905 = DIRECTION ( 'NONE',  ( -1.000000000000000000, 1.682376999504554728E-14, -0.000000000000000000 ) ) ;
#906 = CARTESIAN_POINT ( 'NONE',  ( 64.44990244343566133, 25.84224064350814842, 2.000000000000000000 ) ) ;
#907 = DIRECTION ( 'NONE',  ( 1.000000000000000000, -1.636430772471931646E-15, 0.000000000000000000 ) ) ;
#908 = DIRECTION ( 'NONE',  ( -0.000000000000000000, -0.000000000000000000, -1.000000000000000000 ) ) ;
#909 = VECTOR ( 'NONE', #851, 1000.000000000000000 ) ;
#910 = EDGE_CURVE ( 'NONE', #1867, #2310, #324, .T. ) ;
#911 = AXIS2_PLACEMENT_3D ( 'NONE', #290, #870, #1653 ) ;
#912 = CARTESIAN_POINT ( 'NONE',  ( 78.49386288221843699, -39.29912145254436240, 141.8952659556790081 ) ) ;
#913 = VERTEX_POINT ( 'NONE', #1763 ) ;
#914 = AXIS2_PLACEMENT_3D ( 'NONE', #2449, #1142, #527 ) ;
#915 = DIRECTION ( 'NONE',  ( 0.7071068499878868652, -0.7071067123851070280, 3.658771246199879240E-07 ) ) ;
#916 = EDGE_LOOP ( 'NONE', ( #625, #619, #2035, #1398 ) ) ;
#917 = AXIS2_PLACEMENT_3D ( 'NONE', #1444, #1283, #1239 ) ;
#918 = CARTESIAN_POINT ( 'NONE',  ( 64.44990244343566133, 25.84224064350812355, 2.000000000000000000 ) ) ;
#919 = DIRECTION ( 'NONE',  ( -0.7071068499870122315, 0.7071067123860761416, 0.000000000000000000 ) ) ;
#920 = ORIENTED_EDGE ( 'NONE', *, *, #1125, .T. ) ;
#921 = LINE ( 'NONE', #2436, #381 ) ;
#922 = AXIS2_PLACEMENT_3D ( 'NONE', #2211, #683, #2222 ) ;
#923 = CARTESIAN_POINT ( 'NONE',  ( 65.99975753122804178, 9.106909172845567113, 16.00000000000000000 ) ) ;
#924 = VECTOR ( 'NONE', #1547, 1000.000000000000000 ) ;
#925 = CC_DESIGN_DATE_AND_TIME_ASSIGNMENT ( #429, #777, ( #2152 ) ) ;
#926 = DIRECTION ( 'NONE',  ( 0.000000000000000000, 0.000000000000000000, 1.000000000000000000 ) ) ;
#927 = VERTEX_POINT ( 'NONE', #1389 ) ;
#928 = ADVANCED_FACE ( 'NONE', ( #1996 ), #990, .F. ) ;
#929 = FACE_OUTER_BOUND ( 'NONE', #2360, .T. ) ;
#930 = ORIENTED_EDGE ( 'NONE', *, *, #412, .F. ) ;
#931 = ORIENTED_EDGE ( 'NONE', *, *, #616, .F. ) ;
#932 = CARTESIAN_POINT ( 'NONE',  ( 23.20067319855398225, -27.58346420790081766, 2.000000000000000000 ) ) ;
#933 = CARTESIAN_POINT ( 'NONE',  ( 0.2276226569585416137, -37.37518379134043300, 2.000000000000000000 ) ) ;
#934 = CARTESIAN_POINT ( 'NONE',  ( -10.57604725383109567, 23.37600077423859446, 17.60005080010200373 ) ) ;
#935 = CIRCLE ( 'NONE', #2059, 2.987304830557622193 ) ;
#936 = DIRECTION ( 'NONE',  ( -1.000000000000000000, 0.000000000000000000, 0.000000000000000000 ) ) ;
#937 = CARTESIAN_POINT ( 'NONE',  ( 50.39315987161703703, -39.82018812888543380, 2.000000000000000000 ) ) ;
#938 = EDGE_LOOP ( 'NONE', ( #1669, #1758 ) ) ;
#939 = DIRECTION ( 'NONE',  ( 5.459542549265563769E-14, 1.000000000000000000, -0.000000000000000000 ) ) ;
#940 = ADVANCED_FACE ( 'NONE', ( #657 ), #2261, .T. ) ;
#941 = AXIS2_PLACEMENT_3D ( 'NONE', #157, #342, #1138 ) ;
#942 = EDGE_CURVE ( 'NONE', #48, #1081, #382, .T. ) ;
#943 = FACE_OUTER_BOUND ( 'NONE', #2466, .T. ) ;
#944 = DIRECTION ( 'NONE',  ( 1.000000000000000000, -1.682376999504554728E-14, 0.000000000000000000 ) ) ;
#945 = ORIENTED_EDGE ( 'NONE', *, *, #2312, .F. ) ;
#946 = FACE_OUTER_BOUND ( 'NONE', #155, .T. ) ;
#947 = DIRECTION ( 'NONE',  ( -0.9846700586704376645, -0.1744272787093719412, 0.000000000000000000 ) ) ;
#948 = DIRECTION ( 'NONE',  ( -0.000000000000000000, -0.000000000000000000, -1.000000000000000000 ) ) ;
#949 = ORIENTED_EDGE ( 'NONE', *, *, #354, .F. ) ;
#950 = VECTOR ( 'NONE', #2451, 1000.000000000000000 ) ;
#951 = PERSON_AND_ORGANIZATION_ROLE ( 'creator' ) ;
#952 = EDGE_CURVE ( 'NONE', #1018, #2103, #1905, .T. ) ;
#953 = CARTESIAN_POINT ( 'NONE',  ( -9.591376725934914305, 23.20157614438405247, 0.000000000000000000 ) ) ;
#954 = AXIS2_PLACEMENT_3D ( 'NONE', #1390, #393, #431 ) ;
#955 = DIRECTION ( 'NONE',  ( 1.000000000000000000, 0.000000000000000000, 0.000000000000000000 ) ) ;
#956 = EDGE_LOOP ( 'NONE', ( #1106, #1207, #2265, #513 ) ) ;
#957 = DIRECTION ( 'NONE',  ( -1.000000000000000000, 0.000000000000000000, 0.000000000000000000 ) ) ;
#958 = VERTEX_POINT ( 'NONE', #1923 ) ;
#959 = EDGE_CURVE ( 'NONE', #2242, #499, #1784, .T. ) ;
#960 = LINE ( 'NONE', #2070, #2371 ) ;
#961 = DIRECTION ( 'NONE',  ( -0.000000000000000000, -0.000000000000000000, -1.000000000000000000 ) ) ;
#962 = AXIS2_PLACEMENT_3D ( 'NONE', #495, #1076, #1851 ) ;
#963 = EDGE_LOOP ( 'NONE', ( #780, #315, #730, #2087 ) ) ;
#964 = AXIS2_PLACEMENT_3D ( 'NONE', #1405, #398, #588 ) ;
#965 = CALENDAR_DATE ( 2026, 13, 9 ) ;
#966 = CARTESIAN_POINT ( 'NONE',  ( 79.47853300489639139, -39.12469453516818163, 17.60005080010200373 ) ) ;
#967 = DIRECTION ( 'NONE',  ( 0.9846701226779678295, 0.1744269173761773262, 0.000000000000000000 ) ) ;
#968 = VERTEX_POINT ( 'NONE', #966 ) ;
#969 = DIRECTION ( 'NONE',  ( 1.682376999504554728E-14, 1.000000000000000000, -0.000000000000000000 ) ) ;
#970 = LINE ( 'NONE', #2307, #521 ) ;
#971 = DIRECTION ( 'NONE',  ( 1.000000000000000000, 0.000000000000000000, 0.000000000000000000 ) ) ;
#972 = EDGE_CURVE ( 'NONE', #622, #1408, #1914, .T. ) ;
#973 = EDGE_CURVE ( 'NONE', #586, #2216, #1541, .T. ) ;
#974 = AXIS2_PLACEMENT_3D ( 'NONE', #860, #2058, #1827 ) ;
#975 = DIRECTION ( 'NONE',  ( 1.000000000000000000, -1.732691402935059651E-15, 0.000000000000000000 ) ) ;
#976 = AXIS2_PLACEMENT_3D ( 'NONE', #1469, #2230, #1282 ) ;
#977 = ORIENTED_EDGE ( 'NONE', *, *, #2172, .F. ) ;
#978 = ORGANIZATION ( 'æœª', 'æœª', '' ) ;
#979 = CARTESIAN_POINT ( 'NONE',  ( -7.634537350131957112, 22.85493600417956728, 0.000000000000000000 ) ) ;
#980 = CARTESIAN_POINT ( 'NONE',  ( -5.872384963056457075, -37.37518379134043300, 16.00000000000000000 ) ) ;
#981 = CARTESIAN_POINT ( 'NONE',  ( -7.634537350131957112, 22.85493600417956728, 2.000000000000000000 ) ) ;
#982 = FACE_OUTER_BOUND ( 'NONE', #1656, .T. ) ;
#983 = CARTESIAN_POINT ( 'NONE',  ( 35.93546778632850902, -28.17297159835263543, 2.000000000000000000 ) ) ;
#984 = DIRECTION ( 'NONE',  ( 0.7071068501193292777, 0.7071067122537589844, 0.000000000000000000 ) ) ;
#985 = ADVANCED_FACE ( 'NONE', ( #1739 ), #6, .F. ) ;
#986 = CARTESIAN_POINT ( 'NONE',  ( 35.22836159348590712, -28.88007896784919026, 17.60005080010200373 ) ) ;
#987 = EDGE_CURVE ( 'NONE', #1201, #2097, #2131, .T. ) ;
#988 = VERTEX_POINT ( 'NONE', #2034 ) ;
#989 = AXIS2_PLACEMENT_3D ( 'NONE', #1167, #162, #396 ) ;
#990 = PLANE ( 'NONE',  #1053 ) ;
#991 = CARTESIAN_POINT ( 'NONE',  ( 32.58542040590702982, -17.36502957865632979, 0.000000000000000000 ) ) ;
#992 = AXIS2_PLACEMENT_3D ( 'NONE', #2485, #1696, #919 ) ;
#993 = DIRECTION ( 'NONE',  ( 0.7071067123851534353, 0.7071068499879350489, 0.000000000000000000 ) ) ;
#994 = DIRECTION ( 'NONE',  ( -0.7071067123851222380, 0.7071068499879662461, 0.000000000000000000 ) ) ;
#995 = AXIS2_PLACEMENT_3D ( 'NONE', #2127, #1170, #994 ) ;
#996 = LINE ( 'NONE', #2335, #2170 ) ;
#997 = ORIENTED_EDGE ( 'NONE', *, *, #414, .F. ) ;
#998 = CIRCLE ( 'NONE', #76, 2.000000000000000000 ) ;
#999 = COORDINATED_UNIVERSAL_TIME_OFFSET ( 8, 0, .AHEAD. ) ;
#1000 = EDGE_CURVE ( 'NONE', #456, #988, #935, .T. ) ;
#1001 = AXIS2_PLACEMENT_3D ( 'NONE', #2154, #424, #1195 ) ;
#1002 = EDGE_CURVE ( 'NONE', #1718, #2310, #1742, .T. ) ;
#1003 = CARTESIAN_POINT ( 'NONE',  ( 35.93546778635114691, -28.17297159832999398, 0.000000000000000000 ) ) ;
#1004 = ORIENTED_EDGE ( 'NONE', *, *, #1280, .F. ) ;
#1005 = CARTESIAN_POINT ( 'NONE',  ( -18.73698906823510768, -41.80749265595883202, 2.000000000000000000 ) ) ;
#1006 = VERTEX_POINT ( 'NONE', #1488 ) ;
#1007 = CARTESIAN_POINT ( 'NONE',  ( -22.66316818272562728, -39.12469381250170386, 2.000000000000000000 ) ) ;
#1008 = ORIENTED_EDGE ( 'NONE', *, *, #1902, .F. ) ;
#1009 = DIRECTION ( 'NONE',  ( 1.000000000000000000, 0.000000000000000000, -0.000000000000000000 ) ) ;
#1010 = VERTEX_POINT ( 'NONE', #1298 ) ;
#1011 = AXIS2_PLACEMENT_3D ( 'NONE', #701, #2279, #1870 ) ;
#1012 = ORIENTED_EDGE ( 'NONE', *, *, #2219, .T. ) ;
#1013 = ADVANCED_FACE ( 'NONE', ( #2415 ), #1667, .T. ) ;
#1014 = CARTESIAN_POINT ( 'NONE',  ( 48.28081575701282446, -41.93253059140649697, 141.8952659556790081 ) ) ;
#1015 = ORIENTED_EDGE ( 'NONE', *, *, #597, .F. ) ;
#1016 = EDGE_CURVE ( 'NONE', #2249, #1023, #2011, .T. ) ;
#1017 = CARTESIAN_POINT ( 'NONE',  ( -3.469381407048953925, 1.613894186815567622, 16.00000000000000000 ) ) ;
#1018 = VERTEX_POINT ( 'NONE', #1103 ) ;
#1019 = DIRECTION ( 'NONE',  ( 1.000000000000000000, 0.000000000000000000, 0.000000000000000000 ) ) ;
#1020 = CIRCLE ( 'NONE', #98, 3.987304830557217183 ) ;
#1021 = ORIENTED_EDGE ( 'NONE', *, *, #2282, .F. ) ;
#1022 = DIRECTION ( 'NONE',  ( -0.000000000000000000, -0.000000000000000000, 1.000000000000000000 ) ) ;
#1023 = VERTEX_POINT ( 'NONE', #670 ) ;
#1024 = VERTEX_POINT ( 'NONE', #898 ) ;
#1025 = CARTESIAN_POINT ( 'NONE',  ( 50.39315733253469887, -41.80749265595701303, 0.000000000000000000 ) ) ;
#1026 = VERTEX_POINT ( 'NONE', #508 ) ;
#1027 = AXIS2_PLACEMENT_3D ( 'NONE', #981, #771, #1557 ) ;
#1028 = CARTESIAN_POINT ( 'NONE',  ( 62.94975372122053869, 9.106909172845567113, 16.00000000000000000 ) ) ;
#1029 = ORIENTED_EDGE ( 'NONE', *, *, #1566, .T. ) ;
#1030 = DIRECTION ( 'NONE',  ( 0.000000000000000000, 0.000000000000000000, -1.000000000000000000 ) ) ;
#1031 = EDGE_CURVE ( 'NONE', #2470, #1024, #3, .T. ) ;
#1032 = VECTOR ( 'NONE', #596, 1000.000000000000114 ) ;
#1033 = ADVANCED_FACE ( 'NONE', ( #1644 ), #2428, .T. ) ;
#1034 = DIRECTION ( 'NONE',  ( 1.734723475976805517E-14, -1.000000000000000000, 0.000000000000000000 ) ) ;
#1035 = LINE ( 'NONE', #2128, #481 ) ;
#1036 = VECTOR ( 'NONE', #2004, 1000.000000000000000 ) ;
#1037 = EDGE_LOOP ( 'NONE', ( #276, #1613, #59, #1773 ) ) ;
#1038 = DIRECTION ( 'NONE',  ( -0.000000000000000000, -0.000000000000000000, -1.000000000000000000 ) ) ;
#1039 = FACE_OUTER_BOUND ( 'NONE', #159, .T. ) ;
#1040 = ORIENTED_EDGE ( 'NONE', *, *, #1031, .F. ) ;
#1041 = AXIS2_PLACEMENT_3D ( 'NONE', #1182, #2334, #613 ) ;
#1042 = LINE ( 'NONE', #2029, #2141 ) ;
#1043 = ORIENTED_EDGE ( 'NONE', *, *, #1858, .F. ) ;
#1044 = DIRECTION ( 'NONE',  ( -0.000000000000000000, -0.000000000000000000, -1.000000000000000000 ) ) ;
#1045 = ORIENTED_EDGE ( 'NONE', *, *, #1337, .T. ) ;
#1046 = LINE ( 'NONE', #1075, #2115 ) ;
#1047 = CYLINDRICAL_SURFACE ( 'NONE', #312, 3.050003810007499538 ) ;
#1048 = ADVANCED_FACE ( 'NONE', ( #2213 ), #108, .T. ) ;
#1049 = EDGE_CURVE ( 'NONE', #2401, #31, #487, .T. ) ;
#1050 = EDGE_LOOP ( 'NONE', ( #258, #205, #61, #1321 ) ) ;
#1051 = DIRECTION ( 'NONE',  ( -0.000000000000000000, -0.000000000000000000, -1.000000000000000000 ) ) ;
#1052 = ORIENTED_EDGE ( 'NONE', *, *, #895, .F. ) ;
#1053 = AXIS2_PLACEMENT_3D ( 'NONE', #583, #1751, #595 ) ;
#1054 = DIRECTION ( 'NONE',  ( 0.1744272787093832378, 0.9846700586704356661, 0.000000000000000000 ) ) ;
#1055 = ORIENTED_EDGE ( 'NONE', *, *, #42, .F. ) ;
#1056 = DIRECTION ( 'NONE',  ( 1.000000000000000000, 0.000000000000000000, 0.000000000000000000 ) ) ;
#1057 = CARTESIAN_POINT ( 'NONE',  ( 59.77774584720503270, -37.37518379134043300, 2.000000000000000000 ) ) ;
#1058 = CARTESIAN_POINT ( 'NONE',  ( 34.51227086267104482, -29.59616878577443444, 2.000000000000000000 ) ) ;
#1059 = CIRCLE ( 'NONE', #506, 3.987304527073229465 ) ;
#1060 = ORIENTED_EDGE ( 'NONE', *, *, #274, .T. ) ;
#1061 = PLANE ( 'NONE',  #2482 ) ;
#1062 = CYLINDRICAL_SURFACE ( 'NONE', #154, 2.987304527073276983 ) ;
#1063 = CIRCLE ( 'NONE', #941, 2.987304639328893341 ) ;
#1064 = ADVANCED_FACE ( 'NONE', ( #471 ), #1344, .T. ) ;
#1065 = EDGE_CURVE ( 'NONE', #1325, #874, #520, .T. ) ;
#1066 = DIRECTION ( 'NONE',  ( -0.9846700586704385527, -0.1744272787093671950, 0.000000000000000000 ) ) ;
#1067 = EDGE_CURVE ( 'NONE', #1718, #890, #88, .T. ) ;
#1068 = DIRECTION ( 'NONE',  ( 0.000000000000000000, 0.000000000000000000, 1.000000000000000000 ) ) ;
#1069 = ORIENTED_EDGE ( 'NONE', *, *, #1546, .F. ) ;
#1070 = AXIS2_PLACEMENT_3D ( 'NONE', #2476, #1927, #8 ) ;
#1071 = DIRECTION ( 'NONE',  ( -1.000000000000000000, -1.704313821783124685E-14, 0.000000000000000000 ) ) ;
#1072 = DIRECTION ( 'NONE',  ( 1.000000000000000000, 0.000000000000000000, 0.000000000000000000 ) ) ;
#1073 = AXIS2_PLACEMENT_3D ( 'NONE', #2168, #1211, #1980 ) ;
#1074 = ORIENTED_EDGE ( 'NONE', *, *, #1067, .T. ) ;
#1075 = CARTESIAN_POINT ( 'NONE',  ( 0.2276226569585416137, -37.37518379134043300, 16.00000000000000000 ) ) ;
#1076 = DIRECTION ( 'NONE',  ( -0.000000000000000000, -0.000000000000000000, -1.000000000000000000 ) ) ;
#1077 = CIRCLE ( 'NONE', #386, 3.050003810007499538 ) ;
#1078 = CARTESIAN_POINT ( 'NONE',  ( 33.73400000000005150, -28.58346420911098917, 16.10000000000000142 ) ) ;
#1079 = ORIENTED_EDGE ( 'NONE', *, *, #824, .T. ) ;
#1080 = DIRECTION ( 'NONE',  ( -1.000000000000000000, -5.240190786826334002E-15, 0.000000000000000000 ) ) ;
#1081 = VERTEX_POINT ( 'NONE', #1688 ) ;
#1082 = EDGE_CURVE ( 'NONE', #2249, #1175, #1464, .T. ) ;
#1083 = EDGE_LOOP ( 'NONE', ( #1489, #1258, #1890, #87 ) ) ;
#1084 = EDGE_CURVE ( 'NONE', #1023, #418, #498, .T. ) ;
#1085 = CARTESIAN_POINT ( 'NONE',  ( 10.13923606284937051, -42.63963640323172655, 2.000000000000000000 ) ) ;
#1086 = LINE ( 'NONE', #1821, #1245 ) ;
#1087 = CIRCLE ( 'NONE', #1620, 3.050003810007501315 ) ;
#1088 = CYLINDRICAL_SURFACE ( 'NONE', #705, 2.987304639328586475 ) ;
#1089 = AXIS2_PLACEMENT_3D ( 'NONE', #1953, #1022, #1410 ) ;
#1090 = CARTESIAN_POINT ( 'NONE',  ( 50.39315987161703703, -39.82018812888543380, 141.8952659556790081 ) ) ;
#1091 = DIRECTION ( 'NONE',  ( -1.000000000000000000, 0.000000000000000000, 0.000000000000000000 ) ) ;
#1092 = ORIENTED_EDGE ( 'NONE', *, *, #1331, .T. ) ;
#1093 = ORIENTED_EDGE ( 'NONE', *, *, #1519, .F. ) ;
#1094 = VERTEX_POINT ( 'NONE', #1078 ) ;
#1095 = VECTOR ( 'NONE', #2447, 1000.000000000000114 ) ;
#1096 = EDGE_CURVE ( 'NONE', #1094, #1911, #1852, .T. ) ;
#1097 = DIRECTION ( 'NONE',  ( 1.000000000000000000, 0.000000000000000000, 0.000000000000000000 ) ) ;
#1098 = AXIS2_PLACEMENT_3D ( 'NONE', #1341, #334, #536 ) ;
#1099 = DIRECTION ( 'NONE',  ( -1.000000000000000000, 1.636430772471931449E-15, 0.000000000000000000 ) ) ;
#1100 = CARTESIAN_POINT ( 'NONE',  ( 79.53965789879426040, -39.82018782540143320, 2.000000000000000000 ) ) ;
#1101 = ORIENTED_EDGE ( 'NONE', *, *, #182, .F. ) ;
#1102 = DIRECTION ( 'NONE',  ( 0.9846701173230036908, 0.1744269476058737667, 0.000000000000000000 ) ) ;
#1103 = CARTESIAN_POINT ( 'NONE',  ( 23.20067319855387566, -29.58346420787942321, 17.60005080010200373 ) ) ;
#1104 = EDGE_LOOP ( 'NONE', ( #1517, #1817, #658, #1343 ) ) ;
#1105 = CARTESIAN_POINT ( 'NONE',  ( -7.634537350131957112, 22.85493600417956728, 0.000000000000000000 ) ) ;
#1106 = ORIENTED_EDGE ( 'NONE', *, *, #2250, .T. ) ;
#1107 = ORIENTED_EDGE ( 'NONE', *, *, #676, .F. ) ;
#1108 = CARTESIAN_POINT ( 'NONE',  ( 75.55235324067227509, -41.80749265595838438, 0.000000000000000000 ) ) ;
#1109 = CARTESIAN_POINT ( 'NONE',  ( 59.77774584720501849, -37.37518379134043300, 16.00000000000000000 ) ) ;
#1110 = DIRECTION ( 'NONE',  ( -0.000000000000000000, -0.000000000000000000, -1.000000000000000000 ) ) ;
#1111 = EDGE_CURVE ( 'NONE', #2017, #2176, #1587, .T. ) ;
#1112 = CARTESIAN_POINT ( 'NONE',  ( 68.04976134123552356, 9.106909172845574219, 2.000000000000000000 ) ) ;
#1113 = ORIENTED_EDGE ( 'NONE', *, *, #1595, .F. ) ;
#1114 = VECTOR ( 'NONE', #2039, 1000.000000000000000 ) ;
#1115 = LINE ( 'NONE', #2073, #1273 ) ;
#1116 = ORIENTED_EDGE ( 'NONE', *, *, #1274, .T. ) ;
#1117 = ORIENTED_EDGE ( 'NONE', *, *, #511, .T. ) ;
#1118 = CIRCLE ( 'NONE', #267, 3.050003810007499538 ) ;
#1119 = CARTESIAN_POINT ( 'NONE',  ( -5.519385217056467674, 1.613894186815574505, 2.000000000000000000 ) ) ;
#1120 = CARTESIAN_POINT ( 'NONE',  ( -18.73698837408095841, -39.82018782540143320, 17.60005080010200373 ) ) ;
#1121 = VERTEX_POINT ( 'NONE', #2047 ) ;
#1122 = AXIS2_PLACEMENT_3D ( 'NONE', #1642, #105, #2046 ) ;
#1123 = CARTESIAN_POINT ( 'NONE',  ( 34.51227086267104482, -29.59616878577443444, 2.000000000000000000 ) ) ;
#1124 = AXIS2_PLACEMENT_3D ( 'NONE', #1173, #629, #37 ) ;
#1125 = EDGE_CURVE ( 'NONE', #674, #1700, #238, .T. ) ;
#1126 = CARTESIAN_POINT ( 'NONE',  ( 23.20067319855387566, -29.58346420787942321, 17.60005080010200373 ) ) ;
#1127 = EDGE_CURVE ( 'NONE', #2041, #1898, #1159, .T. ) ;
#1128 = EDGE_LOOP ( 'NONE', ( #1004, #1293 ) ) ;
#1129 = FACE_OUTER_BOUND ( 'NONE', #747, .T. ) ;
#1130 = PLANE ( 'NONE',  #650 ) ;
#1131 = DIRECTION ( 'NONE',  ( 1.000000000000000000, 0.000000000000000000, 0.000000000000000000 ) ) ;
#1132 = DIRECTION ( 'NONE',  ( -0.000000000000000000, -0.000000000000000000, -1.000000000000000000 ) ) ;
#1133 = CIRCLE ( 'NONE', #1504, 2.987304527073276983 ) ;
#1134 = LINE ( 'NONE', #437, #1770 ) ;
#1135 = DIRECTION ( 'NONE',  ( -1.000000000000000000, 4.776486298860258471E-12, 0.000000000000000000 ) ) ;
#1136 = VERTEX_POINT ( 'NONE', #762 ) ;
#1137 = ADVANCED_FACE ( 'NONE', ( #1509 ), #2116, .T. ) ;
#1138 = DIRECTION ( 'NONE',  ( -1.000000000000000000, 0.000000000000000000, 0.000000000000000000 ) ) ;
#1139 = VECTOR ( 'NONE', #169, 1000.000000000000000 ) ;
#1140 = EDGE_CURVE ( 'NONE', #111, #2193, #1133, .T. ) ;
#1141 = DIRECTION ( 'NONE',  ( 1.000000000000000000, 0.000000000000000000, 0.000000000000000000 ) ) ;
#1142 = DIRECTION ( 'NONE',  ( -0.000000000000000000, -0.000000000000000000, 1.000000000000000000 ) ) ;
#1143 = ORIENTED_EDGE ( 'NONE', *, *, #322, .T. ) ;
#1144 = DIRECTION ( 'NONE',  ( -0.000000000000000000, -0.000000000000000000, -1.000000000000000000 ) ) ;
#1145 = DIRECTION ( 'NONE',  ( 1.000000000000000000, -1.092345445153774048E-12, 0.000000000000000000 ) ) ;
#1146 = CARTESIAN_POINT ( 'NONE',  ( -7.634537350134710465, -27.58346420789913012, 0.000000000000000000 ) ) ;
#1147 = ORIENTED_EDGE ( 'NONE', *, *, #1306, .F. ) ;
#1148 = AXIS2_PLACEMENT_3D ( 'NONE', #141, #2064, #1832 ) ;
#1149 = PERSON_AND_ORGANIZATION ( #1551, #978 ) ;
#1150 = VECTOR ( 'NONE', #1935, 1000.000000000000000 ) ;
#1151 = DIRECTION ( 'NONE',  ( -0.000000000000000000, -0.000000000000000000, -1.000000000000000000 ) ) ;
#1152 = CIRCLE ( 'NONE', #590, 2.987304830557622193 ) ;
#1153 = DIRECTION ( 'NONE',  ( 1.000000000000000000, 0.000000000000000000, 0.000000000000000000 ) ) ;
#1154 = ORIENTED_EDGE ( 'NONE', *, *, #1582, .F. ) ;
#1155 = EDGE_CURVE ( 'NONE', #2468, #1161, #2023, .T. ) ;
#1156 = ORIENTED_EDGE ( 'NONE', *, *, #1082, .T. ) ;
#1157 = DIRECTION ( 'NONE',  ( 1.000000000000000000, 0.000000000000000000, 0.000000000000000000 ) ) ;
#1158 = CARTESIAN_POINT ( 'NONE',  ( -18.73698837408095841, -39.82018782540143320, 2.000000000000000000 ) ) ;
#1159 = LINE ( 'NONE', #1146, #528 ) ;
#1160 = AXIS2_PLACEMENT_3D ( 'NONE', #504, #2020, #1824 ) ;
#1161 = VERTEX_POINT ( 'NONE', #1112 ) ;
#1162 = AXIS2_PLACEMENT_3D ( 'NONE', #611, #243, #809 ) ;
#1163 = FACE_OUTER_BOUND ( 'NONE', #2179, .T. ) ;
#1164 = LINE ( 'NONE', #991, #827 ) ;
#1165 = VERTEX_POINT ( 'NONE', #2297 ) ;
#1166 = ADVANCED_FACE ( 'NONE', ( #176 ), #1466, .T. ) ;
#1167 = CARTESIAN_POINT ( 'NONE',  ( 59.77774584720501849, -37.37518379134043300, 16.00000000000000000 ) ) ;
#1168 = EDGE_CURVE ( 'NONE', #1586, #1812, #1521, .T. ) ;
#1169 = DIRECTION ( 'NONE',  ( 2.286004426181961200E-10, 1.000000000000000000, -0.000000000000000000 ) ) ;
#1170 = DIRECTION ( 'NONE',  ( 0.7071068452061214371, 0.7071067076032784282, -0.0001162974545942625575 ) ) ;
#1171 = AXIS2_PLACEMENT_3D ( 'NONE', #1363, #738, #553 ) ;
#1172 = DIRECTION ( 'NONE',  ( 1.000000000000000000, 0.000000000000000000, 0.000000000000000000 ) ) ;
#1173 = CARTESIAN_POINT ( 'NONE',  ( 28.42382987943403094, -10.53148712368742679, 17.60005080010200018 ) ) ;
#1174 = TOROIDAL_SURFACE ( 'NONE', #976, 1.987304639328732803, 2.000000000000000000 ) ;
#1175 = VERTEX_POINT ( 'NONE', #204 ) ;
#1176 = CALENDAR_DATE ( 2026, 13, 9 ) ;
#1177 = CIRCLE ( 'NONE', #2069, 1.999999999999997335 ) ;
#1178 = CARTESIAN_POINT ( 'NONE',  ( 66.40674153665179347, 23.20157548638056255, 0.000000000000000000 ) ) ;
#1179 = DIRECTION ( 'NONE',  ( 1.000000000000000000, 0.000000000000000000, 0.000000000000000000 ) ) ;
#1180 = DIRECTION ( 'NONE',  ( 0.000000000000000000, 0.000000000000000000, 1.000000000000000000 ) ) ;
#1181 = DIRECTION ( 'NONE',  ( 0.000000000000000000, 0.000000000000000000, 1.000000000000000000 ) ) ;
#1182 = CARTESIAN_POINT ( 'NONE',  ( 59.77774584720501849, -37.37518379134043300, 16.00000000000000000 ) ) ;
#1183 = EDGE_CURVE ( 'NONE', #1700, #674, #2098, .T. ) ;
#1184 = DIRECTION ( 'NONE',  ( 0.000000000000000000, 0.000000000000000000, 1.000000000000000000 ) ) ;
#1185 = EDGE_CURVE ( 'NONE', #2417, #1010, #2464, .T. ) ;
#1186 = ORIENTED_EDGE ( 'NONE', *, *, #550, .T. ) ;
#1187 = VECTOR ( 'NONE', #2306, 1000.000000000000114 ) ;
#1188 = ORIENTED_EDGE ( 'NONE', *, *, #226, .F. ) ;
#1189 = DIRECTION ( 'NONE',  ( 0.000000000000000000, 0.000000000000000000, 1.000000000000000000 ) ) ;
#1190 = VECTOR ( 'NONE', #1342, 1000.000000000000000 ) ;
#1191 = PLANE ( 'NONE',  #199 ) ;
#1192 = ORIENTED_EDGE ( 'NONE', *, *, #1531, .T. ) ;
#1193 = CARTESIAN_POINT ( 'NONE',  ( -0.4193775970414547749, 1.613894186815568066, 2.000000000000000000 ) ) ;
#1194 = ORIENTED_EDGE ( 'NONE', *, *, #1531, .F. ) ;
#1195 = DIRECTION ( 'NONE',  ( -1.000000000000000000, 0.000000000000000000, 0.000000000000000000 ) ) ;
#1196 = ORIENTED_EDGE ( 'NONE', *, *, #844, .F. ) ;
#1197 = EDGE_CURVE ( 'NONE', #1986, #1421, #2287, .T. ) ;
#1198 = EDGE_CURVE ( 'NONE', #2435, #839, #1932, .T. ) ;
#1199 = AXIS2_PLACEMENT_3D ( 'NONE', #576, #726, #1909 ) ;
#1200 = PERSON_AND_ORGANIZATION ( #1551, #978 ) ;
#1201 = VERTEX_POINT ( 'NONE', #390 ) ;
#1202 = AXIS2_PLACEMENT_3D ( 'NONE', #1699, #192, #1889 ) ;
#1203 = AXIS2_PLACEMENT_3D ( 'NONE', #2352, #410, #1930 ) ;
#1204 = CARTESIAN_POINT ( 'NONE',  ( 57.72774203719752251, -37.37518379134043300, 2.000000000000000000 ) ) ;
#1205 = ORIENTED_EDGE ( 'NONE', *, *, #896, .F. ) ;
#1206 = CYLINDRICAL_SURFACE ( 'NONE', #2441, 1.999999999999999778 ) ;
#1207 = ORIENTED_EDGE ( 'NONE', *, *, #2066, .T. ) ;
#1208 = DIRECTION ( 'NONE',  ( -0.000000000000000000, -0.000000000000000000, -1.000000000000000000 ) ) ;
#1209 = PRODUCT ( '\X2\906563a756685e9558f3\X0\', '\X2\906563a756685e9558f3\X0\', '', ( #2158 ) ) ;
#1210 = ORIENTED_EDGE ( 'NONE', *, *, #525, .T. ) ;
#1211 = DIRECTION ( 'NONE',  ( 0.000000000000000000, 0.000000000000000000, 1.000000000000000000 ) ) ;
#1212 = LINE ( 'NONE', #2234, #1334 ) ;
#1213 = AXIS2_PLACEMENT_3D ( 'NONE', #1553, #1538, #1141 ) ;
#1214 = EDGE_LOOP ( 'NONE', ( #2396, #185, #1210, #1301 ) ) ;
#1215 = AXIS2_PLACEMENT_3D ( 'NONE', #723, #2089, #2101 ) ;
#1216 = ORIENTED_EDGE ( 'NONE', *, *, #2296, .T. ) ;
#1217 = LINE ( 'NONE', #1985, #470 ) ;
#1218 = EDGE_LOOP ( 'NONE', ( #2429, #244, #1436, #1743 ) ) ;
#1219 = EDGE_CURVE ( 'NONE', #2103, #266, #1746, .T. ) ;
#1220 = DIRECTION ( 'NONE',  ( 0.7071068499870122315, -0.7071067123860761416, 0.000000000000000000 ) ) ;
#1221 = AXIS2_PLACEMENT_3D ( 'NONE', #1879, #939, #1904 ) ;
#1222 = CARTESIAN_POINT ( 'NONE',  ( 78.49386288221843699, -39.29912145254436240, 17.60005080010200373 ) ) ;
#1223 = ORIENTED_EDGE ( 'NONE', *, *, #630, .T. ) ;
#1224 = LINE ( 'NONE', #1990, #68 ) ;
#1225 = EDGE_LOOP ( 'NONE', ( #2146, #845, #421, #700, #1594 ) ) ;
#1226 = LINE ( 'NONE', #1992, #1883 ) ;
#1227 = CARTESIAN_POINT ( 'NONE',  ( -7.634537350131957112, 22.85493600417956728, 2.000000000000000000 ) ) ;
#1228 = ORIENTED_EDGE ( 'NONE', *, *, #42, .T. ) ;
#1229 = VECTOR ( 'NONE', #1846, 1000.000000000000000 ) ;
#1230 = FACE_OUTER_BOUND ( 'NONE', #2262, .T. ) ;
#1231 = ORIENTED_EDGE ( 'NONE', *, *, #511, .F. ) ;
#1232 = DIRECTION ( 'NONE',  ( -1.000000000000000000, 0.000000000000000000, 0.000000000000000000 ) ) ;
#1233 = EDGE_LOOP ( 'NONE', ( #1800, #84, #1737, #649 ) ) ;
#1234 = VECTOR ( 'NONE', #907, 1000.000000000000000 ) ;
#1235 = ADVANCED_FACE ( 'NONE', ( #1320 ), #2095, .F. ) ;
#1236 = EDGE_CURVE ( 'NONE', #1081, #376, #2492, .T. ) ;
#1237 = CARTESIAN_POINT ( 'NONE',  ( -20.69382800158115288, -39.47354800973768363, 0.000000000000000000 ) ) ;
#1238 = ORIENTED_EDGE ( 'NONE', *, *, #237, .F. ) ;
#1239 = DIRECTION ( 'NONE',  ( 1.000000000000000000, 0.000000000000000000, 0.000000000000000000 ) ) ;
#1240 = EDGE_LOOP ( 'NONE', ( #1999, #1231, #1443, #1468 ) ) ;
#1241 = AXIS2_PLACEMENT_3D ( 'NONE', #2145, #407, #1179 ) ;
#1242 = FACE_OUTER_BOUND ( 'NONE', #475, .T. ) ;
#1243 = FACE_OUTER_BOUND ( 'NONE', #2106, .T. ) ;
#1244 = FACE_OUTER_BOUND ( 'NONE', #2129, .T. ) ;
#1245 = VECTOR ( 'NONE', #1255, 1000.000000000000000 ) ;
#1246 = EDGE_LOOP ( 'NONE', ( #1884, #452, #1479, #1802 ) ) ;
#1247 = DIRECTION ( 'NONE',  ( 1.000000000000000000, 0.000000000000000000, 0.000000000000000000 ) ) ;
#1248 = ORIENTED_EDGE ( 'NONE', *, *, #718, .F. ) ;
#1249 = AXIS2_PLACEMENT_3D ( 'NONE', #704, #871, #2414 ) ;
#1250 = CARTESIAN_POINT ( 'NONE',  ( 75.55235306823703922, -39.82018782540143320, 0.000000000000000000 ) ) ;
#1251 = ORIENTED_EDGE ( 'NONE', *, *, #1913, .F. ) ;
#1252 = AXIS2_PLACEMENT_3D ( 'NONE', #1227, #591, #1009 ) ;
#1253 = DIRECTION ( 'NONE',  ( 0.000000000000000000, 0.000000000000000000, -1.000000000000000000 ) ) ;
#1254 = ORIENTED_EDGE ( 'NONE', *, *, #2037, .T. ) ;
#1255 = DIRECTION ( 'NONE',  ( -0.000000000000000000, -0.000000000000000000, -1.000000000000000000 ) ) ;
#1256 = LINE ( 'NONE', #868, #301 ) ;
#1257 = EDGE_CURVE ( 'NONE', #1989, #1018, #1309, .T. ) ;
#1258 = ORIENTED_EDGE ( 'NONE', *, *, #12, .T. ) ;
#1259 = DIRECTION ( 'NONE',  ( -0.000000000000000000, -0.000000000000000000, -1.000000000000000000 ) ) ;
#1260 = CYLINDRICAL_SURFACE ( 'NONE', #277, 3.050003810007501315 ) ;
#1261 = VERTEX_POINT ( 'NONE', #1900 ) ;
#1262 = ADVANCED_FACE ( 'NONE', ( #2071 ), #1910, .F. ) ;
#1263 = CARTESIAN_POINT ( 'NONE',  ( 7.319785463197045594, -42.80749265595883202, 141.8952659556790081 ) ) ;
#1264 = ORIENTED_EDGE ( 'NONE', *, *, #2298, .T. ) ;
#1265 = VECTOR ( 'NONE', #1865, 1000.000000000000000 ) ;
#1266 = DIRECTION ( 'NONE',  ( -0.9846700586704356661, 0.1744272787093832655, 0.000000000000000000 ) ) ;
#1267 = ORIENTED_EDGE ( 'NONE', *, *, #2138, .F. ) ;
#1268 = CARTESIAN_POINT ( 'NONE',  ( -2.822381153048957536, -37.37518379134043300, 16.00000000000000000 ) ) ;
#1269 = DIRECTION ( 'NONE',  ( -0.9846700905723222430, 0.1744270986180039562, 0.000000000000000000 ) ) ;
#1270 = CARTESIAN_POINT ( 'NONE',  ( 9.432128831383174372, -41.93253007232505070, 141.8952659556790081 ) ) ;
#1271 = CARTESIAN_POINT ( 'NONE',  ( -3.469381407048953925, 1.613894186815567622, 16.00000000000000000 ) ) ;
#1272 = APPROVAL ( #1577, 'æœª' ) ;
#1273 = VECTOR ( 'NONE', #1512, 1000.000000000000000 ) ;
#1274 = EDGE_CURVE ( 'NONE', #927, #2455, #594, .T. ) ;
#1275 = DIRECTION ( 'NONE',  ( -0.000000000000000000, -0.000000000000000000, -1.000000000000000000 ) ) ;
#1276 = ADVANCED_FACE ( 'NONE', ( #64, #800 ), #262, .T. ) ;
#1277 = EDGE_LOOP ( 'NONE', ( #668, #1933, #1477, #1092, #13, #2091, #703, #2024 ) ) ;
#1278 = DIRECTION ( 'NONE',  ( 6.367916853544660278E-07, 0.9999999999997972733, 0.000000000000000000 ) ) ;
#1279 = EDGE_LOOP ( 'NONE', ( #841, #719, #1312, #1196 ) ) ;
#1280 = EDGE_CURVE ( 'NONE', #618, #1136, #32, .T. ) ;
#1281 = AXIS2_PLACEMENT_3D ( 'NONE', #1665, #1473, #2233 ) ;
#1282 = DIRECTION ( 'NONE',  ( 1.000000000000000000, 0.000000000000000000, 0.000000000000000000 ) ) ;
#1283 = DIRECTION ( 'NONE',  ( -0.000000000000000000, -0.000000000000000000, -1.000000000000000000 ) ) ;
#1284 = AXIS2_PLACEMENT_3D ( 'NONE', #1823, #466, #1810 ) ;
#1285 = EDGE_LOOP ( 'NONE', ( #2419, #2305, #812, #859 ) ) ;
#1286 = DIRECTION ( 'NONE',  ( -1.000000000000000000, 0.000000000000000000, 0.000000000000000000 ) ) ;
#1287 = VECTOR ( 'NONE', #228, 1000.000000000000000 ) ;
#1288 = AXIS2_PLACEMENT_3D ( 'NONE', #383, #621, #1958 ) ;
#1289 = DIRECTION ( 'NONE',  ( 1.000000000000000000, 0.000000000000000000, 0.000000000000000000 ) ) ;
#1290 = ORIENTED_EDGE ( 'NONE', *, *, #1514, .F. ) ;
#1291 = ADVANCED_FACE ( 'NONE', ( #1617 ), #2346, .F. ) ;
#1292 = ORIENTED_EDGE ( 'NONE', *, *, #862, .F. ) ;
#1293 = ORIENTED_EDGE ( 'NONE', *, *, #201, .F. ) ;
#1294 = CARTESIAN_POINT ( 'NONE',  ( -18.73698837408095841, -39.82018782540143320, 2.000000000000000000 ) ) ;
#1295 = LINE ( 'NONE', #2055, #224 ) ;
#1296 = AXIS2_PLACEMENT_3D ( 'NONE', #840, #300, #1628 ) ;
#1297 = PLANE ( 'NONE',  #1160 ) ;
#1298 = CARTESIAN_POINT ( 'NONE',  ( 50.39315733253467045, -43.80749265595796516, 2.000000000000000000 ) ) ;
#1299 = ORIENTED_EDGE ( 'NONE', *, *, #1941, .F. ) ;
#1300 = CARTESIAN_POINT ( 'NONE',  ( 64.44990204428803793, 22.85493600417956728, 17.60005080010200373 ) ) ;
#1301 = ORIENTED_EDGE ( 'NONE', *, *, #1578, .F. ) ;
#1302 = ORIENTED_EDGE ( 'NONE', *, *, #863, .F. ) ;
#1303 = VECTOR ( 'NONE', #1275, 1000.000000000000000 ) ;
#1304 = CARTESIAN_POINT ( 'NONE',  ( -21.72429320463857749, -39.82018782540143320, 141.8952659556790081 ) ) ;
#1305 = CARTESIAN_POINT ( 'NONE',  ( 64.44990257705030956, 26.84224064350826566, 2.000000000000000000 ) ) ;
#1306 = EDGE_CURVE ( 'NONE', #1406, #1094, #828, .T. ) ;
#1307 = CARTESIAN_POINT ( 'NONE',  ( 23.20067256176208659, -28.58346420786892494, 17.60005080010200373 ) ) ;
#1308 = SECURITY_CLASSIFICATION ( '', '', #2494 ) ;
#1309 = LINE ( 'NONE', #1126, #1897 ) ;
#1310 = EDGE_LOOP ( 'NONE', ( #2370, #722 ) ) ;
#1311 = DIRECTION ( 'NONE',  ( 0.1744272787093807120, 0.9846700586704359992, 0.000000000000000000 ) ) ;
#1312 = ORIENTED_EDGE ( 'NONE', *, *, #1929, .T. ) ;
#1313 = VERTEX_POINT ( 'NONE', #1797 ) ;
#1314 = CARTESIAN_POINT ( 'NONE',  ( 23.20067320664404775, -29.59616878577443444, 2.000000000000000000 ) ) ;
#1315 = DIRECTION ( 'NONE',  ( 0.000000000000000000, 0.000000000000000000, 1.000000000000000000 ) ) ;
#1316 = EDGE_CURVE ( 'NONE', #1465, #143, #434, .T. ) ;
#1317 = ORIENTED_EDGE ( 'NONE', *, *, #182, .T. ) ;
#1318 = ADVANCED_FACE ( 'NONE', ( #1993 ), #2169, .F. ) ;
#1319 = FACE_OUTER_BOUND ( 'NONE', #147, .T. ) ;
#1320 = FACE_OUTER_BOUND ( 'NONE', #2015, .T. ) ;
#1321 = ORIENTED_EDGE ( 'NONE', *, *, #2155, .F. ) ;
#1322 = EDGE_LOOP ( 'NONE', ( #899, #1944, #2085, #836 ) ) ;
#1323 = AXIS2_PLACEMENT_3D ( 'NONE', #1327, #2068, #1131 ) ;
#1324 = PLANE ( 'NONE',  #455 ) ;
#1325 = VERTEX_POINT ( 'NONE', #986 ) ;
#1326 = DIRECTION ( 'NONE',  ( -0.000000000000000000, -0.000000000000000000, -1.000000000000000000 ) ) ;
#1327 = CARTESIAN_POINT ( 'NONE',  ( 7.319784197698041339, -39.82018812888543380, 2.000000000000000000 ) ) ;
#1328 = ORIENTED_EDGE ( 'NONE', *, *, #720, .T. ) ;
#1329 = CARTESIAN_POINT ( 'NONE',  ( 34.52125436155819926, -29.58718529832850663, 2.000000000000000000 ) ) ;
#1330 = CIRCLE ( 'NONE', #1122, 1.987304527073199711 ) ;
#1331 = EDGE_CURVE ( 'NONE', #1018, #2202, #996, .T. ) ;
#1332 = CARTESIAN_POINT ( 'NONE',  ( 34.51232258576882117, -28.58346421045477470, 141.8952659556790081 ) ) ;
#1333 = EDGE_CURVE ( 'NONE', #1325, #460, #883, .T. ) ;
#1334 = VECTOR ( 'NONE', #1463, 1000.000000000000000 ) ;
#1335 = ADVANCED_FACE ( 'NONE', ( #2373 ), #601, .T. ) ;
#1336 = CARTESIAN_POINT ( 'NONE',  ( 23.19168866962458253, -29.58718633652158303, 2.000000000000000000 ) ) ;
#1337 = EDGE_CURVE ( 'NONE', #968, #1901, #1561, .T. ) ;
#1338 = ORIENTED_EDGE ( 'NONE', *, *, #1719, .T. ) ;
#1339 = LINE ( 'NONE', #2247, #505 ) ;
#1340 = DIRECTION ( 'NONE',  ( 1.000000000000000000, 0.000000000000000000, 0.000000000000000000 ) ) ;
#1341 = CARTESIAN_POINT ( 'NONE',  ( -20.72429320463862013, -39.82018782540143320, 2.000000000000000000 ) ) ;
#1342 = DIRECTION ( 'NONE',  ( -0.000000000000000000, -0.000000000000000000, -1.000000000000000000 ) ) ;
#1343 = ORIENTED_EDGE ( 'NONE', *, *, #2173, .T. ) ;
#1344 = TOROIDAL_SURFACE ( 'NONE', #603, 1.987304527073198157, 2.000000000000000000 ) ;
#1345 = ORIENTED_EDGE ( 'NONE', *, *, #242, .T. ) ;
#1346 = VECTOR ( 'NONE', #905, 1000.000000000000000 ) ;
#1347 = DIRECTION ( 'NONE',  ( -0.7071068499873156554, 0.7071067123857727177, 0.000000000000000000 ) ) ;
#1348 = APPROVAL ( #1564, 'æœª' ) ;
#1349 = DIRECTION ( 'NONE',  ( 1.000000000000000000, 0.000000000000000000, 0.000000000000000000 ) ) ;
#1350 = ORIENTED_EDGE ( 'NONE', *, *, #1185, .T. ) ;
#1351 = ADVANCED_FACE ( 'NONE', ( #234, #1424, #2185, #1397, #454 ), #1385, .T. ) ;
#1352 = EDGE_CURVE ( 'NONE', #1911, #1829, #1035, .T. ) ;
#1353 = EDGE_CURVE ( 'NONE', #2432, #1989, #440, .T. ) ;
#1354 = APPROVAL_PERSON_ORGANIZATION ( #1200, #1348, #1761 ) ;
#1355 = CYLINDRICAL_SURFACE ( 'NONE', #564, 3.050003810007499538 ) ;
#1356 = DIRECTION ( 'NONE',  ( -1.000000000000000000, 0.000000000000000000, 0.000000000000000000 ) ) ;
#1357 = ORIENTED_EDGE ( 'NONE', *, *, #2135, .F. ) ;
#1358 = VECTOR ( 'NONE', #638, 1000.000000000000000 ) ;
#1359 = DIRECTION ( 'NONE',  ( -0.000000000000000000, -0.000000000000000000, -1.000000000000000000 ) ) ;
#1360 = CARTESIAN_POINT ( 'NONE',  ( -11.36349282252268722, 19.12597980613508497, 0.000000000000000000 ) ) ;
#1361 = DIRECTION ( 'NONE',  ( 1.000000000000000000, 5.240190786826333213E-15, 0.000000000000000000 ) ) ;
#1362 = CIRCLE ( 'NONE', #260, 3.987304830557612867 ) ;
#1363 = CARTESIAN_POINT ( 'NONE',  ( 7.319784197698041339, -39.82018812888543380, 2.000000000000000000 ) ) ;
#1364 = ORIENTED_EDGE ( 'NONE', *, *, #496, .F. ) ;
#1365 = VECTOR ( 'NONE', #2178, 1000.000000000000114 ) ;
#1366 = EDGE_CURVE ( 'NONE', #1690, #391, #356, .T. ) ;
#1367 = CIRCLE ( 'NONE', #2323, 2.050003810007499538 ) ;
#1368 = DIRECTION ( 'NONE',  ( -0.000000000000000000, -0.000000000000000000, -1.000000000000000000 ) ) ;
#1369 = AXIS2_PLACEMENT_3D ( 'NONE', #89, #1847, #1626 ) ;
#1370 = CARTESIAN_POINT ( 'NONE',  ( 10.13923606284937051, -42.63963640323172655, 2.000000000000000000 ) ) ;
#1371 = EDGE_LOOP ( 'NONE', ( #1, #53, #602, #333 ) ) ;
#1372 = CARTESIAN_POINT ( 'NONE',  ( 50.39315733253467045, -43.80749265595796516, 2.000000000000000000 ) ) ;
#1373 = DIRECTION ( 'NONE',  ( -0.000000000000000000, -0.000000000000000000, -1.000000000000000000 ) ) ;
#1374 = CARTESIAN_POINT ( 'NONE',  ( 21.77731077536940774, -28.17313710593805709, 0.000000000000000000 ) ) ;
#1375 = DIRECTION ( 'NONE',  ( -1.000000000000000000, 0.000000000000000000, 0.000000000000000000 ) ) ;
#1376 = AXIS2_PLACEMENT_3D ( 'NONE', #1558, #203, #971 ) ;
#1377 = ORIENTED_EDGE ( 'NONE', *, *, #2284, .F. ) ;
#1378 = DIRECTION ( 'NONE',  ( -1.000000000000000000, 0.000000000000000000, 0.000000000000000000 ) ) ;
#1379 = LINE ( 'NONE', #606, #2000 ) ;
#1380 = LINE ( 'NONE', #2134, #2036 ) ;
#1381 = EDGE_CURVE ( 'NONE', #1165, #1201, #681, .T. ) ;
#1382 = CARTESIAN_POINT ( 'NONE',  ( 8.725022638078295145, -41.22542270325495650, 0.000000000000000000 ) ) ;
#1383 = DIRECTION ( 'NONE',  ( -0.000000000000000000, -0.000000000000000000, -1.000000000000000000 ) ) ;
#1384 = AXIS2_PLACEMENT_3D ( 'NONE', #767, #1368, #1378 ) ;
#1385 = PLANE ( 'NONE',  #1252 ) ;
#1386 = ORIENTED_EDGE ( 'NONE', *, *, #793, .T. ) ;
#1387 = DIRECTION ( 'NONE',  ( 0.000000000000000000, 0.000000000000000000, 1.000000000000000000 ) ) ;
#1388 = PRODUCT_DEFINITION_FORMATION_WITH_SPECIFIED_SOURCE ( 'ä»', '', #1209, .NOT_KNOWN. ) ;
#1389 = CARTESIAN_POINT ( 'NONE',  ( 50.39315796932634584, -42.80749265595809305, 17.60005080010200373 ) ) ;
#1390 = CARTESIAN_POINT ( 'NONE',  ( 75.55235306823703922, -39.82018782540143320, 0.000000000000000000 ) ) ;
#1391 = ORIENTED_EDGE ( 'NONE', *, *, #351, .T. ) ;
#1392 = DIRECTION ( 'NONE',  ( 1.000000000000000000, 0.000000000000000000, 0.000000000000000000 ) ) ;
#1393 = ORIENTED_EDGE ( 'NONE', *, *, #1127, .F. ) ;
#1394 = CARTESIAN_POINT ( 'NONE',  ( 34.51232258576885670, -28.58346420982613267, 2.000000000000001776 ) ) ;
#1395 = EDGE_CURVE ( 'NONE', #323, #1313, #1212, .T. ) ;
#1396 = ORIENTED_EDGE ( 'NONE', *, *, #1395, .F. ) ;
#1397 = FACE_BOUND ( 'NONE', #769, .T. ) ;
#1398 = ORIENTED_EDGE ( 'NONE', *, *, #1198, .F. ) ;
#1399 = DATE_AND_TIME ( #1750, #2475 ) ;
#1400 = AXIS2_PLACEMENT_3D ( 'NONE', #104, #494, #1034 ) ;
#1401 = ORIENTED_EDGE ( 'NONE', *, *, #2205, .T. ) ;
#1402 = FACE_OUTER_BOUND ( 'NONE', #687, .T. ) ;
#1403 = EDGE_LOOP ( 'NONE', ( #2182, #1678, #347, #97 ) ) ;
#1404 = VECTOR ( 'NONE', #1635, 1000.000000000000000 ) ;
#1405 = CARTESIAN_POINT ( 'NONE',  ( -7.634537350131957112, 22.85493600417956728, 2.000000000000000000 ) ) ;
#1406 = VERTEX_POINT ( 'NONE', #1864 ) ;
#1407 = CARTESIAN_POINT ( 'NONE',  ( -3.469381407048953925, 1.613894186815567622, 16.00000000000000000 ) ) ;
#1408 = VERTEX_POINT ( 'NONE', #2057 ) ;
#1409 = DIRECTION ( 'NONE',  ( 0.7071072314663520153, 0.7071063309064562485, 0.000000000000000000 ) ) ;
#1410 = DIRECTION ( 'NONE',  ( -1.000000000000000000, -3.425922060418905145E-15, 0.000000000000000000 ) ) ;
#1411 = ADVANCED_FACE ( 'NONE', ( #2008 ), #1047, .T. ) ;
#1412 = EDGE_LOOP ( 'NONE', ( #355, #633 ) ) ;
#1413 = CIRCLE ( 'NONE', #1964, 2.050003810007500427 ) ;
#1414 = ADVANCED_FACE ( 'NONE', ( #1244 ), #1062, .F. ) ;
#1415 = ORIENTED_EDGE ( 'NONE', *, *, #2312, .T. ) ;
#1416 = AXIS2_PLACEMENT_3D ( 'NONE', #365, #2084, #352 ) ;
#1417 = DIRECTION ( 'NONE',  ( -1.000000000000000000, 0.000000000000000000, 0.000000000000000000 ) ) ;
#1418 = ORIENTED_EDGE ( 'NONE', *, *, #1462, .F. ) ;
#1419 = CARTESIAN_POINT ( 'NONE',  ( 35.22836159304138448, -28.88007896740467118, 2.000000000000000000 ) ) ;
#1420 = CARTESIAN_POINT ( 'NONE',  ( 23.20067320664404775, -29.59616878577443444, 0.000000000000000000 ) ) ;
#1421 = VERTEX_POINT ( 'NONE', #1474 ) ;
#1422 = DIRECTION ( 'NONE',  ( -0.000000000000000000, -0.000000000000000000, -1.000000000000000000 ) ) ;
#1423 = ORIENTED_EDGE ( 'NONE', *, *, #2311, .T. ) ;
#1424 = FACE_BOUND ( 'NONE', #297, .T. ) ;
#1425 = ORIENTED_EDGE ( 'NONE', *, *, #1306, .T. ) ;
#1426 = AXIS2_PLACEMENT_3D ( 'NONE', #1268, #115, #1056 ) ;
#1427 = ORIENTED_EDGE ( 'NONE', *, *, #1863, .F. ) ;
#1428 = EDGE_CURVE ( 'NONE', #2186, #2232, #1413, .T. ) ;
#1429 = DIRECTION ( 'NONE',  ( 1.000000000000000000, 0.000000000000000000, 0.000000000000000000 ) ) ;
#1430 = VERTEX_POINT ( 'NONE', #655 ) ;
#1431 = LINE ( 'NONE', #1222, #1365 ) ;
#1432 = ORIENTED_EDGE ( 'NONE', *, *, #551, .T. ) ;
#1433 = CARTESIAN_POINT ( 'NONE',  ( 59.77774584720503270, -37.37518379134043300, 16.00000000000000000 ) ) ;
#1434 = ORIENTED_EDGE ( 'NONE', *, *, #1096, .T. ) ;
#1435 = DIRECTION ( 'NONE',  ( -0.000000000000000000, -0.000000000000000000, -1.000000000000000000 ) ) ;
#1436 = ORIENTED_EDGE ( 'NONE', *, *, #1236, .F. ) ;
#1437 = CARTESIAN_POINT ( 'NONE',  ( 0.2276226569585416137, -37.37518379134043300, 16.00000000000000000 ) ) ;
#1438 = AXIS2_PLACEMENT_3D ( 'NONE', #1372, #969, #562 ) ;
#1439 = CARTESIAN_POINT ( 'NONE',  ( 23.53400000000103987, -10.53148712368716033, 17.60005080010200018 ) ) ;
#1440 = ORIENTED_EDGE ( 'NONE', *, *, #1941, .T. ) ;
#1441 = EDGE_CURVE ( 'NONE', #2324, #177, #273, .T. ) ;
#1442 = DIRECTION ( 'NONE',  ( 1.000000000000000000, 0.000000000000000000, 0.000000000000000000 ) ) ;
#1443 = ORIENTED_EDGE ( 'NONE', *, *, #2471, .T. ) ;
#1444 = CARTESIAN_POINT ( 'NONE',  ( 59.77774584720501849, -37.37518379134043300, 2.000000000000000000 ) ) ;
#1445 = ORIENTED_EDGE ( 'NONE', *, *, #1000, .T. ) ;
#1446 = TOROIDAL_SURFACE ( 'NONE', #1323, 1.987304527073248339, 2.000000000000000000 ) ;
#1447 = FACE_OUTER_BOUND ( 'NONE', #1371, .T. ) ;
#1448 = DIRECTION ( 'NONE',  ( -0.1744272787093719135, 0.9846700586704375535, 0.000000000000000000 ) ) ;
#1449 = AXIS2_PLACEMENT_3D ( 'NONE', #1057, #678, #837 ) ;
#1450 = ORIENTED_EDGE ( 'NONE', *, *, #114, .T. ) ;
#1451 = DIRECTION ( 'NONE',  ( 0.000000000000000000, -1.000000000000000000, 0.000000000000000000 ) ) ;
#1452 = EDGE_LOOP ( 'NONE', ( #1045, #2292, #358, #1511 ) ) ;
#1453 = AXIS2_PLACEMENT_3D ( 'NONE', #374, #749, #1497 ) ;
#1454 = DIRECTION ( 'NONE',  ( -5.240190786826334002E-15, 1.000000000000000000, 0.000000000000000000 ) ) ;
#1455 = ORIENTED_EDGE ( 'NONE', *, *, #1316, .T. ) ;
#1456 = APPROVAL ( #2326, 'æœª' ) ;
#1457 = DIRECTION ( 'NONE',  ( -8.676839802213009989E-08, 0.000000000000000000, -0.9999999999999963363 ) ) ;
#1458 = CARTESIAN_POINT ( 'NONE',  ( -20.69382800158098235, -39.47354800973771205, 2.000000000000000000 ) ) ;
#1459 = DIRECTION ( 'NONE',  ( 1.000000000000000000, 0.000000000000000000, 0.000000000000000000 ) ) ;
#1460 = ADVANCED_FACE ( 'NONE', ( #279 ), #1297, .F. ) ;
#1461 = ORIENTED_EDGE ( 'NONE', *, *, #1065, .F. ) ;
#1462 = EDGE_CURVE ( 'NONE', #2376, #439, #1330, .T. ) ;
#1463 = DIRECTION ( 'NONE',  ( -0.000000000000000000, -0.000000000000000000, -1.000000000000000000 ) ) ;
#1464 = LINE ( 'NONE', #717, #891 ) ;
#1465 = VERTEX_POINT ( 'NONE', #857 ) ;
#1466 = TOROIDAL_SURFACE ( 'NONE', #1668, 1.987304830557662161, 2.000000000000000000 ) ;
#1467 = DIRECTION ( 'NONE',  ( -1.000000000000000000, 0.000000000000000000, 0.000000000000000000 ) ) ;
#1468 = ORIENTED_EDGE ( 'NONE', *, *, #1519, .T. ) ;
#1469 = CARTESIAN_POINT ( 'NONE',  ( -7.634537350131957112, 22.85493600417956728, 2.000000000000000000 ) ) ;
#1470 = DIRECTION ( 'NONE',  ( -0.000000000000000000, -0.000000000000000000, -1.000000000000000000 ) ) ;
#1471 = CARTESIAN_POINT ( 'NONE',  ( 9.432128831383300493, -41.93253007232492280, 2.000000000000000000 ) ) ;
#1472 = DIRECTION ( 'NONE',  ( -0.000000000000000000, -0.000000000000000000, -1.000000000000000000 ) ) ;
#1473 = DIRECTION ( 'NONE',  ( -0.000000000000000000, -0.000000000000000000, -1.000000000000000000 ) ) ;
#1474 = CARTESIAN_POINT ( 'NONE',  ( -7.634537882894240290, 25.84224064350826566, 2.000000000000000000 ) ) ;
#1475 = ADVANCED_FACE ( 'NONE', ( #2197 ), #1260, .T. ) ;
#1476 = DIRECTION ( 'NONE',  ( 0.000000000000000000, 0.000000000000000000, 1.000000000000000000 ) ) ;
#1477 = ORIENTED_EDGE ( 'NONE', *, *, #1257, .T. ) ;
#1478 = CARTESIAN_POINT ( 'NONE',  ( -22.66316818272562728, -39.12469381250170386, 2.000000000000000000 ) ) ;
#1479 = ORIENTED_EDGE ( 'NONE', *, *, #1185, .F. ) ;
#1480 = ORIENTED_EDGE ( 'NONE', *, *, #2423, .T. ) ;
#1481 = FACE_OUTER_BOUND ( 'NONE', #1638, .T. ) ;
#1482 = CARTESIAN_POINT ( 'NONE',  ( 79.47853300489651929, -39.12469453516816031, 2.000000000000000000 ) ) ;
#1483 = CIRCLE ( 'NONE', #1400, 2.000000000000001776 ) ;
#1484 = CARTESIAN_POINT ( 'NONE',  ( 59.77774584720501849, -37.37518379134043300, 2.000000000000000000 ) ) ;
#1485 = CIRCLE ( 'NONE', #1241, 1.012704577269159190 ) ;
#1486 = CC_DESIGN_PERSON_AND_ORGANIZATION_ASSIGNMENT ( #27, #14, ( #2152 ) ) ;
#1487 = AXIS2_PLACEMENT_3D ( 'NONE', #272, #479, #2421 ) ;
#1488 = CARTESIAN_POINT ( 'NONE',  ( 61.82774965721252158, -37.37518379134043300, 16.00000000000000000 ) ) ;
#1489 = ORIENTED_EDGE ( 'NONE', *, *, #368, .T. ) ;
#1490 = EDGE_CURVE ( 'NONE', #2393, #968, #93, .T. ) ;
#1491 = EDGE_CURVE ( 'NONE', #240, #2041, #998, .T. ) ;
#1492 = LINE ( 'NONE', #1478, #1833 ) ;
#1493 = ORIENTED_EDGE ( 'NONE', *, *, #580, .T. ) ;
#1494 = DIRECTION ( 'NONE',  ( -1.000000000000000000, -1.704313821783124685E-14, 0.000000000000000000 ) ) ;
#1495 = CARTESIAN_POINT ( 'NONE',  ( 68.04976134123552356, 9.106909172845574219, 16.00000000000000000 ) ) ;
#1496 = CIRCLE ( 'NONE', #1296, 2.050003810007500427 ) ;
#1497 = DIRECTION ( 'NONE',  ( -1.000000000000000000, 0.000000000000000000, 0.000000000000000000 ) ) ;
#1498 = DIRECTION ( 'NONE',  ( 1.000000000000000000, -0.000000000000000000, 0.000000000000000000 ) ) ;
#1499 = ORIENTED_EDGE ( 'NONE', *, *, #1902, .T. ) ;
#1500 = PLANE ( 'NONE',  #2142 ) ;
#1501 = ORIENTED_EDGE ( 'NONE', *, *, #959, .F. ) ;
#1502 = ADVANCED_FACE ( 'NONE', ( #2032 ), #2400, .F. ) ;
#1503 = EDGE_CURVE ( 'NONE', #890, #1867, #1734, .T. ) ;
#1504 = AXIS2_PLACEMENT_3D ( 'NONE', #937, #926, #1349 ) ;
#1505 = LINE ( 'NONE', #1707, #1095 ) ;
#1506 = DIRECTION ( 'NONE',  ( 0.000000000000000000, 0.000000000000000000, -1.000000000000000000 ) ) ;
#1507 = CARTESIAN_POINT ( 'NONE',  ( 63.94975372122052448, 9.106909172845574219, 16.00000000000000000 ) ) ;
#1508 = AXIS2_PLACEMENT_3D ( 'NONE', #1300, #1714, #357 ) ;
#1509 = FACE_OUTER_BOUND ( 'NONE', #1787, .T. ) ;
#1510 = ORIENTED_EDGE ( 'NONE', *, *, #2006, .F. ) ;
#1511 = ORIENTED_EDGE ( 'NONE', *, *, #1490, .T. ) ;
#1512 = DIRECTION ( 'NONE',  ( -0.000000000000000000, -0.000000000000000000, -1.000000000000000000 ) ) ;
#1513 = ORIENTED_EDGE ( 'NONE', *, *, #412, .T. ) ;
#1514 = EDGE_CURVE ( 'NONE', #1798, #1991, #1496, .T. ) ;
#1515 = EDGE_CURVE ( 'NONE', #1901, #1867, #1654, .T. ) ;
#1516 = CYLINDRICAL_SURFACE ( 'NONE', #1011, 3.050003810007501315 ) ;
#1517 = ORIENTED_EDGE ( 'NONE', *, *, #675, .T. ) ;
#1518 = FACE_OUTER_BOUND ( 'NONE', #1822, .T. ) ;
#1519 = EDGE_CURVE ( 'NONE', #671, #1814, #1697, .T. ) ;
#1520 = CARTESIAN_POINT ( 'NONE',  ( 65.99975753122802757, 9.106909172845574219, 16.00000000000000000 ) ) ;
#1521 = LINE ( 'NONE', #540, #366 ) ;
#1522 = EDGE_LOOP ( 'NONE', ( #1608, #1795, #2493, #2404 ) ) ;
#1523 = AXIS2_PLACEMENT_3D ( 'NONE', #2102, #1871, #955 ) ;
#1524 = LINE ( 'NONE', #740, #697 ) ;
#1525 = ORIENTED_EDGE ( 'NONE', *, *, #2341, .F. ) ;
#1526 = DIRECTION ( 'NONE',  ( 1.000000000000000000, 0.000000000000000000, 0.000000000000000000 ) ) ;
#1527 = CARTESIAN_POINT ( 'NONE',  ( -7.634537882894240290, 25.84224064350826566, 17.60005080010200373 ) ) ;
#1528 = CARTESIAN_POINT ( 'NONE',  ( 48.98792298682651136, -41.22542425884680029, 0.000000000000000000 ) ) ;
#1529 = LINE ( 'NONE', #373, #1187 ) ;
#1530 = FACE_OUTER_BOUND ( 'NONE', #1452, .T. ) ;
#1531 = EDGE_CURVE ( 'NONE', #826, #1121, #2252, .T. ) ;
#1532 = VECTOR ( 'NONE', #1184, 1000.000000000000000 ) ;
#1533 = ADVANCED_FACE ( 'NONE', ( #1666 ), #2426, .F. ) ;
#1534 = CIRCLE ( 'NONE', #1162, 3.987304527073201488 ) ;
#1535 = CARTESIAN_POINT ( 'NONE',  ( 50.39315987161703703, -39.82018812888543380, 17.60005080010200373 ) ) ;
#1536 = ORIENTED_EDGE ( 'NONE', *, *, #1381, .F. ) ;
#1537 = APPLICATION_PROTOCOL_DEFINITION ( 'international standard', 'config_control_design', 1994, #517 ) ;
#1538 = DIRECTION ( 'NONE',  ( 0.000000000000000000, 0.000000000000000000, 1.000000000000000000 ) ) ;
#1539 = DIRECTION ( 'NONE',  ( 1.000000000000000000, 0.000000000000000000, 0.000000000000000000 ) ) ;
#1540 = ORIENTED_EDGE ( 'NONE', *, *, #661, .F. ) ;
#1541 = CIRCLE ( 'NONE', #129, 3.050003810007501315 ) ;
#1542 = CARTESIAN_POINT ( 'NONE',  ( 47.57370904462766958, -42.63963744139442014, 2.000000000000000000 ) ) ;
#1543 = DIRECTION ( 'NONE',  ( -0.000000000000000000, -0.000000000000000000, -1.000000000000000000 ) ) ;
#1544 = CARTESIAN_POINT ( 'NONE',  ( 75.55235341420905115, -43.80749265595864017, 2.000000000000000000 ) ) ;
#1545 = DIRECTION ( 'NONE',  ( -5.459542549265563769E-14, -1.000000000000000000, 0.000000000000000000 ) ) ;
#1546 = EDGE_CURVE ( 'NONE', #1767, #323, #529, .T. ) ;
#1547 = DIRECTION ( 'NONE',  ( -0.000000000000000000, -0.000000000000000000, -1.000000000000000000 ) ) ;
#1548 = ADVANCED_FACE ( 'NONE', ( #1319 ), #151, .T. ) ;
#1549 = EDGE_LOOP ( 'NONE', ( #1216, #229, #1540, #1107 ) ) ;
#1550 = AXIS2_PLACEMENT_3D ( 'NONE', #2062, #1702, #146 ) ;
#1551 = PERSON ( 'æœª', 'æœª', 'æœª', ('æœª'), ('æœª'), ('æœª') ) ;
#1552 = COORDINATED_UNIVERSAL_TIME_OFFSET ( 8, 0, .AHEAD. ) ;
#1553 = CARTESIAN_POINT ( 'NONE',  ( 64.44990204428803793, 22.85493600417956728, 2.000000000000000000 ) ) ;
#1554 = DIRECTION ( 'NONE',  ( -0.000000000000000000, -0.000000000000000000, -1.000000000000000000 ) ) ;
#1555 = LINE ( 'NONE', #2474, #623 ) ;
#1556 = CARTESIAN_POINT ( 'NONE',  ( -20.72429320463862013, -39.82018782540143320, 0.000000000000000000 ) ) ;
#1557 = DIRECTION ( 'NONE',  ( 1.000000000000000000, 0.000000000000000000, -0.000000000000000000 ) ) ;
#1558 = CARTESIAN_POINT ( 'NONE',  ( -2.822381153048957536, -37.37518379134043300, 2.000000000000000000 ) ) ;
#1559 = DIRECTION ( 'NONE',  ( 0.000000000000000000, 0.000000000000000000, 1.000000000000000000 ) ) ;
#1560 = AXIS2_PLACEMENT_3D ( 'NONE', #36, #799, #1409 ) ;
#1561 = LINE ( 'NONE', #2322, #2499 ) ;
#1562 = EDGE_LOOP ( 'NONE', ( #486, #1418, #2065, #1364 ) ) ;
#1563 = TOROIDAL_SURFACE ( 'NONE', #1723, 2.012704577905630732, 2.000000000000000000 ) ;
#1564 = APPROVAL_STATUS ( 'not_yet_approved' ) ;
#1565 = AXIS2_PLACEMENT_3D ( 'NONE', #54, #816, #1356 ) ;
#1566 = EDGE_CURVE ( 'NONE', #240, #65, #2125, .T. ) ;
#1567 = CARTESIAN_POINT ( 'NONE',  ( 65.99975753122804178, 9.106909172845567113, 16.00000000000000000 ) ) ;
#1568 = CIRCLE ( 'NONE', #1449, 3.050003810007501315 ) ;
#1569 = CARTESIAN_POINT ( 'NONE',  ( 23.20067319855387566, -29.58346420790081766, 2.000000000000000000 ) ) ;
#1570 = PLANE ( 'NONE',  #1438 ) ;
#1571 = DIRECTION ( 'NONE',  ( 0.000000000000000000, 0.000000000000000000, 1.000000000000000000 ) ) ;
#1572 = FACE_OUTER_BOUND ( 'NONE', #1037, .T. ) ;
#1573 = VECTOR ( 'NONE', #759, 1000.000000000000000 ) ;
#1574 = DIRECTION ( 'NONE',  ( 1.000000000000000000, 0.000000000000000000, 0.000000000000000000 ) ) ;
#1575 = AXIS2_PLACEMENT_3D ( 'NONE', #248, #643, #1375 ) ;
#1576 = ORIENTED_EDGE ( 'NONE', *, *, #166, .T. ) ;
#1577 = APPROVAL_STATUS ( 'not_yet_approved' ) ;
#1578 = EDGE_CURVE ( 'NONE', #1798, #2468, #2463, .T. ) ;
#1579 = DIRECTION ( 'NONE',  ( 6.367918414795780187E-07, 0.000000000000000000, -0.9999999999997972733 ) ) ;
#1580 = LINE ( 'NONE', #1014, #1150 ) ;
#1581 = ORIENTED_EDGE ( 'NONE', *, *, #275, .T. ) ;
#1582 = EDGE_CURVE ( 'NONE', #2193, #2097, #960, .T. ) ;
#1583 = FACE_OUTER_BOUND ( 'NONE', #2479, .T. ) ;
#1584 = ORIENTED_EDGE ( 'NONE', *, *, #776, .T. ) ;
#1585 = DIRECTION ( 'NONE',  ( -1.000000000000000000, 0.000000000000000000, 0.000000000000000000 ) ) ;
#1586 = VERTEX_POINT ( 'NONE', #1686 ) ;
#1587 = CIRCLE ( 'NONE', #802, 3.050003810007501315 ) ;
#1588 = PLANE ( 'NONE',  #2317 ) ;
#1589 = DIRECTION ( 'NONE',  ( -0.000000000000000000, -0.000000000000000000, -1.000000000000000000 ) ) ;
#1590 = ORIENTED_EDGE ( 'NONE', *, *, #1491, .T. ) ;
#1591 = DATE_AND_TIME ( #1176, #731 ) ;
#1592 = ORIENTED_EDGE ( 'NONE', *, *, #256, .T. ) ;
#1593 = CARTESIAN_POINT ( 'NONE',  ( 75.55235306823703922, -39.82018782540143320, 2.000000000000000000 ) ) ;
#1594 = ORIENTED_EDGE ( 'NONE', *, *, #2391, .T. ) ;
#1595 = EDGE_CURVE ( 'NONE', #1026, #1809, #1722, .T. ) ;
#1596 = DIRECTION ( 'NONE',  ( -0.000000000000000000, -0.000000000000000000, -1.000000000000000000 ) ) ;
#1597 = ORIENTED_EDGE ( 'NONE', *, *, #112, .T. ) ;
#1598 = FACE_OUTER_BOUND ( 'NONE', #888, .T. ) ;
#1599 = ORIENTED_EDGE ( 'NONE', *, *, #1183, .F. ) ;
#1600 = ADVANCED_FACE ( 'NONE', ( #1735 ), #339, .F. ) ;
#1601 = DIRECTION ( 'NONE',  ( 1.000000000000000000, 0.000000000000000000, -0.000000000000000000 ) ) ;
#1602 = DIRECTION ( 'NONE',  ( -1.000000000000000000, 0.000000000000000000, 0.000000000000000000 ) ) ;
#1603 = EDGE_LOOP ( 'NONE', ( #833, #2159, #1576, #1254 ) ) ;
#1604 = CIRCLE ( 'NONE', #2239, 3.987304830557217183 ) ;
#1605 = AXIS2_PLACEMENT_3D ( 'NONE', #1641, #1836, #666 ) ;
#1606 = EDGE_LOOP ( 'NONE', ( #1194, #1427 ) ) ;
#1607 = CARTESIAN_POINT ( 'NONE',  ( 62.82774965721253579, -37.37518379134043300, 16.00000000000000000 ) ) ;
#1608 = ORIENTED_EDGE ( 'NONE', *, *, #2274, .F. ) ;
#1609 = VECTOR ( 'NONE', #1752, 1000.000000000000000 ) ;
#1610 = CARTESIAN_POINT ( 'NONE',  ( 75.55235306823703922, -39.82018782540143320, 2.000000000000000000 ) ) ;
#1611 = AXIS2_PLACEMENT_3D ( 'NONE', #1458, #493, #1269 ) ;
#1612 = CARTESIAN_POINT ( 'NONE',  ( -18.73698906823507215, -43.80749265595883202, 2.000000000000000000 ) ) ;
#1613 = ORIENTED_EDGE ( 'NONE', *, *, #62, .T. ) ;
#1614 = CYLINDRICAL_SURFACE ( 'NONE', #195, 3.987304830557661273 ) ;
#1615 = ORIENTED_EDGE ( 'NONE', *, *, #1462, .T. ) ;
#1616 = LINE ( 'NONE', #2221, #145 ) ;
#1617 = FACE_OUTER_BOUND ( 'NONE', #1279, .T. ) ;
#1618 = ADVANCED_FACE ( 'NONE', ( #1530 ), #2295, .F. ) ;
#1619 = VERTEX_POINT ( 'NONE', #1899 ) ;
#1620 = AXIS2_PLACEMENT_3D ( 'NONE', #1977, #2181, #1019 ) ;
#1621 = ORIENTED_EDGE ( 'NONE', *, *, #322, .F. ) ;
#1622 = CARTESIAN_POINT ( 'NONE',  ( 64.44990257705030956, 26.84224064350826566, 2.000000000000000000 ) ) ;
#1623 = ORIENTED_EDGE ( 'NONE', *, *, #1886, .T. ) ;
#1624 = DIRECTION ( 'NONE',  ( -0.000000000000000000, -0.000000000000000000, -1.000000000000000000 ) ) ;
#1625 = ORIENTED_EDGE ( 'NONE', *, *, #1775, .F. ) ;
#1626 = DIRECTION ( 'NONE',  ( 1.000000000000000000, 0.000000000000000000, 0.000000000000000000 ) ) ;
#1627 = VERTEX_POINT ( 'NONE', #2105 ) ;
#1628 = DIRECTION ( 'NONE',  ( 1.000000000000000000, 0.000000000000000000, 0.000000000000000000 ) ) ;
#1629 = VECTOR ( 'NONE', #887, 1000.000000000000000 ) ;
#1630 = ORIENTED_EDGE ( 'NONE', *, *, #380, .T. ) ;
#1631 = ADVANCED_FACE ( 'NONE', ( #163 ), #2503, .T. ) ;
#1632 = AXIS2_PLACEMENT_3D ( 'NONE', #2395, #2042, #72 ) ;
#1633 = CARTESIAN_POINT ( 'NONE',  ( 8.725021599916976456, -41.22542374141836774, 2.000000000000000000 ) ) ;
#1634 = ORIENTED_EDGE ( 'NONE', *, *, #1125, .F. ) ;
#1635 = DIRECTION ( 'NONE',  ( -0.000000000000000000, -0.000000000000000000, -1.000000000000000000 ) ) ;
#1636 = EDGE_LOOP ( 'NONE', ( #1590, #2386, #2413, #656 ) ) ;
#1637 = CARTESIAN_POINT ( 'NONE',  ( -4.872384963056471285, -37.37518379134043300, 2.000000000000000000 ) ) ;
#1638 = EDGE_LOOP ( 'NONE', ( #1748, #1393, #628, #2347 ) ) ;
#1639 = FACE_OUTER_BOUND ( 'NONE', #814, .T. ) ;
#1640 = ORIENTED_EDGE ( 'NONE', *, *, #1127, .T. ) ;
#1641 = CARTESIAN_POINT ( 'NONE',  ( 34.51227086267104482, -29.59616878577443444, 141.8952659556790081 ) ) ;
#1642 = CARTESIAN_POINT ( 'NONE',  ( 50.39315987161703703, -39.82018812888543380, 0.000000000000000000 ) ) ;
#1643 = ORIENTED_EDGE ( 'NONE', *, *, #1595, .T. ) ;
#1644 = FACE_OUTER_BOUND ( 'NONE', #1693, .T. ) ;
#1645 = CARTESIAN_POINT ( 'NONE',  ( -2.822381153048957536, -37.37518379134043300, 16.00000000000000000 ) ) ;
#1646 = ORIENTED_EDGE ( 'NONE', *, *, #875, .T. ) ;
#1647 = EDGE_CURVE ( 'NONE', #460, #1769, #1917, .T. ) ;
#1648 = LINE ( 'NONE', #2410, #2263 ) ;
#1649 = CARTESIAN_POINT ( 'NONE',  ( 7.319784197698041339, -39.82018812888543380, 0.000000000000000000 ) ) ;
#1650 = DIRECTION ( 'NONE',  ( -0.1744272787093839316, -0.9846700586704355551, 0.000000000000000000 ) ) ;
#1651 = ORIENTED_EDGE ( 'NONE', *, *, #126, .F. ) ;
#1652 = VECTOR ( 'NONE', #1554, 1000.000000000000000 ) ;
#1653 = DIRECTION ( 'NONE',  ( 1.000000000000000000, 0.000000000000000000, 0.000000000000000000 ) ) ;
#1654 = LINE ( 'NONE', #468, #1854 ) ;
#1655 = CARTESIAN_POINT ( 'NONE',  ( 64.44990204428803793, 22.85493600417956728, 0.000000000000000000 ) ) ;
#1656 = EDGE_LOOP ( 'NONE', ( #1423, #1857, #1455, #2174 ) ) ;
#1657 = CIRCLE ( 'NONE', #751, 2.987304639328586475 ) ;
#1658 = LINE ( 'NONE', #1439, #1762 ) ;
#1659 = VERTEX_POINT ( 'NONE', #1544 ) ;
#1660 = ADVANCED_FACE ( 'NONE', ( #139 ), #2477, .T. ) ;
#1661 = ADVANCED_FACE ( 'NONE', ( #2114 ), #2093, .T. ) ;
#1662 = DIRECTION ( 'NONE',  ( 1.000000000000000000, -1.682376999504554728E-14, 0.000000000000000000 ) ) ;
#1663 = CARTESIAN_POINT ( 'NONE',  ( 23.20067319855398225, -27.58346420785802522, 0.000000000000000000 ) ) ;
#1664 = CARTESIAN_POINT ( 'NONE',  ( -18.73698889414401592, -42.80749265595895281, 2.000000000000000000 ) ) ;
#1665 = CARTESIAN_POINT ( 'NONE',  ( -2.822381153048957536, -37.37518379134043300, 16.00000000000000000 ) ) ;
#1666 = FACE_OUTER_BOUND ( 'NONE', #1848, .T. ) ;
#1667 = CYLINDRICAL_SURFACE ( 'NONE', #974, 2.000000000000000000 ) ;
#1668 = AXIS2_PLACEMENT_3D ( 'NONE', #1712, #1736, #773 ) ;
#1669 = ORIENTED_EDGE ( 'NONE', *, *, #2037, .F. ) ;
#1670 = AXIS2_PLACEMENT_3D ( 'NONE', #2472, #1895, #2067 ) ;
#1671 = DIRECTION ( 'NONE',  ( 1.000000000000000000, 0.000000000000000000, 0.000000000000000000 ) ) ;
#1672 = ORIENTED_EDGE ( 'NONE', *, *, #748, .T. ) ;
#1673 = CARTESIAN_POINT ( 'NONE',  ( 50.39315796932634584, -42.80749265595809305, 17.60005080010200373 ) ) ;
#1674 = DIRECTION ( 'NONE',  ( -1.000000000000000000, 0.000000000000000000, 0.000000000000000000 ) ) ;
#1675 = ADVANCED_FACE ( 'NONE', ( #1885 ), #2272, .F. ) ;
#1676 = DIRECTION ( 'NONE',  ( -1.000000000000000000, 0.000000000000000000, 0.000000000000000000 ) ) ;
#1677 = EDGE_CURVE ( 'NONE', #372, #839, #1657, .T. ) ;
#1678 = ORIENTED_EDGE ( 'NONE', *, *, #1198, .T. ) ;
#1679 = PLANE ( 'NONE',  #1221 ) ;
#1680 = ORIENTED_EDGE ( 'NONE', *, *, #1428, .T. ) ;
#1681 = CIRCLE ( 'NONE', #107, 3.050003810007499538 ) ;
#1682 = LINE ( 'NONE', #2461, #1346 ) ;
#1683 = CARTESIAN_POINT ( 'NONE',  ( 69.04976134123553777, 9.106909172845567113, 2.000000000000000000 ) ) ;
#1684 = CIRCLE ( 'NONE', #467, 1.987304830557663049 ) ;
#1685 = LINE ( 'NONE', #130, #950 ) ;
#1686 = CARTESIAN_POINT ( 'NONE',  ( -7.634537882894240290, 26.84224064350826211, 17.60005080010200373 ) ) ;
#1687 = AXIS2_PLACEMENT_3D ( 'NONE', #1649, #1470, #691 ) ;
#1688 = CARTESIAN_POINT ( 'NONE',  ( -10.57604725383109567, 23.37600077423859446, 2.000000000000000000 ) ) ;
#1689 = EDGE_CURVE ( 'NONE', #1692, #1659, #1134, .T. ) ;
#1690 = VERTEX_POINT ( 'NONE', #811 ) ;
#1691 = CARTESIAN_POINT ( 'NONE',  ( 50.39315733253467045, -43.80749265595789410, 17.60005080010200373 ) ) ;
#1692 = VERTEX_POINT ( 'NONE', #2165 ) ;
#1693 = EDGE_LOOP ( 'NONE', ( #903, #2048, #246, #1968 ) ) ;
#1694 = AXIS2_PLACEMENT_3D ( 'NONE', #2080, #947, #2308 ) ;
#1695 = FACE_OUTER_BOUND ( 'NONE', #956, .T. ) ;
#1696 = DIRECTION ( 'NONE',  ( 0.7071067123860761416, 0.7071068499870122315, -0.000000000000000000 ) ) ;
#1697 = CIRCLE ( 'NONE', #922, 3.050003810007499538 ) ;
#1698 = DIRECTION ( 'NONE',  ( -1.000000000000000000, 0.000000000000000000, 0.000000000000000000 ) ) ;
#1699 = CARTESIAN_POINT ( 'NONE',  ( 59.77774584720503270, -37.37518379134043300, 16.00000000000000000 ) ) ;
#1700 = VERTEX_POINT ( 'NONE', #10 ) ;
#1701 = EDGE_CURVE ( 'NONE', #418, #1175, #2344, .T. ) ;
#1702 = DIRECTION ( 'NONE',  ( -0.000000000000000000, -0.000000000000000000, -1.000000000000000000 ) ) ;
#1703 = VERTEX_POINT ( 'NONE', #823 ) ;
#1704 = VERTEX_POINT ( 'NONE', #1374 ) ;
#1705 = CIRCLE ( 'NONE', #403, 3.987304639328733025 ) ;
#1706 = ADVANCED_FACE ( 'NONE', ( #1598 ), #411, .F. ) ;
#1707 = CARTESIAN_POINT ( 'NONE',  ( 64.21358132185085310, 35.58231784136452092, 0.000000000000000000 ) ) ;
#1708 = LINE ( 'NONE', #724, #1190 ) ;
#1709 = ORIENTED_EDGE ( 'NONE', *, *, #1503, .F. ) ;
#1710 = DIRECTION ( 'NONE',  ( -1.000000000000000000, 0.000000000000000000, 0.000000000000000000 ) ) ;
#1711 = CIRCLE ( 'NONE', #900, 1.012704577052464527 ) ;
#1712 = CARTESIAN_POINT ( 'NONE',  ( -18.73698837408095841, -39.82018782540143320, 2.000000000000000000 ) ) ;
#1713 = ORIENTED_EDGE ( 'NONE', *, *, #895, .T. ) ;
#1714 = DIRECTION ( 'NONE',  ( 0.000000000000000000, 0.000000000000000000, -1.000000000000000000 ) ) ;
#1715 = ADVANCED_FACE ( 'NONE', ( #1572 ), #1614, .T. ) ;
#1716 = CYLINDRICAL_SURFACE ( 'NONE', #2183, 2.000000000000001776 ) ;
#1717 = FACE_OUTER_BOUND ( 'NONE', #2157, .T. ) ;
#1718 = VERTEX_POINT ( 'NONE', #600 ) ;
#1719 = EDGE_CURVE ( 'NONE', #1430, #2407, #433, .T. ) ;
#1720 = AXIS2_PLACEMENT_3D ( 'NONE', #1790, #56, #820 ) ;
#1721 = CARTESIAN_POINT ( 'NONE',  ( 48.28081575701283157, -41.93253059140648986, 2.000000000000001776 ) ) ;
#1722 = LINE ( 'NONE', #175, #2167 ) ;
#1723 = AXIS2_PLACEMENT_3D ( 'NONE', #1058, #725, #1459 ) ;
#1724 = DIRECTION ( 'NONE',  ( -0.000000000000000000, -0.000000000000000000, -1.000000000000000000 ) ) ;
#1725 = ORIENTED_EDGE ( 'NONE', *, *, #952, .F. ) ;
#1726 = PERSON_AND_ORGANIZATION ( #1551, #978 ) ;
#1727 = DIRECTION ( 'NONE',  ( 1.000000000000000000, 0.000000000000000000, 0.000000000000000000 ) ) ;
#1728 = CARTESIAN_POINT ( 'NONE',  ( -18.73698837408095841, -39.82018782540143320, 2.000000000000000000 ) ) ;
#1729 = ORIENTED_EDGE ( 'NONE', *, *, #1049, .T. ) ;
#1730 = DIRECTION ( 'NONE',  ( -0.7071068499896079329, -0.7071067123834804402, 0.000000000000000000 ) ) ;
#1731 = EDGE_CURVE ( 'NONE', #571, #831, #1087, .T. ) ;
#1732 = DIRECTION ( 'NONE',  ( -0.000000000000000000, -0.000000000000000000, -1.000000000000000000 ) ) ;
#1733 = ADVANCED_FACE ( 'NONE', ( #1794 ), #2088, .T. ) ;
#1734 = CIRCLE ( 'NONE', #1813, 2.000000000000003553 ) ;
#1735 = FACE_OUTER_BOUND ( 'NONE', #792, .T. ) ;
#1736 = DIRECTION ( 'NONE',  ( 0.000000000000000000, 0.000000000000000000, 1.000000000000000000 ) ) ;
#1737 = ORIENTED_EDGE ( 'NONE', *, *, #2412, .F. ) ;
#1738 = PERSON_AND_ORGANIZATION ( #1551, #978 ) ;
#1739 = FACE_OUTER_BOUND ( 'NONE', #1050, .T. ) ;
#1740 = CARTESIAN_POINT ( 'NONE',  ( 10.13923606284937051, -42.63963640323172655, 2.000000000000000000 ) ) ;
#1741 = ORIENTED_EDGE ( 'NONE', *, *, #2250, .F. ) ;
#1742 = CIRCLE ( 'NONE', #1866, 2.000000000000000000 ) ;
#1743 = ORIENTED_EDGE ( 'NONE', *, *, #942, .F. ) ;
#1744 = AXIS2_PLACEMENT_3D ( 'NONE', #308, #662, #1442 ) ;
#1745 = LINE ( 'NONE', #624, #438 ) ;
#1746 = LINE ( 'NONE', #1336, #120 ) ;
#1747 = EDGE_CURVE ( 'NONE', #1430, #1814, #2354, .T. ) ;
#1748 = ORIENTED_EDGE ( 'NONE', *, *, #863, .T. ) ;
#1749 = AXIS2_PLACEMENT_3D ( 'NONE', #404, #1387, #2349 ) ;
#1750 = CALENDAR_DATE ( 2026, 13, 9 ) ;
#1751 = DIRECTION ( 'NONE',  ( 0.000000000000000000, 0.000000000000000000, -1.000000000000000000 ) ) ;
#1752 = DIRECTION ( 'NONE',  ( -0.000000000000000000, -0.000000000000000000, -1.000000000000000000 ) ) ;
#1753 = DIRECTION ( 'NONE',  ( -1.000000000000000000, 0.000000000000000000, 0.000000000000000000 ) ) ;
#1754 = FACE_OUTER_BOUND ( 'NONE', #232, .T. ) ;
#1755 = DIRECTION ( 'NONE',  ( 1.000000000000000000, 0.000000000000000000, 0.000000000000000000 ) ) ;
#1756 = CIRCLE ( 'NONE', #989, 2.050003810007500427 ) ;
#1757 = CARTESIAN_POINT ( 'NONE',  ( -3.469381407048968136, 1.613894186815574505, 16.00000000000000000 ) ) ;
#1758 = ORIENTED_EDGE ( 'NONE', *, *, #1111, .F. ) ;
#1759 = EDGE_CURVE ( 'NONE', #2378, #376, #772, .T. ) ;
#1760 = EDGE_CURVE ( 'NONE', #913, #1997, #2456, .T. ) ;
#1761 = APPROVAL_ROLE ( '' ) ;
#1762 = VECTOR ( 'NONE', #2215, 1000.000000000000000 ) ;
#1763 = CARTESIAN_POINT ( 'NONE',  ( -5.872384963056457075, -37.37518379134043300, 2.000000000000000000 ) ) ;
#1764 = AXIS2_PLACEMENT_3D ( 'NONE', #2411, #1862, #309 ) ;
#1765 = CARTESIAN_POINT ( 'NONE',  ( 77.50919275954045418, -39.47354836992053606, 2.000000000000000000 ) ) ;
#1766 = CARTESIAN_POINT ( 'NONE',  ( 68.04976134123552356, 9.106909172845574219, 16.00000000000000000 ) ) ;
#1767 = VERTEX_POINT ( 'NONE', #626 ) ;
#1768 = FACE_OUTER_BOUND ( 'NONE', #67, .T. ) ;
#1769 = VERTEX_POINT ( 'NONE', #1394 ) ;
#1770 = VECTOR ( 'NONE', #1208, 1000.000000000000000 ) ;
#1771 = DIRECTION ( 'NONE',  ( 0.000000000000000000, 0.000000000000000000, -1.000000000000000000 ) ) ;
#1772 = AXIS2_PLACEMENT_3D ( 'NONE', #1785, #21, #1602 ) ;
#1773 = ORIENTED_EDGE ( 'NONE', *, *, #707, .T. ) ;
#1774 = APPROVAL_DATE_TIME ( #1591, #1272 ) ;
#1775 = EDGE_CURVE ( 'NONE', #2097, #1703, #2001, .T. ) ;
#1776 = DIRECTION ( 'NONE',  ( 0.7071068499879669123, 0.7071067123851214609, -0.000000000000000000 ) ) ;
#1777 = ORIENTED_EDGE ( 'NONE', *, *, #275, .F. ) ;
#1778 = EDGE_CURVE ( 'NONE', #1136, #1121, #222, .T. ) ;
#1779 = DIRECTION ( 'NONE',  ( -1.000000000000000000, 0.000000000000000000, 0.000000000000000000 ) ) ;
#1780 = CARTESIAN_POINT ( 'NONE',  ( -18.73698889414401592, -42.80749265595895281, 17.60005080010200373 ) ) ;
#1781 = ORIENTED_EDGE ( 'NONE', *, *, #12, .F. ) ;
#1782 = VECTOR ( 'NONE', #1051, 1000.000000000000000 ) ;
#1783 = LINE ( 'NONE', #47, #1036 ) ;
#1784 = CIRCLE ( 'NONE', #690, 1.999999999999999778 ) ;
#1785 = CARTESIAN_POINT ( 'NONE',  ( -18.73698837408095841, -39.82018782540143320, 141.8952659556790081 ) ) ;
#1786 = ORIENTED_EDGE ( 'NONE', *, *, #497, .F. ) ;
#1787 = EDGE_LOOP ( 'NONE', ( #1493, #1450, #1248, #1264 ) ) ;
#1788 = CYLINDRICAL_SURFACE ( 'NONE', #1565, 1.012704577052464527 ) ;
#1789 = ORIENTED_EDGE ( 'NONE', *, *, #497, .T. ) ;
#1790 = CARTESIAN_POINT ( 'NONE',  ( -18.73698889414401592, -42.80749265595895281, 141.8952659556790081 ) ) ;
#1791 = EDGE_CURVE ( 'NONE', #266, #1704, #712, .T. ) ;
#1792 = DIRECTION ( 'NONE',  ( 0.7071068499879341607, -0.7071067123851543235, 0.000000000000000000 ) ) ;
#1793 = ORIENTED_EDGE ( 'NONE', *, *, #1197, .F. ) ;
#1794 = FACE_OUTER_BOUND ( 'NONE', #1522, .T. ) ;
#1795 = ORIENTED_EDGE ( 'NONE', *, *, #1366, .T. ) ;
#1796 = CARTESIAN_POINT ( 'NONE',  ( -3.469381407048968136, 1.613894186815574505, 16.00000000000000000 ) ) ;
#1797 = CARTESIAN_POINT ( 'NONE',  ( 23.20067256176208659, -28.58346420786892139, 2.000000000000000000 ) ) ;
#1798 = VERTEX_POINT ( 'NONE', #1940 ) ;
#1799 = VECTOR ( 'NONE', #2422, 1000.000000000000000 ) ;
#1800 = ORIENTED_EDGE ( 'NONE', *, *, #214, .T. ) ;
#1801 = CARTESIAN_POINT ( 'NONE',  ( 50.39315987161703703, -39.82018812888543380, 2.000000000000000000 ) ) ;
#1802 = ORIENTED_EDGE ( 'NONE', *, *, #609, .T. ) ;
#1803 = CIRCLE ( 'NONE', #2203, 1.987304830557215407 ) ;
#1804 = CIRCLE ( 'NONE', #2119, 2.987304830557622193 ) ;
#1805 = FACE_OUTER_BOUND ( 'NONE', #544, .T. ) ;
#1806 = ORIENTED_EDGE ( 'NONE', *, *, #166, .F. ) ;
#1807 = DIRECTION ( 'NONE',  ( -0.000000000000000000, -0.000000000000000000, -1.000000000000000000 ) ) ;
#1808 = ADVANCED_FACE ( 'NONE', ( #1768 ), #797, .F. ) ;
#1809 = VERTEX_POINT ( 'NONE', #2150 ) ;
#1810 = DIRECTION ( 'NONE',  ( 3.173820793851703108E-07, -0.9999999999999497069, 0.000000000000000000 ) ) ;
#1811 = DIRECTION ( 'NONE',  ( 0.000000000000000000, 0.000000000000000000, 1.000000000000000000 ) ) ;
#1812 = VERTEX_POINT ( 'NONE', #422 ) ;
#1813 = AXIS2_PLACEMENT_3D ( 'NONE', #518, #1837, #1102 ) ;
#1814 = VERTEX_POINT ( 'NONE', #1193 ) ;
#1815 = CIRCLE ( 'NONE', #885, 3.050003810007499538 ) ;
#1816 = DIRECTION ( 'NONE',  ( 1.000000000000000000, 0.000000000000000000, -0.000000000000000000 ) ) ;
#1817 = ORIENTED_EDGE ( 'NONE', *, *, #608, .T. ) ;
#1818 = PLANE ( 'NONE',  #1720 ) ;
#1819 = DIRECTION ( 'NONE',  ( 0.9999999999999962252, -1.387778780781439049E-14, -8.676839802212976902E-08 ) ) ;
#1820 = VERTEX_POINT ( 'NONE', #1007 ) ;
#1821 = CARTESIAN_POINT ( 'NONE',  ( 56.72774203719753672, -37.37518379134043300, 16.00000000000000000 ) ) ;
#1822 = EDGE_LOOP ( 'NONE', ( #1350, #1877, #1994, #639 ) ) ;
#1823 = CARTESIAN_POINT ( 'NONE',  ( 7.319784828432885249, -41.80749265595859043, 2.000000000000000000 ) ) ;
#1824 = DIRECTION ( 'NONE',  ( -5.459542549265563769E-14, -1.000000000000000000, 0.000000000000000000 ) ) ;
#1825 = AXIS2_PLACEMENT_3D ( 'NONE', #979, #1038, #265 ) ;
#1826 = ORIENTED_EDGE ( 'NONE', *, *, #125, .F. ) ;
#1827 = DIRECTION ( 'NONE',  ( 0.9846700586704356661, -0.1744272787093832655, 0.000000000000000000 ) ) ;
#1828 = EDGE_CURVE ( 'NONE', #2040, #372, #1783, .T. ) ;
#1829 = VERTEX_POINT ( 'NONE', #702 ) ;
#1830 = DIRECTION ( 'NONE',  ( -0.000000000000000000, -0.000000000000000000, 1.000000000000000000 ) ) ;
#1831 = ORIENTED_EDGE ( 'NONE', *, *, #959, .T. ) ;
#1832 = DIRECTION ( 'NONE',  ( -1.000000000000000000, 0.000000000000000000, 0.000000000000000000 ) ) ;
#1833 = VECTOR ( 'NONE', #533, 1000.000000000000000 ) ;
#1834 = DIRECTION ( 'NONE',  ( -0.000000000000000000, -0.000000000000000000, -1.000000000000000000 ) ) ;
#1835 = DIRECTION ( 'NONE',  ( 0.000000000000000000, 0.000000000000000000, 1.000000000000000000 ) ) ;
#1836 = DIRECTION ( 'NONE',  ( -0.000000000000000000, -0.000000000000000000, -1.000000000000000000 ) ) ;
#1837 = DIRECTION ( 'NONE',  ( 0.1744269476058737944, -0.9846701173230038018, 0.000000000000000000 ) ) ;
#1838 = EDGE_LOOP ( 'NONE', ( #314, #1386, #541, #198 ) ) ;
#1839 = DIRECTION ( 'NONE',  ( 0.000000000000000000, 0.000000000000000000, -1.000000000000000000 ) ) ;
#1840 = ORIENTED_EDGE ( 'NONE', *, *, #1546, .T. ) ;
#1841 = ADVANCED_FACE ( 'NONE', ( #259 ), #664, .F. ) ;
#1842 = AXIS2_PLACEMENT_3D ( 'NONE', #2294, #1144, #1753 ) ;
#1843 = CARTESIAN_POINT ( 'NONE',  ( -2.822381153048971747, -37.37518379134043300, 16.00000000000000000 ) ) ;
#1844 = ORIENTED_EDGE ( 'NONE', *, *, #2391, .F. ) ;
#1845 = MANIFOLD_SOLID_BREP ( 'USB_TypeC_Lower_Half_Opening', #2076 ) ;
#1846 = DIRECTION ( 'NONE',  ( 1.000000000000000000, 1.704313821783124685E-14, -0.000000000000000000 ) ) ;
#1847 = DIRECTION ( 'NONE',  ( 0.000000000000000000, 0.000000000000000000, 1.000000000000000000 ) ) ;
#1848 = EDGE_LOOP ( 'NONE', ( #1228, #1789, #728, #663 ) ) ;
#1849 = VECTOR ( 'NONE', #7, 1000.000000000000000 ) ;
#1850 = CYLINDRICAL_SURFACE ( 'NONE', #2038, 2.000000000000000888 ) ;
#1851 = DIRECTION ( 'NONE',  ( 1.000000000000000000, 0.000000000000000000, 0.000000000000000000 ) ) ;
#1852 = LINE ( 'NONE', #119, #1629 ) ;
#1853 = VERTEX_POINT ( 'NONE', #2231 ) ;
#1854 = VECTOR ( 'NONE', #1448, 1000.000000000000114 ) ;
#1855 = EDGE_CURVE ( 'NONE', #2232, #2186, #2450, .T. ) ;
#1856 = PLANE ( 'NONE',  #2045 ) ;
#1857 = ORIENTED_EDGE ( 'NONE', *, *, #170, .T. ) ;
#1858 = EDGE_CURVE ( 'NONE', #1700, #571, #1086, .T. ) ;
#1859 = AXIS2_PLACEMENT_3D ( 'NONE', #223, #50, #1771 ) ;
#1860 = VECTOR ( 'NONE', #86, 1000.000000000000000 ) ;
#1861 = FACE_OUTER_BOUND ( 'NONE', #2275, .T. ) ;
#1862 = DIRECTION ( 'NONE',  ( -1.636430772471931646E-15, -1.000000000000000000, 0.000000000000000000 ) ) ;
#1863 = EDGE_CURVE ( 'NONE', #1121, #826, #389, .T. ) ;
#1864 = CARTESIAN_POINT ( 'NONE',  ( 33.73400000000005150, -28.58346420958847389, 17.60005080010200018 ) ) ;
#1865 = DIRECTION ( 'NONE',  ( -0.000000000000000000, -0.000000000000000000, -1.000000000000000000 ) ) ;
#1866 = AXIS2_PLACEMENT_3D ( 'NONE', #706, #1498, #1839 ) ;
#1867 = VERTEX_POINT ( 'NONE', #102 ) ;
#1868 = CIRCLE ( 'NONE', #1632, 2.050003810007500427 ) ;
#1869 = ORIENTED_EDGE ( 'NONE', *, *, #319, .T. ) ;
#1870 = DIRECTION ( 'NONE',  ( -1.000000000000000000, 0.000000000000000000, 0.000000000000000000 ) ) ;
#1871 = DIRECTION ( 'NONE',  ( 0.000000000000000000, 0.000000000000000000, 1.000000000000000000 ) ) ;
#1872 =( GEOMETRIC_REPRESENTATION_CONTEXT ( 3 ) GLOBAL_UNCERTAINTY_ASSIGNED_CONTEXT ( ( #2253 ) ) GLOBAL_UNIT_ASSIGNED_CONTEXT ( ( #316, #135, #604 ) ) REPRESENTATION_CONTEXT ( 'NONE', 'WORKASPACE' ) );
#1873 = ORIENTED_EDGE ( 'NONE', *, *, #807, .F. ) ;
#1874 = EDGE_CURVE ( 'NONE', #177, #1853, #2325, .T. ) ;
#1875 = DIRECTION ( 'NONE',  ( 0.9999999999999912292, 1.336146432211192456E-07, 0.000000000000000000 ) ) ;
#1876 = DIRECTION ( 'NONE',  ( -1.000000000000000000, -4.813031674819610417E-17, 0.000000000000000000 ) ) ;
#1877 = ORIENTED_EDGE ( 'NONE', *, *, #676, .T. ) ;
#1878 = VECTOR ( 'NONE', #1543, 1000.000000000000000 ) ;
#1879 = CARTESIAN_POINT ( 'NONE',  ( 23.20067319855387566, -29.58346420790081766, 2.000000000000000000 ) ) ;
#1880 = ORIENTED_EDGE ( 'NONE', *, *, #2135, .T. ) ;
#1881 = DIRECTION ( 'NONE',  ( 1.000000000000000000, -5.459542549265563769E-14, 0.000000000000000000 ) ) ;
#1882 = DIRECTION ( 'NONE',  ( 1.000000000000000000, 0.000000000000000000, 0.000000000000000000 ) ) ;
#1883 = VECTOR ( 'NONE', #884, 1000.000000000000000 ) ;
#1884 = ORIENTED_EDGE ( 'NONE', *, *, #2006, .T. ) ;
#1885 = FACE_OUTER_BOUND ( 'NONE', #1214, .T. ) ;
#1886 = EDGE_CURVE ( 'NONE', #1023, #2401, #150, .T. ) ;
#1887 = AXIS2_PLACEMENT_3D ( 'NONE', #1801, #2014, #2406 ) ;
#1888 = AXIS2_PLACEMENT_3D ( 'NONE', #2320, #1951, #1755 ) ;
#1889 = DIRECTION ( 'NONE',  ( 1.000000000000000000, 0.000000000000000000, 0.000000000000000000 ) ) ;
#1890 = ORIENTED_EDGE ( 'NONE', *, *, #535, .T. ) ;
#1891 = LINE ( 'NONE', #729, #1139 ) ;
#1892 = ORIENTED_EDGE ( 'NONE', *, *, #1701, .T. ) ;
#1893 = ORIENTED_EDGE ( 'NONE', *, *, #2489, .T. ) ;
#1894 = APPLICATION_CONTEXT ( 'configuration controlled 3d designs of mechanical parts and assemblies' ) ;
#1895 = DIRECTION ( 'NONE',  ( 0.000000000000000000, 0.000000000000000000, 1.000000000000000000 ) ) ;
#1896 = LINE ( 'NONE', #906, #2363 ) ;
#1897 = VECTOR ( 'NONE', #1135, 1000.000000000000000 ) ;
#1898 = VERTEX_POINT ( 'NONE', #1663 ) ;
#1899 = CARTESIAN_POINT ( 'NONE',  ( 7.319784828432885249, -41.80749265595838438, 0.000000000000000000 ) ) ;
#1900 = CARTESIAN_POINT ( 'NONE',  ( 57.72774203719752251, -37.37518379134043300, 16.00000000000000000 ) ) ;
#1901 = VERTEX_POINT ( 'NONE', #1482 ) ;
#1902 = EDGE_CURVE ( 'NONE', #1814, #671, #1118, .T. ) ;
#1903 = ADVANCED_FACE ( 'NONE', ( #1639 ), #654, .F. ) ;
#1904 = DIRECTION ( 'NONE',  ( -1.000000000000000000, 5.459542549265563769E-14, 0.000000000000000000 ) ) ;
#1905 = CIRCLE ( 'NONE', #760, 0.01270457790571166701 ) ;
#1906 = DIRECTION ( 'NONE',  ( -0.000000000000000000, -0.000000000000000000, -1.000000000000000000 ) ) ;
#1907 = DIRECTION ( 'NONE',  ( -0.000000000000000000, -0.000000000000000000, -1.000000000000000000 ) ) ;
#1908 = CARTESIAN_POINT ( 'NONE',  ( 7.319785463197045594, -42.80749265595865438, 2.000000000000001776 ) ) ;
#1909 = DIRECTION ( 'NONE',  ( -1.000000000000000000, 0.000000000000000000, 0.000000000000000000 ) ) ;
#1910 = CYLINDRICAL_SURFACE ( 'NONE', #2012, 0.01270457791641144141 ) ;
#1911 = VERTEX_POINT ( 'NONE', #116 ) ;
#1912 = CARTESIAN_POINT ( 'NONE',  ( 23.20067320664404775, -29.59616878577443444, 2.000000000000000000 ) ) ;
#1913 = EDGE_CURVE ( 'NONE', #831, #571, #1568, .T. ) ;
#1914 = LINE ( 'NONE', #953, #2340 ) ;
#1915 = ORIENTED_EDGE ( 'NONE', *, *, #168, .F. ) ;
#1916 = CARTESIAN_POINT ( 'NONE',  ( -7.634537350131957112, 22.85493600417956728, 141.8952659556790081 ) ) ;
#1917 = LINE ( 'NONE', #1332, #1573 ) ;
#1918 = DIRECTION ( 'NONE',  ( 0.000000000000000000, 0.000000000000000000, 1.000000000000000000 ) ) ;
#1919 = AXIS2_PLACEMENT_3D ( 'NONE', #1765, #30, #967 ) ;
#1920 = ORIENTED_EDGE ( 'NONE', *, *, #896, .T. ) ;
#1921 = VECTOR ( 'NONE', #1907, 1000.000000000000000 ) ;
#1922 = PERSON_AND_ORGANIZATION ( #1551, #978 ) ;
#1923 = CARTESIAN_POINT ( 'NONE',  ( 7.319785463197043818, -43.80749265595848385, 2.000000000000000000 ) ) ;
#1924 = CARTESIAN_POINT ( 'NONE',  ( -2.822381153048957536, -37.37518379134043300, 2.000000000000000000 ) ) ;
#1925 = EDGE_LOOP ( 'NONE', ( #945, #1599, #289, #2431 ) ) ;
#1926 = ADVANCED_FACE ( 'NONE', ( #2245, #880 ), #503, .T. ) ;
#1927 = DIRECTION ( 'NONE',  ( 0.000000000000000000, 0.000000000000000000, -1.000000000000000000 ) ) ;
#1928 = VECTOR ( 'NONE', #1422, 1000.000000000000000 ) ;
#1929 = EDGE_CURVE ( 'NONE', #456, #1627, #867, .T. ) ;
#1930 = DIRECTION ( 'NONE',  ( 1.000000000000000000, 0.000000000000000000, 0.000000000000000000 ) ) ;
#1931 = CARTESIAN_POINT ( 'NONE',  ( -0.4193775970414547749, 1.613894186815568066, 16.00000000000000000 ) ) ;
#1932 = LINE ( 'NONE', #727, #230 ) ;
#1933 = ORIENTED_EDGE ( 'NONE', *, *, #1353, .T. ) ;
#1934 = DIRECTION ( 'NONE',  ( -1.000000000000000000, 0.000000000000000000, 0.000000000000000000 ) ) ;
#1935 = DIRECTION ( 'NONE',  ( -0.000000000000000000, -0.000000000000000000, -1.000000000000000000 ) ) ;
#1936 = FACE_OUTER_BOUND ( 'NONE', #2358, .T. ) ;
#1937 = DIRECTION ( 'NONE',  ( -5.459542549265563769E-14, -1.000000000000000000, -0.000000000000000000 ) ) ;
#1938 = VECTOR ( 'NONE', #1662, 1000.000000000000000 ) ;
#1939 = FACE_OUTER_BOUND ( 'NONE', #1233, .T. ) ;
#1940 = CARTESIAN_POINT ( 'NONE',  ( 63.94975372122052448, 9.106909172845574219, 16.00000000000000000 ) ) ;
#1941 = EDGE_CURVE ( 'NONE', #499, #1619, #2083, .T. ) ;
#1942 = ADVANCED_FACE ( 'NONE', ( #2434 ), #2043, .T. ) ;
#1943 = DIRECTION ( 'NONE',  ( 0.000000000000000000, 0.000000000000000000, -1.000000000000000000 ) ) ;
#1944 = ORIENTED_EDGE ( 'NONE', *, *, #807, .T. ) ;
#1945 = APPROVAL_PERSON_ORGANIZATION ( #1149, #1272, #178 ) ;
#1946 = DATE_AND_TIME ( #2108, #295 ) ;
#1947 = CARTESIAN_POINT ( 'NONE',  ( 75.55235341420905115, -42.80749265595796516, 141.8952659556790081 ) ) ;
#1948 = DIRECTION ( 'NONE',  ( 1.000000000000000000, 0.000000000000000000, 0.000000000000000000 ) ) ;
#1949 = DIRECTION ( 'NONE',  ( 1.000000000000000000, 0.000000000000000000, 0.000000000000000000 ) ) ;
#1950 = CYLINDRICAL_SURFACE ( 'NONE', #838, 2.050003810007499538 ) ;
#1951 = DIRECTION ( 'NONE',  ( 0.000000000000000000, 0.000000000000000000, 1.000000000000000000 ) ) ;
#1952 = EDGE_CURVE ( 'NONE', #622, #1820, #672, .T. ) ;
#1953 = CARTESIAN_POINT ( 'NONE',  ( 34.51227086267104482, -29.59616878577443444, 17.60005080010200373 ) ) ;
#1954 = EDGE_CURVE ( 'NONE', #376, #2374, #1152, .T. ) ;
#1955 = ORIENTED_EDGE ( 'NONE', *, *, #2156, .F. ) ;
#1956 = EDGE_CURVE ( 'NONE', #2216, #2017, #1224, .T. ) ;
#1957 = COORDINATED_UNIVERSAL_TIME_OFFSET ( 8, 0, .AHEAD. ) ;
#1958 = DIRECTION ( 'NONE',  ( 1.000000000000000000, 0.000000000000000000, -0.000000000000000000 ) ) ;
#1959 = EDGE_LOOP ( 'NONE', ( #2339, #318, #1154, #949 ) ) ;
#1960 = PLANE ( 'NONE',  #2460 ) ;
#1961 = EDGE_LOOP ( 'NONE', ( #2281, #1401, #1510, #1643 ) ) ;
#1962 = DIRECTION ( 'NONE',  ( -0.000000000000000000, -0.000000000000000000, -1.000000000000000000 ) ) ;
#1963 = ORIENTED_EDGE ( 'NONE', *, *, #609, .F. ) ;
#1964 = AXIS2_PLACEMENT_3D ( 'NONE', #1484, #484, #667 ) ;
#1965 = DIRECTION ( 'NONE',  ( 0.000000000000000000, 0.000000000000000000, 1.000000000000000000 ) ) ;
#1966 = ORIENTED_EDGE ( 'NONE', *, *, #2237, .F. ) ;
#1967 = AXIS2_PLACEMENT_3D ( 'NONE', #1005, #211, #45 ) ;
#1968 = ORIENTED_EDGE ( 'NONE', *, *, #2120, .F. ) ;
#1969 = EDGE_CURVE ( 'NONE', #561, #490, #172, .T. ) ;
#1970 = EDGE_CURVE ( 'NONE', #988, #2378, #1804, .T. ) ;
#1971 = LINE ( 'NONE', #2329, #1032 ) ;
#1972 = ORIENTED_EDGE ( 'NONE', *, *, #350, .F. ) ;
#1973 = DIRECTION ( 'NONE',  ( 0.000000000000000000, 0.000000000000000000, -1.000000000000000000 ) ) ;
#1974 = DIRECTION ( 'NONE',  ( 1.000000000000000000, 0.000000000000000000, -0.000000000000000000 ) ) ;
#1975 = ORIENTED_EDGE ( 'NONE', *, *, #1183, .T. ) ;
#1976 = VECTOR ( 'NONE', #1151, 1000.000000000000000 ) ;
#1977 = CARTESIAN_POINT ( 'NONE',  ( 59.77774584720503270, -37.37518379134043300, 2.000000000000000000 ) ) ;
#1978 = EDGE_LOOP ( 'NONE', ( #556, #1729, #997, #2013 ) ) ;
#1979 = CIRCLE ( 'NONE', #1098, 1.999999999999998224 ) ;
#1980 = DIRECTION ( 'NONE',  ( 1.000000000000000000, 0.000000000000000000, 0.000000000000000000 ) ) ;
#1981 = DIRECTION ( 'NONE',  ( -0.000000000000000000, -0.000000000000000000, -1.000000000000000000 ) ) ;
#1982 = ORIENTED_EDGE ( 'NONE', *, *, #1333, .T. ) ;
#1983 = EDGE_LOOP ( 'NONE', ( #2353, #1015, #1302, #1873 ) ) ;
#1984 = CC_DESIGN_APPROVAL ( #1348, ( #2152 ) ) ;
#1985 = CARTESIAN_POINT ( 'NONE',  ( 35.22836159304138448, -28.88007896740467118, 17.60005080010200373 ) ) ;
#1986 = VERTEX_POINT ( 'NONE', #1527 ) ;
#1987 = EDGE_CURVE ( 'NONE', #31, #418, #743, .T. ) ;
#1988 = CARTESIAN_POINT ( 'NONE',  ( 62.82774965721253579, -37.37518379134043300, 16.00000000000000000 ) ) ;
#1989 = VERTEX_POINT ( 'NONE', #361 ) ;
#1990 = CARTESIAN_POINT ( 'NONE',  ( 69.04976134123553777, 9.106909172845567113, 16.00000000000000000 ) ) ;
#1991 = VERTEX_POINT ( 'NONE', #1495 ) ;
#1992 = CARTESIAN_POINT ( 'NONE',  ( 34.51227214434504020, -29.58346420793345288, 2.000000000000000000 ) ) ;
#1993 = FACE_OUTER_BOUND ( 'NONE', #236, .T. ) ;
#1994 = ORIENTED_EDGE ( 'NONE', *, *, #1689, .F. ) ;
#1995 = VECTOR ( 'NONE', #1220, 1000.000000000000114 ) ;
#1996 = FACE_OUTER_BOUND ( 'NONE', #1083, .T. ) ;
#1997 = VERTEX_POINT ( 'NONE', #933 ) ;
#1998 = PLANE ( 'NONE',  #669 ) ;
#1999 = ORIENTED_EDGE ( 'NONE', *, *, #1747, .F. ) ;
#2000 = VECTOR ( 'NONE', #2132, 1000.000000000000000 ) ;
#2001 = CIRCLE ( 'NONE', #1888, 2.987304830556952950 ) ;
#2002 = DIRECTION ( 'NONE',  ( -1.704313821783124685E-14, 1.000000000000000000, 0.000000000000000000 ) ) ;
#2003 = ORIENTED_EDGE ( 'NONE', *, *, #1791, .F. ) ;
#2004 = DIRECTION ( 'NONE',  ( -0.000000000000000000, -0.000000000000000000, -1.000000000000000000 ) ) ;
#2005 = ORIENTED_EDGE ( 'NONE', *, *, #972, .T. ) ;
#2006 = EDGE_CURVE ( 'NONE', #1026, #124, #1708, .T. ) ;
#2007 = CARTESIAN_POINT ( 'NONE',  ( 23.20067256176208659, -28.58346420786892494, 17.60005080010200373 ) ) ;
#2008 = FACE_OUTER_BOUND ( 'NONE', #1240, .T. ) ;
#2009 = ORIENTED_EDGE ( 'NONE', *, *, #1031, .T. ) ;
#2010 = AXIS2_PLACEMENT_3D ( 'NONE', #1123, #190, #1145 ) ;
#2011 = LINE ( 'NONE', #96, #165 ) ;
#2012 = AXIS2_PLACEMENT_3D ( 'NONE', #340, #164, #2478 ) ;
#2013 = ORIENTED_EDGE ( 'NONE', *, *, #1929, .F. ) ;
#2014 = DIRECTION ( 'NONE',  ( -0.000000000000000000, -0.000000000000000000, -1.000000000000000000 ) ) ;
#2015 = EDGE_LOOP ( 'NONE', ( #317, #1880, #2238, #2063 ) ) ;
#2016 = DIRECTION ( 'NONE',  ( 0.000000000000000000, 0.000000000000000000, 1.000000000000000000 ) ) ;
#2017 = VERTEX_POINT ( 'NONE', #1683 ) ;
#2018 = CARTESIAN_POINT ( 'NONE',  ( 33.73400000000021492, -25.58346420790139319, 16.10000000000000142 ) ) ;
#2019 = DIRECTION ( 'NONE',  ( -1.000000000000000000, 0.000000000000000000, 0.000000000000000000 ) ) ;
#2020 = DIRECTION ( 'NONE',  ( -1.000000000000000000, 5.459542549265563769E-14, 0.000000000000000000 ) ) ;
#2021 = ADVANCED_FACE ( 'NONE', ( #756 ), #2473, .T. ) ;
#2022 = ADVANCED_FACE ( 'NONE', ( #1717 ), #537, .T. ) ;
#2023 = CIRCLE ( 'NONE', #43, 2.050003810007500427 ) ;
#2024 = ORIENTED_EDGE ( 'NONE', *, *, #1352, .F. ) ;
#2025 = CARTESIAN_POINT ( 'NONE',  ( 50.39315987161703703, -39.82018812888543380, 2.000000000000000000 ) ) ;
#2026 = CARTESIAN_POINT ( 'NONE',  ( 7.319784197698041339, -39.82018812888543380, 17.60005080010200373 ) ) ;
#2027 = ORIENTED_EDGE ( 'NONE', *, *, #973, .T. ) ;
#2028 = LOCAL_TIME ( 20, 55, 6.000000000000000000, #2130 ) ;
#2029 = CARTESIAN_POINT ( 'NONE',  ( 23.53400000000005576, -28.58346420794512710, 141.8952659556790081 ) ) ;
#2030 = DIRECTION ( 'NONE',  ( 0.000000000000000000, 0.000000000000000000, 1.000000000000000000 ) ) ;
#2031 = FACE_OUTER_BOUND ( 'NONE', #269, .T. ) ;
#2032 = FACE_OUTER_BOUND ( 'NONE', #1961, .T. ) ;
#2033 = ADVANCED_FACE ( 'NONE', ( #2257 ), #2244, .T. ) ;
#2034 = CARTESIAN_POINT ( 'NONE',  ( -21.72429320463857749, -39.82018782540143320, 17.60005080010200373 ) ) ;
#2035 = ORIENTED_EDGE ( 'NONE', *, *, #2051, .F. ) ;
#2036 = VECTOR ( 'NONE', #220, 1000.000000000000000 ) ;
#2037 = EDGE_CURVE ( 'NONE', #2176, #2017, #2491, .T. ) ;
#2038 = AXIS2_PLACEMENT_3D ( 'NONE', #278, #2196, #682 ) ;
#2039 = DIRECTION ( 'NONE',  ( -1.000000000000000000, 2.286004426181961200E-10, 0.000000000000000000 ) ) ;
#2040 = VERTEX_POINT ( 'NONE', #560 ) ;
#2041 = VERTEX_POINT ( 'NONE', #2497 ) ;
#2042 = DIRECTION ( 'NONE',  ( 0.000000000000000000, 0.000000000000000000, 1.000000000000000000 ) ) ;
#2043 = PLANE ( 'NONE',  #1764 ) ;
#2044 = CARTESIAN_POINT ( 'NONE',  ( -5.872384963056457075, -37.37518379134043300, 16.00000000000000000 ) ) ;
#2045 = AXIS2_PLACEMENT_3D ( 'NONE', #876, #1068, #1816 ) ;
#2046 = DIRECTION ( 'NONE',  ( 1.000000000000000000, 0.000000000000000000, 0.000000000000000000 ) ) ;
#2047 = CARTESIAN_POINT ( 'NONE',  ( -1.419377597041468597, 1.613894186815574727, 2.000000000000000000 ) ) ;
#2048 = ORIENTED_EDGE ( 'NONE', *, *, #2066, .F. ) ;
#2049 = FACE_OUTER_BOUND ( 'NONE', #1218, .T. ) ;
#2050 = ORIENTED_EDGE ( 'NONE', *, *, #1582, .T. ) ;
#2051 = EDGE_CURVE ( 'NONE', #839, #1421, #1896, .T. ) ;
#2052 = ORIENTED_EDGE ( 'NONE', *, *, #2423, .F. ) ;
#2053 = EDGE_CURVE ( 'NONE', #323, #2249, #345, .T. ) ;
#2054 = DIRECTION ( 'NONE',  ( -1.000000000000000000, -5.240190786826334002E-15, 0.000000000000000000 ) ) ;
#2055 = CARTESIAN_POINT ( 'NONE',  ( 78.49386288221843699, -39.29912145254436240, 2.000000000000000000 ) ) ;
#2056 = ORIENTED_EDGE ( 'NONE', *, *, #2389, .T. ) ;
#2057 = CARTESIAN_POINT ( 'NONE',  ( -9.591377195159761726, 23.20157349552904691, 0.000000000000000000 ) ) ;
#2058 = DIRECTION ( 'NONE',  ( -0.1744272787093839594, -0.9846700586704356661, 0.000000000000000000 ) ) ;
#2059 = AXIS2_PLACEMENT_3D ( 'NONE', #2442, #329, #1091 ) ;
#2060 = ORIENTED_EDGE ( 'NONE', *, *, #1236, .T. ) ;
#2061 = CIRCLE ( 'NONE', #1426, 3.050003810007499538 ) ;
#2062 = CARTESIAN_POINT ( 'NONE',  ( 64.44990204428803793, 22.85493600417956728, 2.000000000000000000 ) ) ;
#2063 = ORIENTED_EDGE ( 'NONE', *, *, #428, .T. ) ;
#2064 = DIRECTION ( 'NONE',  ( 0.000000000000000000, 0.000000000000000000, -1.000000000000000000 ) ) ;
#2065 = ORIENTED_EDGE ( 'NONE', *, *, #2296, .F. ) ;
#2066 = EDGE_CURVE ( 'NONE', #2310, #177, #547, .T. ) ;
#2067 = DIRECTION ( 'NONE',  ( 1.000000000000000000, 0.000000000000000000, 0.000000000000000000 ) ) ;
#2068 = DIRECTION ( 'NONE',  ( 0.000000000000000000, 0.000000000000000000, 1.000000000000000000 ) ) ;
#2069 = AXIS2_PLACEMENT_3D ( 'NONE', #2458, #915, #2445 ) ;
#2070 = CARTESIAN_POINT ( 'NONE',  ( 50.39315796932634584, -42.80749265595809305, 2.000000000000000000 ) ) ;
#2071 = FACE_OUTER_BOUND ( 'NONE', #1322, .T. ) ;
#2072 = ORIENTED_EDGE ( 'NONE', *, *, #1140, .T. ) ;
#2073 = CARTESIAN_POINT ( 'NONE',  ( -6.519385217056453463, 1.613894186815567622, 16.00000000000000000 ) ) ;
#2074 = ORIENTED_EDGE ( 'NONE', *, *, #1503, .T. ) ;
#2075 = ORIENTED_EDGE ( 'NONE', *, *, #720, .F. ) ;
#2076 = CLOSED_SHELL ( 'NONE', ( #1733, #1166, #1661, #1600, #985, #878, #1675, #1548, #1533, #775, #28, #186, #1351, #461, #2269, #444, #187, #1926, #1475, #1706, #443, #1276, #1335, #1808, #2109, #2357, #1411, #79, #451, #95, #2483, #1291, #140, #338, #304, #2220, #482, #337, #2022, #1414, #2251, #1841, #1048, #425, #1942, #1318, #2469, #761, #2408, #1618, #1660, #2, #2327, #1502, #882, #2405, #1262, #1235, #1137, #632, #1715, #808, #1631, #2082, #293, #485, #940, #2096, #788, #1013, #397, #692, #552, #1033, #1064, #2033, #2021, #825, #2123, #1460, #1903, #928 ) ) ;
#2077 = CARTESIAN_POINT ( 'NONE',  ( 23.20067192497030106, -27.58346420785843023, 2.000000000000000000 ) ) ;
#2078 = DIRECTION ( 'NONE',  ( 1.000000000000000000, 0.000000000000000000, 0.000000000000000000 ) ) ;
#2079 = CARTESIAN_POINT ( 'NONE',  ( -4.872384963056471285, -37.37518379134043300, 16.00000000000000000 ) ) ;
#2080 = CARTESIAN_POINT ( 'NONE',  ( 79.47853300489651929, -39.12469453516816031, 2.000000000000000000 ) ) ;
#2081 = VECTOR ( 'NONE', #673, 1000.000000000000000 ) ;
#2082 = ADVANCED_FACE ( 'NONE', ( #149 ), #1446, .T. ) ;
#2083 = CIRCLE ( 'NONE', #1687, 1.987304527073248339 ) ;
#2084 = DIRECTION ( 'NONE',  ( -0.7071067123851214609, 0.7071068499879669123, 0.000000000000000000 ) ) ;
#2085 = ORIENTED_EDGE ( 'NONE', *, *, #1331, .F. ) ;
#2086 = DIRECTION ( 'NONE',  ( 0.000000000000000000, 0.000000000000000000, 1.000000000000000000 ) ) ;
#2087 = ORIENTED_EDGE ( 'NONE', *, *, #1082, .F. ) ;
#2088 = TOROIDAL_SURFACE ( 'NONE', #2495, 1.987304830557217183, 2.000000000000000000 ) ;
#2089 = DIRECTION ( 'NONE',  ( 4.813031674819610417E-17, -1.000000000000000000, 0.000000000000000000 ) ) ;
#2090 = CARTESIAN_POINT ( 'NONE',  ( 75.55235341420905115, -42.80749265595836306, 2.000000000000001776 ) ) ;
#2091 = ORIENTED_EDGE ( 'NONE', *, *, #319, .F. ) ;
#2092 = CYLINDRICAL_SURFACE ( 'NONE', #378, 2.050003810007499538 ) ;
#2093 = CYLINDRICAL_SURFACE ( 'NONE', #787, 3.987304830557661273 ) ;
#2094 = EDGE_CURVE ( 'NONE', #1006, #1261, #2160, .T. ) ;
#2095 = PLANE ( 'NONE',  #1416 ) ;
#2096 = ADVANCED_FACE ( 'NONE', ( #734 ), #2117, .T. ) ;
#2097 = VERTEX_POINT ( 'NONE', #2090 ) ;
#2098 = CIRCLE ( 'NONE', #1202, 3.050003810007501315 ) ;
#2099 = DIRECTION ( 'NONE',  ( 1.000000000000000000, 0.000000000000000000, -0.000000000000000000 ) ) ;
#2100 = CIRCLE ( 'NONE', #1670, 2.012704577905630288 ) ;
#2101 = DIRECTION ( 'NONE',  ( 1.000000000000000000, 4.813031674819610417E-17, 0.000000000000000000 ) ) ;
#2102 = CARTESIAN_POINT ( 'NONE',  ( 64.44990204428803793, 22.85493600417956728, 2.000000000000000000 ) ) ;
#2103 = VERTEX_POINT ( 'NONE', #515 ) ;
#2104 = DIRECTION ( 'NONE',  ( -0.000000000000000000, -0.000000000000000000, -1.000000000000000000 ) ) ;
#2105 = CARTESIAN_POINT ( 'NONE',  ( -18.73698889414401592, -42.80749265595895281, 2.000000000000000000 ) ) ;
#2106 = EDGE_LOOP ( 'NONE', ( #2075, #478 ) ) ;
#2107 = EDGE_CURVE ( 'NONE', #1703, #372, #1295, .T. ) ;
#2108 = CALENDAR_DATE ( 2026, 13, 9 ) ;
#2109 = ADVANCED_FACE ( 'NONE', ( #779 ), #40, .T. ) ;
#2110 = DIRECTION ( 'NONE',  ( -0.000000000000000000, -0.000000000000000000, -1.000000000000000000 ) ) ;
#2111 = CARTESIAN_POINT ( 'NONE',  ( -18.73698906823507215, -43.80749265595893860, 17.60005080010200373 ) ) ;
#2112 = CYLINDRICAL_SURFACE ( 'NONE', #1842, 2.050003810007499538 ) ;
#2113 = FACE_BOUND ( 'NONE', #136, .T. ) ;
#2114 = FACE_OUTER_BOUND ( 'NONE', #1285, .T. ) ;
#2115 = VECTOR ( 'NONE', #2372, 1000.000000000000000 ) ;
#2116 = CYLINDRICAL_SURFACE ( 'NONE', #1171, 3.987304527073248561 ) ;
#2117 = TOROIDAL_SURFACE ( 'NONE', #2409, 1.987304830557662161, 2.000000000000000000 ) ;
#2118 = ORIENTED_EDGE ( 'NONE', *, *, #2155, .T. ) ;
#2119 = AXIS2_PLACEMENT_3D ( 'NONE', #1120, #1506, #2268 ) ;
#2120 = EDGE_CURVE ( 'NONE', #2324, #1718, #2350, .T. ) ;
#2121 = DIRECTION ( 'NONE',  ( 0.7071063309064544722, 0.7071072314659729852, 7.340916477233401667E-07 ) ) ;
#2122 = CARTESIAN_POINT ( 'NONE',  ( -5.519385217056467674, 1.613894186815574505, 16.00000000000000000 ) ) ;
#2123 = ADVANCED_FACE ( 'NONE', ( #1402 ), #2361, .T. ) ;
#2124 = VERTEX_POINT ( 'NONE', #1003 ) ;
#2125 = CIRCLE ( 'NONE', #2010, 0.01270457790562840028 ) ;
#2126 = DIRECTION ( 'NONE',  ( -0.7071068499879341607, 0.7071067123851542124, -0.000000000000000000 ) ) ;
#2127 = CARTESIAN_POINT ( 'NONE',  ( 21.77747524482408181, -28.17297263651539296, 2.000000000000000000 ) ) ;
#2128 = CARTESIAN_POINT ( 'NONE',  ( 33.73400000000000176, -29.58346420790139319, 16.10000000000000142 ) ) ;
#2129 = EDGE_LOOP ( 'NONE', ( #534, #853, #644, #1955 ) ) ;
#2130 = COORDINATED_UNIVERSAL_TIME_OFFSET ( 8, 0, .AHEAD. ) ;
#2131 = LINE ( 'NONE', #1947, #1782 ) ;
#2132 = DIRECTION ( 'NONE',  ( -1.000000000000000000, -4.527083619357869128E-15, 0.000000000000000000 ) ) ;
#2133 = CIRCLE ( 'NONE', #1825, 1.987304639328732803 ) ;
#2134 = CARTESIAN_POINT ( 'NONE',  ( 23.20067256176208659, -28.58346420786892494, 2.000000000000000000 ) ) ;
#2135 = EDGE_CURVE ( 'NONE', #2242, #266, #2161, .T. ) ;
#2136 = DIRECTION ( 'NONE',  ( 0.000000000000000000, 0.000000000000000000, 1.000000000000000000 ) ) ;
#2137 = DIRECTION ( 'NONE',  ( -1.000000000000000000, 0.000000000000000000, 0.000000000000000000 ) ) ;
#2138 = EDGE_CURVE ( 'NONE', #423, #913, #2338, .T. ) ;
#2139 = DIRECTION ( 'NONE',  ( 0.000000000000000000, 0.000000000000000000, 1.000000000000000000 ) ) ;
#2140 = ORIENTED_EDGE ( 'NONE', *, *, #2356, .T. ) ;
#2141 = VECTOR ( 'NONE', #2016, 1000.000000000000000 ) ;
#2142 = AXIS2_PLACEMENT_3D ( 'NONE', #2430, #2241, #1311 ) ;
#2143 = APPROVAL_DATE_TIME ( #1399, #1348 ) ;
#2144 = CARTESIAN_POINT ( 'NONE',  ( -10.57604725383109567, 23.37600077423859446, 141.8952659556790081 ) ) ;
#2145 = CARTESIAN_POINT ( 'NONE',  ( 34.51227086267104482, -29.59616878577443444, 2.000000000000000000 ) ) ;
#2146 = ORIENTED_EDGE ( 'NONE', *, *, #1689, .T. ) ;
#2147 = CARTESIAN_POINT ( 'NONE',  ( -18.73698837408095841, -39.82018782540143320, 17.60005080010200373 ) ) ;
#2148 = DIRECTION ( 'NONE',  ( -1.000000000000000000, 0.000000000000000000, 0.000000000000000000 ) ) ;
#2149 = ORIENTED_EDGE ( 'NONE', *, *, #1428, .F. ) ;
#2150 = CARTESIAN_POINT ( 'NONE',  ( 34.52125436156951821, -29.58718529831718413, 17.60005080010200373 ) ) ;
#2151 = VECTOR ( 'NONE', #1937, 1000.000000000000000 ) ;
#2152 = PRODUCT_DEFINITION ( 'æœ', '', #1388, #26 ) ;
#2153 = ORIENTED_EDGE ( 'NONE', *, *, #2156, .T. ) ;
#2154 = CARTESIAN_POINT ( 'NONE',  ( 75.55235306823703922, -39.82018782540143320, 17.60005080010200373 ) ) ;
#2155 = EDGE_CURVE ( 'NONE', #618, #826, #218, .T. ) ;
#2156 = EDGE_CURVE ( 'NONE', #2455, #111, #1580, .T. ) ;
#2157 = EDGE_LOOP ( 'NONE', ( #1525, #2153, #1915, #1461 ) ) ;
#2158 = MECHANICAL_CONTEXT ( 'NONE', #1894, 'mechanical' ) ;
#2159 = ORIENTED_EDGE ( 'NONE', *, *, #973, .F. ) ;
#2160 = CIRCLE ( 'NONE', #781, 2.050003810007500427 ) ;
#2161 = LINE ( 'NONE', #1370, #189 ) ;
#2162 = ORIENTED_EDGE ( 'NONE', *, *, #735, .T. ) ;
#2163 = DIRECTION ( 'NONE',  ( -0.000000000000000000, -0.000000000000000000, -1.000000000000000000 ) ) ;
#2164 = ORIENTED_EDGE ( 'NONE', *, *, #2235, .T. ) ;
#2165 = CARTESIAN_POINT ( 'NONE',  ( 75.55235341420905115, -43.80749265595869701, 17.60005080010200373 ) ) ;
#2166 = ORIENTED_EDGE ( 'NONE', *, *, #1381, .T. ) ;
#2167 = VECTOR ( 'NONE', #1347, 1000.000000000000000 ) ;
#2168 = CARTESIAN_POINT ( 'NONE',  ( -7.634537350131957112, 22.85493600417956728, 2.000000000000000000 ) ) ;
#2169 = PLANE ( 'NONE',  #1124 ) ;
#2170 = VECTOR ( 'NONE', #77, 1000.000000000000000 ) ;
#2171 = EDGE_LOOP ( 'NONE', ( #585, #167, #1709, #660 ) ) ;
#2172 = EDGE_CURVE ( 'NONE', #865, #1690, #66, .T. ) ;
#2173 = EDGE_CURVE ( 'NONE', #822, #801, #804, .T. ) ;
#2174 = ORIENTED_EDGE ( 'NONE', *, *, #57, .F. ) ;
#2175 = DIRECTION ( 'NONE',  ( -0.000000000000000000, -0.000000000000000000, -1.000000000000000000 ) ) ;
#2176 = VERTEX_POINT ( 'NONE', #209 ) ;
#2177 = LINE ( 'NONE', #651, #909 ) ;
#2178 = DIRECTION ( 'NONE',  ( 0.1744272787093671673, -0.9846700586704384417, 0.000000000000000000 ) ) ;
#2179 = EDGE_LOOP ( 'NONE', ( #1869, #1029, #2446, #2056 ) ) ;
#2180 = VECTOR ( 'NONE', #2314, 1000.000000000000114 ) ;
#2181 = DIRECTION ( 'NONE',  ( 0.000000000000000000, 0.000000000000000000, 1.000000000000000000 ) ) ;
#2182 = ORIENTED_EDGE ( 'NONE', *, *, #2457, .F. ) ;
#2183 = AXIS2_PLACEMENT_3D ( 'NONE', #932, #1881, #2484 ) ;
#2184 = DIRECTION ( 'NONE',  ( -0.7071067122537589844, 0.7071068501193292777, 0.000000000000000000 ) ) ;
#2185 = FACE_BOUND ( 'NONE', #938, .T. ) ;
#2186 = VERTEX_POINT ( 'NONE', #1204 ) ;
#2187 = EDGE_LOOP ( 'NONE', ( #752, #1156, #2190, #641 ) ) ;
#2188 = CC_DESIGN_APPROVAL ( #1272, ( #1388 ) ) ;
#2189 = CYLINDRICAL_SURFACE ( 'NONE', #872, 3.050003810007499538 ) ;
#2190 = ORIENTED_EDGE ( 'NONE', *, *, #1701, .F. ) ;
#2191 = EDGE_CURVE ( 'NONE', #1704, #499, #1164, .T. ) ;
#2192 = FACE_OUTER_BOUND ( 'NONE', #1104, .T. ) ;
#2193 = VERTEX_POINT ( 'NONE', #2304 ) ;
#2194 = DIRECTION ( 'NONE',  ( 1.000000000000000000, 0.000000000000000000, -0.000000000000000000 ) ) ;
#2195 = ORIENTED_EDGE ( 'NONE', *, *, #379, .T. ) ;
#2196 = DIRECTION ( 'NONE',  ( 0.7071068499879669123, 0.7071067123851214609, -0.000000000000000000 ) ) ;
#2197 = FACE_OUTER_BOUND ( 'NONE', #1925, .T. ) ;
#2198 = ORIENTED_EDGE ( 'NONE', *, *, #1515, .F. ) ;
#2199 = DIRECTION ( 'NONE',  ( -0.000000000000000000, -0.000000000000000000, -1.000000000000000000 ) ) ;
#2200 = EDGE_LOOP ( 'NONE', ( #109, #930, #902, #430 ) ) ;
#2201 = CARTESIAN_POINT ( 'NONE',  ( -9.591377195160660563, 23.20157349552920678, 2.000000000000000000 ) ) ;
#2202 = VERTEX_POINT ( 'NONE', #1569 ) ;
#2203 = AXIS2_PLACEMENT_3D ( 'NONE', #1250, #2175, #1429 ) ;
#2204 = VECTOR ( 'NONE', #589, 1000.000000000000000 ) ;
#2205 = EDGE_CURVE ( 'NONE', #65, #124, #1971, .T. ) ;
#2206 = LINE ( 'NONE', #1085, #132 ) ;
#2207 = ORIENTED_EDGE ( 'NONE', *, *, #2237, .T. ) ;
#2208 = CARTESIAN_POINT ( 'NONE',  ( -3.469381407048968136, 1.613894186815574505, 2.000000000000000000 ) ) ;
#2209 = ORIENTED_EDGE ( 'NONE', *, *, #1578, .T. ) ;
#2210 = CYLINDRICAL_SURFACE ( 'NONE', #2321, 2.987304527073480820 ) ;
#2211 = CARTESIAN_POINT ( 'NONE',  ( -3.469381407048953925, 1.613894186815567622, 2.000000000000000000 ) ) ;
#2212 = EDGE_LOOP ( 'NONE', ( #2195, #2336, #2052, #1713 ) ) ;
#2213 = FACE_OUTER_BOUND ( 'NONE', #446, .T. ) ;
#2214 = AXIS2_PLACEMENT_3D ( 'NONE', #785, #1981, #1574 ) ;
#2215 = DIRECTION ( 'NONE',  ( 5.459542549265563769E-14, 1.000000000000000000, 0.000000000000000000 ) ) ;
#2216 = VERTEX_POINT ( 'NONE', #239 ) ;
#2217 = LINE ( 'NONE', #879, #1938 ) ;
#2218 = DIRECTION ( 'NONE',  ( 5.459542549265563769E-14, 1.000000000000000000, 0.000000000000000000 ) ) ;
#2219 = EDGE_CURVE ( 'NONE', #2401, #456, #1379, .T. ) ;
#2220 = ADVANCED_FACE ( 'NONE', ( #570 ), #1788, .T. ) ;
#2221 = CARTESIAN_POINT ( 'NONE',  ( 57.72774203719752251, -37.37518379134043300, 16.00000000000000000 ) ) ;
#2222 = DIRECTION ( 'NONE',  ( 1.000000000000000000, 0.000000000000000000, 0.000000000000000000 ) ) ;
#2223 = AXIS2_PLACEMENT_3D ( 'NONE', #577, #1918, #375 ) ;
#2224 = EDGE_CURVE ( 'NONE', #1769, #874, #1485, .T. ) ;
#2225 = DIRECTION ( 'NONE',  ( -0.000000000000000000, -0.000000000000000000, -1.000000000000000000 ) ) ;
#2226 = ORIENTED_EDGE ( 'NONE', *, *, #846, .T. ) ;
#2227 = DIRECTION ( 'NONE',  ( -0.000000000000000000, -0.000000000000000000, -1.000000000000000000 ) ) ;
#2228 = ORIENTED_EDGE ( 'NONE', *, *, #1441, .F. ) ;
#2229 = AXIS2_PLACEMENT_3D ( 'NONE', #500, #2364, #901 ) ;
#2230 = DIRECTION ( 'NONE',  ( 0.000000000000000000, 0.000000000000000000, 1.000000000000000000 ) ) ;
#2231 = CARTESIAN_POINT ( 'NONE',  ( -11.56071731250153078, 23.55042805294797503, 2.000000000000000000 ) ) ;
#2232 = VERTEX_POINT ( 'NONE', #768 ) ;
#2233 = DIRECTION ( 'NONE',  ( -1.000000000000000000, 0.000000000000000000, 0.000000000000000000 ) ) ;
#2234 = CARTESIAN_POINT ( 'NONE',  ( 23.20067256176208659, -28.58346420872217308, 141.8952659556790081 ) ) ;
#2235 = EDGE_CURVE ( 'NONE', #1997, #913, #1077, .T. ) ;
#2236 = DIRECTION ( 'NONE',  ( 0.1744272787093671673, -0.9846700586704384417, 0.000000000000000000 ) ) ;
#2237 = EDGE_CURVE ( 'NONE', #865, #1901, #546, .T. ) ;
#2238 = ORIENTED_EDGE ( 'NONE', *, *, #1219, .F. ) ;
#2239 = AXIS2_PLACEMENT_3D ( 'NONE', #1610, #1180, #1949 ) ;
#2240 = CIRCLE ( 'NONE', #1148, 3.987304639328545619 ) ;
#2241 = DIRECTION ( 'NONE',  ( 0.9846700586704361102, -0.1744272787093807398, 0.000000000000000000 ) ) ;
#2242 = VERTEX_POINT ( 'NONE', #1740 ) ;
#2243 = CARTESIAN_POINT ( 'NONE',  ( 7.319785463197043818, -43.80749265595850517, 17.60005080010200373 ) ) ;
#2244 = TOROIDAL_SURFACE ( 'NONE', #1523, 1.987304639328483002, 2.000000000000000000 ) ;
#2245 = FACE_OUTER_BOUND ( 'NONE', #306, .T. ) ;
#2246 = DIRECTION ( 'NONE',  ( 0.1744272787093660293, -0.9846700586704386637, 0.000000000000000000 ) ) ;
#2247 = CARTESIAN_POINT ( 'NONE',  ( -7.634537882894242955, 26.84224064350826211, 2.000000000000000000 ) ) ;
#2248 = DIRECTION ( 'NONE',  ( 0.000000000000000000, 0.000000000000000000, 1.000000000000000000 ) ) ;
#2249 = VERTEX_POINT ( 'NONE', #791 ) ;
#2250 = EDGE_CURVE ( 'NONE', #1812, #2310, #417, .T. ) ;
#2251 = ADVANCED_FACE ( 'NONE', ( #83 ), #1998, .T. ) ;
#2252 = CIRCLE ( 'NONE', #962, 2.050003810007499538 ) ;
#2253 = UNCERTAINTY_MEASURE_WITH_UNIT (LENGTH_MEASURE( 1.000000000000000082E-05 ), #316, 'distance_accuracy_value', 'NONE');
#2254 = FACE_OUTER_BOUND ( 'NONE', #1277, .T. ) ;
#2255 = ORIENTED_EDGE ( 'NONE', *, *, #566, .F. ) ;
#2256 = DIRECTION ( 'NONE',  ( -0.000000000000000000, -0.000000000000000000, -1.000000000000000000 ) ) ;
#2257 = FACE_OUTER_BOUND ( 'NONE', #2171, .T. ) ;
#2258 = CARTESIAN_POINT ( 'NONE',  ( -11.56071731250153078, 23.55042805294797503, 17.60005080010200373 ) ) ;
#2259 = DIRECTION ( 'NONE',  ( -1.000000000000000000, 0.000000000000000000, 0.000000000000000000 ) ) ;
#2260 = CARTESIAN_POINT ( 'NONE',  ( -10.57604725383109567, 23.37600077423859446, 2.000000000000000000 ) ) ;
#2261 = TOROIDAL_SURFACE ( 'NONE', #2465, 2.012704577916409665, 2.000000000000000000 ) ;
#2262 = EDGE_LOOP ( 'NONE', ( #2299, #732, #1499, #548 ) ) ;
#2263 = VECTOR ( 'NONE', #689, 1000.000000000000000 ) ;
#2264 = CARTESIAN_POINT ( 'NONE',  ( -6.519385217056453463, 1.613894186815567622, 16.00000000000000000 ) ) ;
#2265 = ORIENTED_EDGE ( 'NONE', *, *, #379, .F. ) ;
#2266 = ORIENTED_EDGE ( 'NONE', *, *, #2120, .T. ) ;
#2267 = CARTESIAN_POINT ( 'NONE',  ( -18.73698906823507215, -43.80749265595893860, 17.60005080010200373 ) ) ;
#2268 = DIRECTION ( 'NONE',  ( -1.000000000000000000, 0.000000000000000000, 0.000000000000000000 ) ) ;
#2269 = ADVANCED_FACE ( 'NONE', ( #864 ), #2189, .T. ) ;
#2270 = AXIS2_PLACEMENT_3D ( 'NONE', #123, #1830, #1467 ) ;
#2271 = ORIENTED_EDGE ( 'NONE', *, *, #1677, .T. ) ;
#2272 = CYLINDRICAL_SURFACE ( 'NONE', #353, 2.050003810007500427 ) ;
#2273 = DIRECTION ( 'NONE',  ( 1.000000000000000000, 0.000000000000000000, 0.000000000000000000 ) ) ;
#2274 = EDGE_CURVE ( 'NONE', #1690, #805, #1803, .T. ) ;
#2275 = EDGE_LOOP ( 'NONE', ( #1480, #1513, #2368, #1646 ) ) ;
#2276 = DIRECTION ( 'NONE',  ( 0.000000000000000000, 0.000000000000000000, 1.000000000000000000 ) ) ;
#2277 = ORIENTED_EDGE ( 'NONE', *, *, #201, .T. ) ;
#2278 = AXIS2_PLACEMENT_3D ( 'NONE', #1916, #1359, #770 ) ;
#2279 = DIRECTION ( 'NONE',  ( -0.000000000000000000, -0.000000000000000000, -1.000000000000000000 ) ) ;
#2280 = CARTESIAN_POINT ( 'NONE',  ( 50.39315733253469887, -41.80749265595796516, 2.000000000000000000 ) ) ;
#2281 = ORIENTED_EDGE ( 'NONE', *, *, #78, .T. ) ;
#2282 = EDGE_CURVE ( 'NONE', #1692, #2417, #832, .T. ) ;
#2283 = LINE ( 'NONE', #1329, #542 ) ;
#2284 = EDGE_CURVE ( 'NONE', #1989, #1767, #1658, .T. ) ;
#2285 = DIRECTION ( 'NONE',  ( 0.000000000000000000, 0.000000000000000000, 1.000000000000000000 ) ) ;
#2286 = AXIS2_PLACEMENT_3D ( 'NONE', #2280, #944, #346 ) ;
#2287 = LINE ( 'NONE', #2309, #753 ) ;
#2288 = ORIENTED_EDGE ( 'NONE', *, *, #350, .T. ) ;
#2289 = CARTESIAN_POINT ( 'NONE',  ( 75.55235306823703922, -39.82018782540143320, 2.000000000000000000 ) ) ;
#2290 = VECTOR ( 'NONE', #984, 1000.000000000000114 ) ;
#2291 = CARTESIAN_POINT ( 'NONE',  ( -11.56071731250153078, 23.55042805294797503, 2.000000000000000000 ) ) ;
#2292 = ORIENTED_EDGE ( 'NONE', *, *, #1515, .T. ) ;
#2293 = CIRCLE ( 'NONE', #1203, 2.050003810007500427 ) ;
#2294 = CARTESIAN_POINT ( 'NONE',  ( -2.822381153048971747, -37.37518379134043300, 16.00000000000000000 ) ) ;
#2295 = PLANE ( 'NONE',  #1694 ) ;
#2296 = EDGE_CURVE ( 'NONE', #1010, #2376, #709, .T. ) ;
#2297 = CARTESIAN_POINT ( 'NONE',  ( 78.49386288221845120, -39.29912145254443345, 17.60005080010200373 ) ) ;
#2298 = EDGE_CURVE ( 'NONE', #432, #822, #2448, .T. ) ;
#2299 = ORIENTED_EDGE ( 'NONE', *, *, #1719, .F. ) ;
#2300 = CIRCLE ( 'NONE', #647, 2.000000000000000444 ) ;
#2301 = PERSON_AND_ORGANIZATION_ROLE ( 'design_owner' ) ;
#2302 = AXIS2_PLACEMENT_3D ( 'NONE', #285, #2002, #1071 ) ;
#2303 = CARTESIAN_POINT ( 'NONE',  ( 34.51227086267104482, -29.59616878577443444, 2.000000000000000000 ) ) ;
#2304 = CARTESIAN_POINT ( 'NONE',  ( 50.39315796932634584, -42.80749265595809305, 2.000000000000000000 ) ) ;
#2305 = ORIENTED_EDGE ( 'NONE', *, *, #1969, .T. ) ;
#2306 = DIRECTION ( 'NONE',  ( 0.1744272787093807120, 0.9846700586704359992, 0.000000000000000000 ) ) ;
#2307 = CARTESIAN_POINT ( 'NONE',  ( 61.82774965721252158, -37.37518379134043300, 16.00000000000000000 ) ) ;
#2308 = DIRECTION ( 'NONE',  ( 0.1744272787093719135, -0.9846700586704375535, 0.000000000000000000 ) ) ;
#2309 = CARTESIAN_POINT ( 'NONE',  ( -7.634537882894240290, 25.84224064350826566, 141.8952659556790081 ) ) ;
#2310 = VERTEX_POINT ( 'NONE', #1622 ) ;
#2311 = EDGE_CURVE ( 'NONE', #1024, #2470, #1367, .T. ) ;
#2312 = EDGE_CURVE ( 'NONE', #674, #831, #634, .T. ) ;
#2313 = APPROVAL_DATE_TIME ( #593, #1456 ) ;
#2314 = DIRECTION ( 'NONE',  ( 0.1744272787093807120, 0.9846700586704359992, 0.000000000000000000 ) ) ;
#2315 = DIRECTION ( 'NONE',  ( 0.000000000000000000, 0.000000000000000000, 1.000000000000000000 ) ) ;
#2316 = ORIENTED_EDGE ( 'NONE', *, *, #1352, .T. ) ;
#2317 = AXIS2_PLACEMENT_3D ( 'NONE', #49, #1559, #1601 ) ;
#2318 = DIRECTION ( 'NONE',  ( 0.000000000000000000, 0.000000000000000000, 1.000000000000000000 ) ) ;
#2319 = CARTESIAN_POINT ( 'NONE',  ( 23.53399999999999892, -29.58346420790083542, 16.10000000000000142 ) ) ;
#2320 = CARTESIAN_POINT ( 'NONE',  ( 75.55235306823703922, -39.82018782540143320, 2.000000000000000000 ) ) ;
#2321 = AXIS2_PLACEMENT_3D ( 'NONE', #483, #1259, #2019 ) ;
#2322 = CARTESIAN_POINT ( 'NONE',  ( 79.47853300489651929, -39.12469453516816031, 2.000000000000000000 ) ) ;
#2323 = AXIS2_PLACEMENT_3D ( 'NONE', #1843, #99, #686 ) ;
#2324 = VERTEX_POINT ( 'NONE', #2377 ) ;
#2325 = CIRCLE ( 'NONE', #1369, 3.987304639328733025 ) ;
#2326 = APPROVAL_STATUS ( 'not_yet_approved' ) ;
#2327 = ADVANCED_FACE ( 'NONE', ( #305 ), #648, .T. ) ;
#2328 = CARTESIAN_POINT ( 'NONE',  ( -11.56071731250153078, 23.55042805294797503, 17.60005080010200373 ) ) ;
#2329 = CARTESIAN_POINT ( 'NONE',  ( 34.52125436155819926, -29.58718529832850663, 2.000000000000000000 ) ) ;
#2330 = AXIS2_PLACEMENT_3D ( 'NONE', #693, #1875, #291 ) ;
#2331 = CARTESIAN_POINT ( 'NONE',  ( -18.73698906823510768, -41.80749265595897413, 0.000000000000000000 ) ) ;
#2332 = VECTOR ( 'NONE', #531, 1000.000000000000227 ) ;
#2333 = FACE_OUTER_BOUND ( 'NONE', #532, .T. ) ;
#2334 = DIRECTION ( 'NONE',  ( -0.000000000000000000, -0.000000000000000000, -1.000000000000000000 ) ) ;
#2335 = CARTESIAN_POINT ( 'NONE',  ( 23.20067319855387566, -29.58346420790081766, 2.000000000000000000 ) ) ;
#2336 = ORIENTED_EDGE ( 'NONE', *, *, #1874, .T. ) ;
#2337 = CARTESIAN_POINT ( 'NONE',  ( -3.469381407048953925, 1.613894186815567622, 16.00000000000000000 ) ) ;
#2338 = LINE ( 'NONE', #980, #1652 ) ;
#2339 = ORIENTED_EDGE ( 'NONE', *, *, #764, .F. ) ;
#2340 = VECTOR ( 'NONE', #183, 1000.000000000000114 ) ;
#2341 = EDGE_CURVE ( 'NONE', #2455, #1325, #1217, .T. ) ;
#2342 = CARTESIAN_POINT ( 'NONE',  ( -18.73698837408095841, -39.82018782540143320, 2.000000000000000000 ) ) ;
#2343 = VERTEX_POINT ( 'NONE', #459 ) ;
#2344 = LINE ( 'NONE', #233, #2290 ) ;
#2345 = EDGE_LOOP ( 'NONE', ( #38, #1581, #2164, #1267 ) ) ;
#2346 = CYLINDRICAL_SURFACE ( 'NONE', #1772, 2.987304830557622193 ) ;
#2347 = ORIENTED_EDGE ( 'NONE', *, *, #2440, .F. ) ;
#2348 = APPROVAL_PERSON_ORGANIZATION ( #1922, #1456, #194 ) ;
#2349 = DIRECTION ( 'NONE',  ( 1.000000000000000000, 0.000000000000000000, 0.000000000000000000 ) ) ;
#2350 = LINE ( 'NONE', #584, #1287 ) ;
#2351 = ORIENTED_EDGE ( 'NONE', *, *, #2224, .F. ) ;
#2352 = CARTESIAN_POINT ( 'NONE',  ( 65.99975753122802757, 9.106909172845574219, 2.000000000000000000 ) ) ;
#2353 = ORIENTED_EDGE ( 'NONE', *, *, #1791, .T. ) ;
#2354 = LINE ( 'NONE', #1931, #519 ) ;
#2355 = CIRCLE ( 'NONE', #144, 2.050003810007499538 ) ;
#2356 = EDGE_CURVE ( 'NONE', #460, #1406, #296, .T. ) ;
#2357 = ADVANCED_FACE ( 'NONE', ( #1039, #253 ), #1856, .T. ) ;
#2358 = EDGE_LOOP ( 'NONE', ( #2149, #330 ) ) ;
#2359 = DIRECTION ( 'NONE',  ( -1.000000000000000000, 0.000000000000000000, 0.000000000000000000 ) ) ;
#2360 = EDGE_LOOP ( 'NONE', ( #235, #384, #2498, #2226, #1615, #1432, #1672, #1640, #522, #343, #1440, #1079, #855, #1060, #2005, #1920, #2266, #1074 ) ) ;
#2361 = TOROIDAL_SURFACE ( 'NONE', #510, 1.987304830557217183, 2.000000000000000000 ) ;
#2362 = ORIENTED_EDGE ( 'NONE', *, *, #2138, .T. ) ;
#2363 = VECTOR ( 'NONE', #1099, 1000.000000000000000 ) ;
#2364 = DIRECTION ( 'NONE',  ( 0.000000000000000000, 0.000000000000000000, -1.000000000000000000 ) ) ;
#2365 = ORIENTED_EDGE ( 'NONE', *, *, #1759, .F. ) ;
#2366 = LINE ( 'NONE', #255, #620 ) ;
#2367 = CARTESIAN_POINT ( 'NONE',  ( 50.39315987161703703, -39.82018812888543380, 17.60005080010200373 ) ) ;
#2368 = ORIENTED_EDGE ( 'NONE', *, *, #2424, .F. ) ;
#2369 = DIRECTION ( 'NONE',  ( 0.000000000000000000, 0.000000000000000000, 1.000000000000000000 ) ) ;
#2370 = ORIENTED_EDGE ( 'NONE', *, *, #1760, .F. ) ;
#2371 = VECTOR ( 'NONE', #1361, 1000.000000000000000 ) ;
#2372 = DIRECTION ( 'NONE',  ( -0.000000000000000000, -0.000000000000000000, -1.000000000000000000 ) ) ;
#2373 = FACE_OUTER_BOUND ( 'NONE', #1603, .T. ) ;
#2374 = VERTEX_POINT ( 'NONE', #659 ) ;
#2375 = EDGE_CURVE ( 'NONE', #1408, #1853, #22, .T. ) ;
#2376 = VERTEX_POINT ( 'NONE', #1025 ) ;
#2377 = CARTESIAN_POINT ( 'NONE',  ( -7.634537615664957144, 24.84224064350826566, 0.000000000000000000 ) ) ;
#2378 = VERTEX_POINT ( 'NONE', #2418 ) ;
#2379 = DIRECTION ( 'NONE',  ( 1.000000000000000000, 0.000000000000000000, 0.000000000000000000 ) ) ;
#2380 = ORIENTED_EDGE ( 'NONE', *, *, #168, .T. ) ;
#2381 = AXIS2_PLACEMENT_3D ( 'NONE', #2403, #1876, #1451 ) ;
#2382 = DIRECTION ( 'NONE',  ( 0.000000000000000000, 0.000000000000000000, 1.000000000000000000 ) ) ;
#2383 = VECTOR ( 'NONE', #1494, 1000.000000000000000 ) ;
#2384 = CARTESIAN_POINT ( 'NONE',  ( 23.19168866962458253, -29.58718633652158303, 2.000000000000000000 ) ) ;
#2385 = CARTESIAN_POINT ( 'NONE',  ( 59.77774584720503270, -37.37518379134043300, 16.00000000000000000 ) ) ;
#2386 = ORIENTED_EDGE ( 'NONE', *, *, #748, .F. ) ;
#2387 = CYLINDRICAL_SURFACE ( 'NONE', #847, 0.01270457790562840028 ) ;
#2388 = ORIENTED_EDGE ( 'NONE', *, *, #153, .F. ) ;
#2389 = EDGE_CURVE ( 'NONE', #1809, #830, #413, .T. ) ;
#2390 = CC_DESIGN_SECURITY_CLASSIFICATION ( #1308, ( #1388 ) ) ;
#2391 = EDGE_CURVE ( 'NONE', #968, #1692, #858, .T. ) ;
#2392 = DIRECTION ( 'NONE',  ( -0.000000000000000000, -0.000000000000000000, -1.000000000000000000 ) ) ;
#2393 = VERTEX_POINT ( 'NONE', #558 ) ;
#2394 = CARTESIAN_POINT ( 'NONE',  ( -7.634537882894242955, 26.84224064350826211, 2.000000000000000000 ) ) ;
#2395 = CARTESIAN_POINT ( 'NONE',  ( 65.99975753122802757, 9.106909172845574219, 16.00000000000000000 ) ) ;
#2396 = ORIENTED_EDGE ( 'NONE', *, *, #1514, .T. ) ;
#2397 = CARTESIAN_POINT ( 'NONE',  ( -3.469381407048953925, 1.613894186815567622, 2.000000000000000000 ) ) ;
#2398 = ORIENTED_EDGE ( 'NONE', *, *, #1874, .F. ) ;
#2399 = DIRECTION ( 'NONE',  ( -0.000000000000000000, -0.000000000000000000, -1.000000000000000000 ) ) ;
#2400 = PLANE ( 'NONE',  #1249 ) ;
#2401 = VERTEX_POINT ( 'NONE', #2480 ) ;
#2402 = VECTOR ( 'NONE', #2104, 1000.000000000000000 ) ;
#2403 = CARTESIAN_POINT ( 'NONE',  ( 64.44990257705030956, 24.84224064350826922, 2.000000000000000000 ) ) ;
#2404 = ORIENTED_EDGE ( 'NONE', *, *, #661, .T. ) ;
#2405 = ADVANCED_FACE ( 'NONE', ( #2254 ), #1679, .F. ) ;
#2406 = DIRECTION ( 'NONE',  ( -1.000000000000000000, 0.000000000000000000, 0.000000000000000000 ) ) ;
#2407 = VERTEX_POINT ( 'NONE', #2264 ) ;
#2408 = ADVANCED_FACE ( 'NONE', ( #1129 ), #543, .T. ) ;
#2409 = AXIS2_PLACEMENT_3D ( 'NONE', #1728, #184, #1539 ) ;
#2410 = CARTESIAN_POINT ( 'NONE',  ( -18.73698906823507215, -43.80749265595883202, 2.000000000000000000 ) ) ;
#2411 = CARTESIAN_POINT ( 'NONE',  ( 64.44990244343566133, 25.84224064350814842, 141.8952659556790081 ) ) ;
#2412 = EDGE_CURVE ( 'NONE', #124, #439, #1177, .T. ) ;
#2413 = ORIENTED_EDGE ( 'NONE', *, *, #214, .F. ) ;
#2414 = DIRECTION ( 'NONE',  ( -0.7071068499879341607, 0.7071067123851542124, 0.000000000000000000 ) ) ;
#2415 = FACE_OUTER_BOUND ( 'NONE', #2200, .T. ) ;
#2416 = AXIS2_PLACEMENT_3D ( 'NONE', #1757, #1965, #813 ) ;
#2417 = VERTEX_POINT ( 'NONE', #1691 ) ;
#2418 = CARTESIAN_POINT ( 'NONE',  ( -21.67849812405512466, -39.29912109121108443, 17.60005080010200373 ) ) ;
#2419 = ORIENTED_EDGE ( 'NONE', *, *, #125, .T. ) ;
#2420 = LINE ( 'NONE', #652, #1860 ) ;
#2421 = DIRECTION ( 'NONE',  ( -1.000000000000000000, 0.000000000000000000, 0.000000000000000000 ) ) ;
#2422 = DIRECTION ( 'NONE',  ( 1.000000000000000000, 4.527083619357869128E-15, 0.000000000000000000 ) ) ;
#2423 = EDGE_CURVE ( 'NONE', #402, #1853, #1524, .T. ) ;
#2424 = EDGE_CURVE ( 'NONE', #46, #1820, #1492, .T. ) ;
#2425 = CYLINDRICAL_SURFACE ( 'NONE', #1605, 1.012704577269159190 ) ;
#2426 = CYLINDRICAL_SURFACE ( 'NONE', #1199, 2.050003810007500427 ) ;
#2427 = VECTOR ( 'NONE', #1326, 1000.000000000000000 ) ;
#2428 = CYLINDRICAL_SURFACE ( 'NONE', #2381, 2.000000000000001776 ) ;
#2429 = ORIENTED_EDGE ( 'NONE', *, *, #112, .F. ) ;
#2430 = CARTESIAN_POINT ( 'NONE',  ( -10.57604725383109567, 23.37600077423859446, 141.8952659556790081 ) ) ;
#2431 = ORIENTED_EDGE ( 'NONE', *, *, #1731, .T. ) ;
#2432 = VERTEX_POINT ( 'NONE', #698 ) ;
#2433 = DIRECTION ( 'NONE',  ( -0.9846700586704374425, -0.1744272787093730237, 0.000000000000000000 ) ) ;
#2434 = FACE_OUTER_BOUND ( 'NONE', #916, .T. ) ;
#2435 = VERTEX_POINT ( 'NONE', #523 ) ;
#2436 = CARTESIAN_POINT ( 'NONE',  ( 23.20067256176208659, -28.58346420786892494, 16.10000000000000142 ) ) ;
#2437 = CIRCLE ( 'NONE', #103, 1.987304830557663049 ) ;
#2438 = DIRECTION ( 'NONE',  ( 0.0001008828469858946697, 0.000000000000000000, -0.9999999949113257403 ) ) ;
#2439 = EDGE_CURVE ( 'NONE', #1659, #391, #1020, .T. ) ;
#2440 = EDGE_CURVE ( 'NONE', #2202, #240, #1891, .T. ) ;
#2441 = AXIS2_PLACEMENT_3D ( 'NONE', #983, #1792, #993 ) ;
#2442 = CARTESIAN_POINT ( 'NONE',  ( -18.73698837408095841, -39.82018782540143320, 17.60005080010200373 ) ) ;
#2443 = ORIENTED_EDGE ( 'NONE', *, *, #942, .T. ) ;
#2444 = AXIS2_PLACEMENT_3D ( 'NONE', #188, #2318, #757 ) ;
#2445 = DIRECTION ( 'NONE',  ( 0.7071067123851542124, 0.7071068499879340497, 0.000000000000000000 ) ) ;
#2446 = ORIENTED_EDGE ( 'NONE', *, *, #78, .F. ) ;
#2447 = DIRECTION ( 'NONE',  ( 0.1744272787093719135, -0.9846700586704375535, -0.000000000000000000 ) ) ;
#2448 = CIRCLE ( 'NONE', #631, 3.987304527073272542 ) ;
#2449 = CARTESIAN_POINT ( 'NONE',  ( 23.20067320664404775, -29.59616878577443444, 17.60005080010200373 ) ) ;
#2450 = CIRCLE ( 'NONE', #917, 2.050003810007500427 ) ;
#2451 = DIRECTION ( 'NONE',  ( -0.000000000000000000, -0.000000000000000000, -1.000000000000000000 ) ) ;
#2452 = DIRECTION ( 'NONE',  ( -0.000000000000000000, -0.000000000000000000, -1.000000000000000000 ) ) ;
#2453 = CC_DESIGN_PERSON_AND_ORGANIZATION_ASSIGNMENT ( #227, #951, ( #1388 ) ) ;
#2454 = DIRECTION ( 'NONE',  ( 1.000000000000000000, 1.745805289885471520E-15, 0.000000000000000000 ) ) ;
#2455 = VERTEX_POINT ( 'NONE', #2467 ) ;
#2456 = CIRCLE ( 'NONE', #1376, 3.050003810007499538 ) ;
#2457 = EDGE_CURVE ( 'NONE', #2435, #2040, #250, .T. ) ;
#2458 = CARTESIAN_POINT ( 'NONE',  ( 48.98792246939807171, -41.22542374141846011, 2.000000000000000000 ) ) ;
#2459 = ORIENTED_EDGE ( 'NONE', *, *, #2224, .T. ) ;
#2460 = AXIS2_PLACEMENT_3D ( 'NONE', #575, #1169, #231 ) ;
#2461 = CARTESIAN_POINT ( 'NONE',  ( -7.634537350133044242, -41.80749265595698461, 0.000000000000000000 ) ) ;
#2462 = DIRECTION ( 'NONE',  ( 1.000000000000000000, 0.000000000000000000, 0.000000000000000000 ) ) ;
#2463 = LINE ( 'NONE', #1507, #555 ) ;
#2464 = LINE ( 'NONE', #2505, #924 ) ;
#2465 = AXIS2_PLACEMENT_3D ( 'NONE', #406, #196, #29 ) ;
#2466 = EDGE_LOOP ( 'NONE', ( #2074, #2198, #1966, #1292 ) ) ;
#2467 = CARTESIAN_POINT ( 'NONE',  ( 48.28081575701283157, -41.93253059140648986, 17.60005080010200373 ) ) ;
#2468 = VERTEX_POINT ( 'NONE', #331 ) ;
#2469 = ADVANCED_FACE ( 'NONE', ( #929 ), #1324, .F. ) ;
#2470 = VERTEX_POINT ( 'NONE', #721 ) ;
#2471 = EDGE_CURVE ( 'NONE', #2407, #671, #1115, .T. ) ;
#2472 = CARTESIAN_POINT ( 'NONE',  ( 34.51227086267104482, -29.59616878577443444, 0.000000000000000000 ) ) ;
#2473 = CYLINDRICAL_SURFACE ( 'NONE', #2286, 2.000000000000001776 ) ;
#2474 = CARTESIAN_POINT ( 'NONE',  ( 10.13923606284933676, -42.63963640323169102, 17.60005080010200373 ) ) ;
#2475 = LOCAL_TIME ( 20, 55, 6.000000000000000000, #999 ) ;
#2476 = CARTESIAN_POINT ( 'NONE',  ( -18.73698837408095841, -39.82018782540143320, 17.60005080010200373 ) ) ;
#2477 = CYLINDRICAL_SURFACE ( 'NONE', #881, 3.987304830557217183 ) ;
#2478 = DIRECTION ( 'NONE',  ( -1.000000000000000000, 0.000000000000000000, 0.000000000000000000 ) ) ;
#2479 = EDGE_LOOP ( 'NONE', ( #173, #2009, #861, #1328 ) ) ;
#2480 = CARTESIAN_POINT ( 'NONE',  ( 7.319785463197045594, -42.80749265595865438, 17.60005080010200373 ) ) ;
#2481 = VERTEX_POINT ( 'NONE', #369 ) ;
#2482 = AXIS2_PLACEMENT_3D ( 'NONE', #1270, #2184, #453 ) ;
#2483 = ADVANCED_FACE ( 'NONE', ( #2049 ), #1500, .T. ) ;
#2484 = DIRECTION ( 'NONE',  ( 5.377642775528096944E-14, 1.000000000000000000, 0.000000000000000000 ) ) ;
#2485 = CARTESIAN_POINT ( 'NONE',  ( 35.22836159304138448, -28.88007896740467118, 141.8952659556790081 ) ) ;
#2486 = ORIENTED_EDGE ( 'NONE', *, *, #645, .T. ) ;
#2487 = CARTESIAN_POINT ( 'NONE',  ( 64.44990204428803793, 22.85493600417956728, 141.8952659556790081 ) ) ;
#2488 = LINE ( 'NONE', #574, #2151 ) ;
#2489 = EDGE_CURVE ( 'NONE', #48, #1986, #1063, .T. ) ;
#2490 = DIRECTION ( 'NONE',  ( -1.000000000000000000, 0.000000000000000000, 0.000000000000000000 ) ) ;
#2491 = CIRCLE ( 'NONE', #587, 3.050003810007501315 ) ;
#2492 = LINE ( 'NONE', #2260, #2332 ) ;
#2493 = ORIENTED_EDGE ( 'NONE', *, *, #2439, .F. ) ;
#2494 = SECURITY_CLASSIFICATION_LEVEL ( 'unclassified' ) ;
#2495 = AXIS2_PLACEMENT_3D ( 'NONE', #60, #2369, #640 ) ;
#2496 = DIRECTION ( 'NONE',  ( -1.000000000000000000, 0.000000000000000000, 0.000000000000000000 ) ) ;
#2497 = CARTESIAN_POINT ( 'NONE',  ( 34.51247391004014986, -27.58346420790143583, 0.000000000000000000 ) ) ;
#2498 = ORIENTED_EDGE ( 'NONE', *, *, #2274, .T. ) ;
#2499 = VECTOR ( 'NONE', #1589, 1000.000000000000000 ) ;
#2500 = CARTESIAN_POINT ( 'NONE',  ( 10.13923606284933676, -42.63963640323169102, 17.60005080010200373 ) ) ;
#2501 = VECTOR ( 'NONE', #2126, 1000.000000000000114 ) ;
#2502 = FACE_OUTER_BOUND ( 'NONE', #41, .T. ) ;
#2503 = CYLINDRICAL_SURFACE ( 'NONE', #1453, 3.987304639328733025 ) ;
#2504 = EDGE_CURVE ( 'NONE', #1175, #1313, #1711, .T. ) ;
#2505 = CARTESIAN_POINT ( 'NONE',  ( 50.39315733253467045, -43.80749265595796516, 2.000000000000000000 ) ) ;
ENDSEC;
END-ISO-10303-21;
