ISO-10303-21;
HEADER;
FILE_DESCRIPTION (( 'STEP AP203' ),
    '1' );
FILE_NAME ('Ò£¿ØÆ÷ÉÏ¿Ç.STEP',
    '2026-09-13T12:54:59',
    ( '' ),
    ( '' ),
    'SwSTEP 2.0',
    'SolidWorks 2024',
    '' );
FILE_SCHEMA (( 'CONFIG_CONTROL_DESIGN' ));
ENDSEC;

DATA;
#1 = ORIENTED_EDGE ( 'NONE', *, *, #2520, .F. ) ;
#2 = DIRECTION ( 'NONE',  ( 0.000000000000000000, 0.000000000000000000, 1.000000000000000000 ) ) ;
#3 = CIRCLE ( 'NONE', #4665, 1.762731697361356265 ) ;
#4 = EDGE_CURVE ( 'NONE', #3405, #830, #1395, .T. ) ;
#5 = DIRECTION ( 'NONE',  ( 0.000000000000000000, 0.000000000000000000, -1.000000000000000000 ) ) ;
#6 = EDGE_CURVE ( 'NONE', #2140, #2215, #2516, .T. ) ;
#7 = AXIS2_PLACEMENT_3D ( 'NONE', #1728, #2606, #4735 ) ;
#8 = CARTESIAN_POINT ( 'NONE',  ( 61.02799999999999869, -37.37500000000000000, 17.19999999999999929 ) ) ;
#9 = AXIS2_PLACEMENT_3D ( 'NONE', #4138, #1583, #198 ) ;
#10 = VERTEX_POINT ( 'NONE', #1079 ) ;
#11 = ORIENTED_EDGE ( 'NONE', *, *, #68, .T. ) ;
#12 = CARTESIAN_POINT ( 'NONE',  ( 50.39254695555556651, -39.81981245268968905, 17.19999999999999929 ) ) ;
#13 = MANIFOLD_SOLID_BREP ( '\X2\51855b9a4f4d820c\X0\_\X2\907f8ba9670065b0\X0\PCB_0.25', #1556 ) ;
#14 = EDGE_CURVE ( 'NONE', #2644, #2422, #2023, .T. ) ;
#15 = EDGE_CURVE ( 'NONE', #3664, #2472, #3614, .T. ) ;
#16 = DIRECTION ( 'NONE',  ( -0.000000000000000000, -0.000000000000000000, -1.000000000000000000 ) ) ;
#17 = CARTESIAN_POINT ( 'NONE',  ( 7.319999999999999396, -41.80700000000000216, 15.19999999999999929 ) ) ;
#18 = EDGE_LOOP ( 'NONE', ( #4649, #4445, #2585, #3685 ) ) ;
#19 = CARTESIAN_POINT ( 'NONE',  ( 59.14699999999999847, 12.09699999999999953, 17.19999999999999929 ) ) ;
#20 = VECTOR ( 'NONE', #1671, 1000.000000000000000 ) ;
#21 = CARTESIAN_POINT ( 'NONE',  ( 7.319999999999998508, -42.55700000000000216, -1.199999999999999956 ) ) ;
#22 = AXIS2_PLACEMENT_3D ( 'NONE', #399, #2613, #3994 ) ;
#23 = EDGE_LOOP ( 'NONE', ( #2467, #3126, #1305, #1139 ) ) ;
#24 = CYLINDRICAL_SURFACE ( 'NONE', #599, 2.237319616121259624 ) ;
#25 = ADVANCED_FACE ( 'NONE', ( #4697 ), #2187, .F. ) ;
#26 = DIRECTION ( 'NONE',  ( 1.000000000000000000, 0.000000000000000000, 0.000000000000000000 ) ) ;
#27 = DIRECTION ( 'NONE',  ( 1.000000000000000000, 0.000000000000000000, 0.000000000000000000 ) ) ;
#28 = VERTEX_POINT ( 'NONE', #3273 ) ;
#29 = EDGE_CURVE ( 'NONE', #865, #4648, #3183, .T. ) ;
#30 = LINE ( 'NONE', #1485, #1480 ) ;
#31 = DIRECTION ( 'NONE',  ( 0.000000000000000000, 0.000000000000000000, -1.000000000000000000 ) ) ;
#32 = DIRECTION ( 'NONE',  ( 0.000000000000000000, 1.000000000000000000, 0.000000000000000000 ) ) ;
#33 = CIRCLE ( 'NONE', #2706, 10.75000000000000000 ) ;
#34 = ORIENTED_EDGE ( 'NONE', *, *, #4110, .T. ) ;
#35 = VERTEX_POINT ( 'NONE', #2114 ) ;
#36 = ORIENTED_EDGE ( 'NONE', *, *, #3389, .F. ) ;
#37 = LINE ( 'NONE', #4702, #3170 ) ;
#38 = FACE_OUTER_BOUND ( 'NONE', #545, .T. ) ;
#39 = AXIS2_PLACEMENT_3D ( 'NONE', #2034, #1311, #948 ) ;
#40 = CARTESIAN_POINT ( 'NONE',  ( 78.24775000000001057, -39.34250000000000114, -1.199999999999999956 ) ) ;
#41 = EDGE_CURVE ( 'NONE', #3759, #2961, #1417, .T. ) ;
#42 = EDGE_CURVE ( 'NONE', #2499, #4193, #325, .T. ) ;
#43 = VECTOR ( 'NONE', #4342, 1000.000000000000000 ) ;
#44 = ORIENTED_EDGE ( 'NONE', *, *, #4619, .F. ) ;
#45 = LINE ( 'NONE', #4731, #4620 ) ;
#46 = DIRECTION ( 'NONE',  ( 0.7071067811865474617, 0.7071067811865476838, 0.000000000000000000 ) ) ;
#47 = VERTEX_POINT ( 'NONE', #1438 ) ;
#48 = CARTESIAN_POINT ( 'NONE',  ( 64.45000000000000284, 25.09199999999999875, -1.199999999999999956 ) ) ;
#49 = DIRECTION ( 'NONE',  ( 1.000000000000000000, 0.000000000000000000, 0.000000000000000000 ) ) ;
#50 = DIRECTION ( 'NONE',  ( 0.000000000000000000, 0.000000000000000000, 1.000000000000000000 ) ) ;
#51 = EDGE_LOOP ( 'NONE', ( #580, #4227, #4631, #1235, #3736, #2097, #1483, #1048, #840, #3096, #1753, #900, #605, #4280, #3195, #1344, #3134, #2842, #219, #3229, #1322, #505, #2590, #3484, #2739, #2522, #2966, #1809, #4234, #924, #2348, #669, #871, #2926, #2459, #4341 ) ) ;
#52 = CARTESIAN_POINT ( 'NONE',  ( 12.15499999999999936, -5.384999999999999787, 17.19999999999999929 ) ) ;
#53 = LINE ( 'NONE', #373, #596 ) ;
#54 = AXIS2_PLACEMENT_3D ( 'NONE', #3640, #16, #1111 ) ;
#55 = CARTESIAN_POINT ( 'NONE',  ( 64.45000000000000284, 25.09199999999999875, -1.199999999999999956 ) ) ;
#56 = ORIENTED_EDGE ( 'NONE', *, *, #2021, .T. ) ;
#57 = VERTEX_POINT ( 'NONE', #1055 ) ;
#58 = ORIENTED_EDGE ( 'NONE', *, *, #4691, .F. ) ;
#59 = DIRECTION ( 'NONE',  ( -1.000000000000000000, 0.000000000000000000, 0.000000000000000000 ) ) ;
#60 = CIRCLE ( 'NONE', #670, 2.237319616121274279 ) ;
#61 = CARTESIAN_POINT ( 'NONE',  ( -0.9689999999999998614, 1.614000000000000323, 17.19999999999999929 ) ) ;
#62 = CARTESIAN_POINT ( 'NONE',  ( 42.51200000000000045, -35.58299999999999841, 7.500000000000000000 ) ) ;
#63 = AXIS2_PLACEMENT_3D ( 'NONE', #319, #4011, #742 ) ;
#64 = ORIENTED_EDGE ( 'NONE', *, *, #2281, .F. ) ;
#65 = ORIENTED_EDGE ( 'NONE', *, *, #1911, .F. ) ;
#66 = FACE_BOUND ( 'NONE', #3953, .T. ) ;
#67 = DIRECTION ( 'NONE',  ( 1.000000000000000000, 0.000000000000000000, 0.000000000000000000 ) ) ;
#68 = EDGE_CURVE ( 'NONE', #1189, #3361, #4151, .T. ) ;
#69 = EDGE_CURVE ( 'NONE', #4618, #4410, #4076, .T. ) ;
#70 = ORIENTED_EDGE ( 'NONE', *, *, #2208, .F. ) ;
#71 = PERSON_AND_ORGANIZATION_ROLE ( 'creator' ) ;
#72 = LINE ( 'NONE', #2560, #318 ) ;
#73 = CARTESIAN_POINT ( 'NONE',  ( 12.15499999999999936, -29.18499999999999872, 0.000000000000000000 ) ) ;
#74 = ORIENTED_EDGE ( 'NONE', *, *, #3267, .F. ) ;
#75 = CYLINDRICAL_SURFACE ( 'NONE', #3925, 1.250000000000001110 ) ;
#76 = DIRECTION ( 'NONE',  ( 1.000000000000000000, 0.000000000000000000, 0.000000000000000000 ) ) ;
#77 = VECTOR ( 'NONE', #1746, 1000.000000000000000 ) ;
#78 = FACE_OUTER_BOUND ( 'NONE', #2681, .T. ) ;
#79 = ORIENTED_EDGE ( 'NONE', *, *, #1883, .T. ) ;
#80 = VERTEX_POINT ( 'NONE', #3657 ) ;
#81 = EDGE_LOOP ( 'NONE', ( #2131, #4561, #2310, #1054, #1735, #792, #3309, #3254, #1707, #2332 ) ) ;
#82 = LINE ( 'NONE', #4534, #3626 ) ;
#83 = CIRCLE ( 'NONE', #2300, 2.236801744450469975 ) ;
#84 = CARTESIAN_POINT ( 'NONE',  ( -9.921190305139585774, 9.874294930477221399, 5.599999999999999645 ) ) ;
#85 = AXIS2_PLACEMENT_3D ( 'NONE', #975, #3152, #4689 ) ;
#86 = DIRECTION ( 'NONE',  ( 1.000000000000000000, 0.000000000000000000, 0.000000000000000000 ) ) ;
#87 = VECTOR ( 'NONE', #4729, 1000.000000000000000 ) ;
#88 = VERTEX_POINT ( 'NONE', #3926 ) ;
#89 = ORIENTED_EDGE ( 'NONE', *, *, #1944, .T. ) ;
#90 = DIRECTION ( 'NONE',  ( -0.1744359722748106967, 0.9846685186277367441, 0.000000000000000000 ) ) ;
#91 = ADVANCED_FACE ( 'NONE', ( #1731 ), #654, .F. ) ;
#92 = DIRECTION ( 'NONE',  ( 0.000000000000000000, 0.000000000000000000, 1.000000000000000000 ) ) ;
#93 = CIRCLE ( 'NONE', #1314, 1.250000000000001110 ) ;
#94 = ORIENTED_EDGE ( 'NONE', *, *, #3557, .F. ) ;
#95 = CIRCLE ( 'NONE', #3754, 2.500000000000002220 ) ;
#96 = CARTESIAN_POINT ( 'NONE',  ( 59.35300000000000153, 11.77399999999999913, 14.90000000000000036 ) ) ;
#97 = LINE ( 'NONE', #4203, #922 ) ;
#98 = ADVANCED_FACE ( 'NONE', ( #2493 ), #3947, .F. ) ;
#99 = EDGE_CURVE ( 'NONE', #3547, #3023, #3681, .T. ) ;
#100 = ORIENTED_EDGE ( 'NONE', *, *, #4065, .T. ) ;
#101 = CARTESIAN_POINT ( 'NONE',  ( -13.85987517319368933, 10.57197788867645016, 1.000000000000000000 ) ) ;
#102 = LINE ( 'NONE', #2277, #215 ) ;
#103 = DIRECTION ( 'NONE',  ( 0.000000000000000000, -0.000000000000000000, -1.000000000000000000 ) ) ;
#104 = DIRECTION ( 'NONE',  ( 0.000000000000000000, 0.000000000000000000, 1.000000000000000000 ) ) ;
#105 = VERTEX_POINT ( 'NONE', #1946 ) ;
#106 = EDGE_LOOP ( 'NONE', ( #131, #1571, #3834, #2711 ) ) ;
#107 = ORIENTED_EDGE ( 'NONE', *, *, #1971, .T. ) ;
#108 = LINE ( 'NONE', #3326, #2339 ) ;
#109 = CARTESIAN_POINT ( 'NONE',  ( 65.34184081020077883, 10.16969773730954252, 9.900000000000000355 ) ) ;
#110 = CARTESIAN_POINT ( 'NONE',  ( 23.20132459316952023, -29.59585533463140905, 0.000000000000000000 ) ) ;
#111 = VERTEX_POINT ( 'NONE', #3392 ) ;
#112 = EDGE_LOOP ( 'NONE', ( #2025, #2997 ) ) ;
#113 = DIRECTION ( 'NONE',  ( -0.000000000000000000, -0.000000000000000000, -1.000000000000000000 ) ) ;
#114 = CIRCLE ( 'NONE', #1334, 0.01285943191635038896 ) ;
#115 = EDGE_CURVE ( 'NONE', #2472, #252, #1509, .T. ) ;
#116 = LINE ( 'NONE', #4494, #4276 ) ;
#117 = VECTOR ( 'NONE', #4243, 1000.000000000000000 ) ;
#118 = EDGE_LOOP ( 'NONE', ( #4653, #1204, #992, #354, #1853, #1656, #4010, #640, #229, #4690 ) ) ;
#119 = EDGE_CURVE ( 'NONE', #2938, #896, #3015, .T. ) ;
#120 = VECTOR ( 'NONE', #3854, 1000.000000000000000 ) ;
#121 = CARTESIAN_POINT ( 'NONE',  ( 59.35300000000000153, 11.77399999999999913, 14.90000000000000036 ) ) ;
#122 = CARTESIAN_POINT ( 'NONE',  ( 9.255250000000000199, -41.75625000000000142, 0.000000000000000000 ) ) ;
#123 = EDGE_LOOP ( 'NONE', ( #3074, #353, #4175, #2160 ) ) ;
#124 = PLANE ( 'NONE',  #1638 ) ;
#125 = EDGE_CURVE ( 'NONE', #10, #783, #1177, .T. ) ;
#126 = DIRECTION ( 'NONE',  ( 0.000000000000000000, 0.000000000000000000, -1.000000000000000000 ) ) ;
#127 = ADVANCED_FACE ( 'NONE', ( #2944 ), #124, .T. ) ;
#128 = EDGE_CURVE ( 'NONE', #2602, #1531, #1895, .T. ) ;
#129 = CARTESIAN_POINT ( 'NONE',  ( 50.39300000000000068, -42.05700000000000216, 0.000000000000000000 ) ) ;
#130 = DIRECTION ( 'NONE',  ( -0.000000000000000000, -0.000000000000000000, -1.000000000000000000 ) ) ;
#131 = ORIENTED_EDGE ( 'NONE', *, *, #4240, .T. ) ;
#132 = VERTEX_POINT ( 'NONE', #463 ) ;
#133 = DIRECTION ( 'NONE',  ( 0.000000000000000000, -1.000000000000000000, 0.000000000000000000 ) ) ;
#134 = CARTESIAN_POINT ( 'NONE',  ( 34.51200000000000045, -27.83299999999999841, -1.199999999999999956 ) ) ;
#135 = CIRCLE ( 'NONE', #4640, 3.500000000000003109 ) ;
#136 = DIRECTION ( 'NONE',  ( -1.000000000000000000, 0.000000000000000000, 0.000000000000000000 ) ) ;
#137 = EDGE_LOOP ( 'NONE', ( #3554, #939, #1928, #2948 ) ) ;
#138 = VECTOR ( 'NONE', #1605, 1000.000000000000000 ) ;
#139 = ORIENTED_EDGE ( 'NONE', *, *, #42, .F. ) ;
#140 = DIRECTION ( 'NONE',  ( 1.000000000000000000, 0.000000000000000000, 0.000000000000000000 ) ) ;
#141 = DIRECTION ( 'NONE',  ( 1.000000000000000000, 0.000000000000000000, 0.000000000000000000 ) ) ;
#142 = VECTOR ( 'NONE', #2254, 1000.000000000000000 ) ;
#143 = EDGE_LOOP ( 'NONE', ( #3135, #4637, #317, #1620 ) ) ;
#144 = LOCAL_TIME ( 20, 54, 59.00000000000000000, #4057 ) ;
#145 = CARTESIAN_POINT ( 'NONE',  ( 23.20100000000000051, -27.83299999999999841, 0.000000000000000000 ) ) ;
#146 = CARTESIAN_POINT ( 'NONE',  ( 33.73400000000000176, -25.58299999999999841, -1.550000000000000266 ) ) ;
#147 = ORIENTED_EDGE ( 'NONE', *, *, #2426, .T. ) ;
#148 = EDGE_CURVE ( 'NONE', #4442, #4708, #4383, .T. ) ;
#149 = FACE_OUTER_BOUND ( 'NONE', #3416, .T. ) ;
#150 = CARTESIAN_POINT ( 'NONE',  ( -21.43175000000000097, -39.34250000000000114, -1.199999999999999956 ) ) ;
#151 = CARTESIAN_POINT ( 'NONE',  ( 75.55200000000000671, -41.80700000000000216, 15.19999999999999929 ) ) ;
#152 = EDGE_LOOP ( 'NONE', ( #1108, #1437, #3146, #1328 ) ) ;
#153 = EDGE_LOOP ( 'NONE', ( #4720, #2847, #1724, #1537, #2275 ) ) ;
#154 = EDGE_CURVE ( 'NONE', #1963, #2446, #265, .T. ) ;
#155 = CARTESIAN_POINT ( 'NONE',  ( 77.50900000000001455, -39.47299999999999898, 15.19999999999999929 ) ) ;
#156 = VECTOR ( 'NONE', #1716, 1000.000000000000000 ) ;
#157 = CARTESIAN_POINT ( 'NONE',  ( 7.320453044444428237, -39.81981245268968195, 17.19999999999999929 ) ) ;
#158 = FACE_BOUND ( 'NONE', #2854, .T. ) ;
#159 = AXIS2_PLACEMENT_3D ( 'NONE', #1778, #1343, #1320 ) ;
#160 = ORIENTED_EDGE ( 'NONE', *, *, #4153, .F. ) ;
#161 = EDGE_CURVE ( 'NONE', #3217, #4484, #1024, .T. ) ;
#162 = ADVANCED_FACE ( 'NONE', ( #1920 ), #75, .F. ) ;
#163 = ORIENTED_EDGE ( 'NONE', *, *, #1914, .F. ) ;
#164 = LINE ( 'NONE', #1572, #801 ) ;
#165 = CARTESIAN_POINT ( 'NONE',  ( 64.45000000000000284, 25.59199999999999875, 0.000000000000000000 ) ) ;
#166 = VECTOR ( 'NONE', #3819, 1000.000000000000000 ) ;
#167 = VECTOR ( 'NONE', #436, 1000.000000000000000 ) ;
#168 = VECTOR ( 'NONE', #4480, 1000.000000000000000 ) ;
#169 = ORIENTED_EDGE ( 'NONE', *, *, #3245, .F. ) ;
#170 = CARTESIAN_POINT ( 'NONE',  ( 0.000000000000000000, 0.000000000000000000, 0.000000000000000000 ) ) ;
#171 = CARTESIAN_POINT ( 'NONE',  ( 34.52100000000000080, -29.58699999999999974, 7.500000000000000000 ) ) ;
#172 = CARTESIAN_POINT ( 'NONE',  ( 64.45002482659612042, 22.85497918262950279, 17.19999999999999929 ) ) ;
#173 = ORIENTED_EDGE ( 'NONE', *, *, #3835, .F. ) ;
#174 = FACE_OUTER_BOUND ( 'NONE', #1123, .T. ) ;
#175 = CIRCLE ( 'NONE', #2846, 3.987020817489217883 ) ;
#176 = DIRECTION ( 'NONE',  ( 1.000000000000000000, 0.000000000000000000, 0.000000000000000000 ) ) ;
#177 = CARTESIAN_POINT ( 'NONE',  ( 75.55200000000000671, -43.80700000000000216, 0.000000000000000000 ) ) ;
#178 = DIRECTION ( 'NONE',  ( 0.000000000000000000, 0.000000000000000000, 1.000000000000000000 ) ) ;
#179 = APPROVAL ( #879, 'æœª' ) ;
#180 = ORIENTED_EDGE ( 'NONE', *, *, #309, .T. ) ;
#181 = ORIENTED_EDGE ( 'NONE', *, *, #613, .T. ) ;
#182 = LINE ( 'NONE', #3091, #3359 ) ;
#183 = CARTESIAN_POINT ( 'NONE',  ( 79.47899999999999920, -39.12500000000000000, 17.19999999999999929 ) ) ;
#184 = CARTESIAN_POINT ( 'NONE',  ( 66.00000000000000000, 9.106999999999999318, 0.000000000000000000 ) ) ;
#185 = VERTEX_POINT ( 'NONE', #3039 ) ;
#186 = ORIENTED_EDGE ( 'NONE', *, *, #2207, .F. ) ;
#187 = CARTESIAN_POINT ( 'NONE',  ( 50.39300000000000068, -42.05700000000000216, -1.199999999999999956 ) ) ;
#188 = CARTESIAN_POINT ( 'NONE',  ( 64.45000000000000284, 24.84199999999999875, 15.19999999999999929 ) ) ;
#189 = ADVANCED_FACE ( 'NONE', ( #489 ), #4085, .F. ) ;
#190 = ADVANCED_FACE ( 'NONE', ( #3753 ), #768, .F. ) ;
#191 = EDGE_LOOP ( 'NONE', ( #942, #2445 ) ) ;
#192 = DIRECTION ( 'NONE',  ( -1.000000000000000000, 0.000000000000000000, 0.000000000000000000 ) ) ;
#193 = DIRECTION ( 'NONE',  ( -0.000000000000000000, 1.000000000000000000, -0.000000000000000000 ) ) ;
#194 = ORIENTED_EDGE ( 'NONE', *, *, #1552, .F. ) ;
#195 = AXIS2_PLACEMENT_3D ( 'NONE', #2934, #4466, #2623 ) ;
#196 = CARTESIAN_POINT ( 'NONE',  ( 59.35300000000000153, 11.77399999999999913, 9.900000000000000355 ) ) ;
#197 = LINE ( 'NONE', #2087, #3337 ) ;
#198 = DIRECTION ( 'NONE',  ( -1.000000000000000000, 0.000000000000000000, 0.000000000000000000 ) ) ;
#199 = FACE_OUTER_BOUND ( 'NONE', #1077, .T. ) ;
#200 = ORIENTED_EDGE ( 'NONE', *, *, #484, .F. ) ;
#201 = PRODUCT_DEFINITION_SHAPE ( 'NONE', 'NONE',  #4294 ) ;
#202 = VERTEX_POINT ( 'NONE', #1172 ) ;
#203 = DIRECTION ( 'NONE',  ( 0.000000000000000000, 1.000000000000000000, 0.000000000000000000 ) ) ;
#204 = CARTESIAN_POINT ( 'NONE',  ( 34.52100000000000080, -29.58699999999999974, 17.19999999999999929 ) ) ;
#205 = FACE_BOUND ( 'NONE', #3323, .T. ) ;
#206 = VERTEX_POINT ( 'NONE', #4198 ) ;
#207 = VERTEX_POINT ( 'NONE', #925 ) ;
#208 = CARTESIAN_POINT ( 'NONE',  ( -18.73700000000000188, -42.55700000000000216, -1.199999999999999956 ) ) ;
#209 = CARTESIAN_POINT ( 'NONE',  ( -4.719000000000000306, 1.614000000000000101, 17.19999999999999929 ) ) ;
#210 = CIRCLE ( 'NONE', #4173, 2.236801744450470864 ) ;
#211 = VERTEX_POINT ( 'NONE', #2390 ) ;
#212 = LINE ( 'NONE', #2054, #3545 ) ;
#213 = EDGE_CURVE ( 'NONE', #3196, #4576, #3539, .T. ) ;
#214 = EDGE_CURVE ( 'NONE', #849, #3510, #30, .T. ) ;
#215 = VECTOR ( 'NONE', #862, 1000.000000000000000 ) ;
#216 = DIRECTION ( 'NONE',  ( 1.000000000000000000, 0.000000000000000000, 0.000000000000000000 ) ) ;
#217 = CARTESIAN_POINT ( 'NONE',  ( 68.37600000000000477, 23.55000000000000071, 0.000000000000000000 ) ) ;
#218 = CIRCLE ( 'NONE', #2812, 0.01285943191636773619 ) ;
#219 = ORIENTED_EDGE ( 'NONE', *, *, #1882, .F. ) ;
#220 = EDGE_CURVE ( 'NONE', #2644, #4402, #1149, .T. ) ;
#221 = CARTESIAN_POINT ( 'NONE',  ( 7.320000000000000284, -42.05700000000000216, 0.000000000000000000 ) ) ;
#222 = CARTESIAN_POINT ( 'NONE',  ( 23.20164732653263684, -29.59573157850275393, -1.199999999999999956 ) ) ;
#223 = DIRECTION ( 'NONE',  ( 0.000000000000000000, 1.000000000000000000, 0.000000000000000000 ) ) ;
#224 = VERTEX_POINT ( 'NONE', #811 ) ;
#225 = ORIENTED_EDGE ( 'NONE', *, *, #515, .T. ) ;
#226 = LINE ( 'NONE', #1298, #4285 ) ;
#227 = FACE_OUTER_BOUND ( 'NONE', #3318, .T. ) ;
#228 = FACE_BOUND ( 'NONE', #4170, .T. ) ;
#229 = ORIENTED_EDGE ( 'NONE', *, *, #716, .T. ) ;
#230 = ORIENTED_EDGE ( 'NONE', *, *, #3992, .F. ) ;
#231 = CARTESIAN_POINT ( 'NONE',  ( 59.04099999999999682, -13.35599999999999987, 17.19999999999999929 ) ) ;
#232 = LINE ( 'NONE', #2838, #156 ) ;
#233 = EDGE_CURVE ( 'NONE', #4259, #2515, #2276, .T. ) ;
#234 = CIRCLE ( 'NONE', #1913, 2.236801751153642659 ) ;
#235 = EDGE_CURVE ( 'NONE', #534, #211, #33, .T. ) ;
#236 = VERTEX_POINT ( 'NONE', #238 ) ;
#237 = ORIENTED_EDGE ( 'NONE', *, *, #1883, .F. ) ;
#238 = CARTESIAN_POINT ( 'NONE',  ( 7.319999999999999396, -41.80700000000000216, 15.19999999999999929 ) ) ;
#239 = CIRCLE ( 'NONE', #470, 4.099999999999999645 ) ;
#240 = VECTOR ( 'NONE', #627, 1000.000000000000000 ) ;
#241 = LINE ( 'NONE', #2083, #4684 ) ;
#242 = VECTOR ( 'NONE', #1942, 1000.000000000000000 ) ;
#243 = DIRECTION ( 'NONE',  ( 0.000000000000000000, 0.000000000000000000, 1.000000000000000000 ) ) ;
#244 = CIRCLE ( 'NONE', #1692, 2.500000000000002220 ) ;
#245 = ORIENTED_EDGE ( 'NONE', *, *, #1590, .F. ) ;
#246 = FACE_OUTER_BOUND ( 'NONE', #1271, .T. ) ;
#247 = CARTESIAN_POINT ( 'NONE',  ( -15.18900000000000006, -35.72299999999999898, 15.19999999999999929 ) ) ;
#248 = EDGE_CURVE ( 'NONE', #630, #4045, #4311, .T. ) ;
#249 = ADVANCED_FACE ( 'NONE', ( #4300 ), #4249, .T. ) ;
#250 = CARTESIAN_POINT ( 'NONE',  ( -20.93925000000000125, -39.42949999999999733, -1.199999999999999956 ) ) ;
#251 = ORIENTED_EDGE ( 'NONE', *, *, #41, .F. ) ;
#252 = VERTEX_POINT ( 'NONE', #3915 ) ;
#253 = CIRCLE ( 'NONE', #4601, 1.986770467292415354 ) ;
#254 = LINE ( 'NONE', #1999, #3743 ) ;
#255 = DIRECTION ( 'NONE',  ( 1.000000000000000000, 0.000000000000000000, -0.000000000000000000 ) ) ;
#256 = VECTOR ( 'NONE', #815, 1000.000000000000000 ) ;
#257 = DIRECTION ( 'NONE',  ( 0.000000000000000000, 0.000000000000000000, 1.000000000000000000 ) ) ;
#258 = ORIENTED_EDGE ( 'NONE', *, *, #2079, .F. ) ;
#259 = ORIENTED_EDGE ( 'NONE', *, *, #3010, .T. ) ;
#260 = DIRECTION ( 'NONE',  ( 1.000000000000000000, 0.000000000000000000, -0.000000000000000000 ) ) ;
#261 = FACE_OUTER_BOUND ( 'NONE', #81, .T. ) ;
#262 = ORIENTED_EDGE ( 'NONE', *, *, #514, .F. ) ;
#263 = ORIENTED_EDGE ( 'NONE', *, *, #883, .F. ) ;
#264 = LINE ( 'NONE', #4614, #3772 ) ;
#265 = CIRCLE ( 'NONE', #2935, 2.012712820494644284 ) ;
#266 = CARTESIAN_POINT ( 'NONE',  ( 9.255250000000000199, -41.75625000000000142, -1.199999999999999956 ) ) ;
#267 = ORIENTED_EDGE ( 'NONE', *, *, #1788, .F. ) ;
#268 = AXIS2_PLACEMENT_3D ( 'NONE', #4661, #1721, #665 ) ;
#269 = DIRECTION ( 'NONE',  ( 0.000000000000000000, 0.000000000000000000, 1.000000000000000000 ) ) ;
#270 = FACE_OUTER_BOUND ( 'NONE', #118, .T. ) ;
#271 = CARTESIAN_POINT ( 'NONE',  ( -6.989000000000000767, -35.72299999999999898, 17.19999999999999929 ) ) ;
#272 = EDGE_CURVE ( 'NONE', #4026, #4358, #1745, .T. ) ;
#273 = AXIS2_PLACEMENT_3D ( 'NONE', #707, #2904, #4386 ) ;
#274 = ORIENTED_EDGE ( 'NONE', *, *, #2554, .F. ) ;
#275 = ORIENTED_EDGE ( 'NONE', *, *, #4633, .T. ) ;
#276 = LINE ( 'NONE', #2378, #3165 ) ;
#277 = ADVANCED_FACE ( 'NONE', ( #3555 ), #288, .T. ) ;
#278 = EDGE_CURVE ( 'NONE', #1015, #2126, #4639, .T. ) ;
#279 = DIRECTION ( 'NONE',  ( 1.000000000000000000, 0.000000000000000000, 0.000000000000000000 ) ) ;
#280 = VECTOR ( 'NONE', #3215, 1000.000000000000000 ) ;
#281 = DIRECTION ( 'NONE',  ( 0.000000000000000000, 0.000000000000000000, -1.000000000000000000 ) ) ;
#282 = ORIENTED_EDGE ( 'NONE', *, *, #1763, .F. ) ;
#283 = ORIENTED_EDGE ( 'NONE', *, *, #3689, .T. ) ;
#284 = DIRECTION ( 'NONE',  ( 0.000000000000000000, 0.000000000000000000, -1.000000000000000000 ) ) ;
#285 = DIRECTION ( 'NONE',  ( 0.000000000000000000, 0.000000000000000000, -1.000000000000000000 ) ) ;
#286 = ORIENTED_EDGE ( 'NONE', *, *, #3010, .F. ) ;
#287 = VERTEX_POINT ( 'NONE', #2082 ) ;
#288 = PLANE ( 'NONE',  #268 ) ;
#289 = DIRECTION ( 'NONE',  ( 0.000000000000000000, 0.000000000000000000, 1.000000000000000000 ) ) ;
#290 = VECTOR ( 'NONE', #2100, 1000.000000000000000 ) ;
#291 = CARTESIAN_POINT ( 'NONE',  ( 64.45000000000000284, 25.59199999999999875, -1.199999999999999956 ) ) ;
#292 = ORIENTED_EDGE ( 'NONE', *, *, #278, .F. ) ;
#293 = AXIS2_PLACEMENT_3D ( 'NONE', #2095, #3185, #279 ) ;
#294 = FACE_OUTER_BOUND ( 'NONE', #336, .T. ) ;
#295 = CYLINDRICAL_SURFACE ( 'NONE', #3061, 3.599999999999999201 ) ;
#296 = AXIS2_PLACEMENT_3D ( 'NONE', #4573, #931, #2394 ) ;
#297 = LINE ( 'NONE', #346, #2599 ) ;
#298 = ORIENTED_EDGE ( 'NONE', *, *, #2166, .T. ) ;
#299 = EDGE_CURVE ( 'NONE', #1531, #1425, #4587, .T. ) ;
#300 = CARTESIAN_POINT ( 'NONE',  ( 64.45000000000000284, 25.09199999999999875, -1.199999999999999956 ) ) ;
#301 = DIRECTION ( 'NONE',  ( 0.000000000000000000, 0.000000000000000000, 1.000000000000000000 ) ) ;
#302 = DIRECTION ( 'NONE',  ( -0.000000000000000000, -0.000000000000000000, -1.000000000000000000 ) ) ;
#303 = FACE_OUTER_BOUND ( 'NONE', #1730, .T. ) ;
#304 = ORIENTED_EDGE ( 'NONE', *, *, #3742, .T. ) ;
#305 = VERTEX_POINT ( 'NONE', #2821 ) ;
#306 = CYLINDRICAL_SURFACE ( 'NONE', #4160, 3.500000000000003109 ) ;
#307 = PLANE ( 'NONE',  #1889 ) ;
#308 = EDGE_CURVE ( 'NONE', #4069, #3325, #2710, .T. ) ;
#309 = EDGE_CURVE ( 'NONE', #3497, #1128, #212, .T. ) ;
#310 = ORIENTED_EDGE ( 'NONE', *, *, #1660, .T. ) ;
#311 = ORIENTED_EDGE ( 'NONE', *, *, #2640, .F. ) ;
#312 = DIRECTION ( 'NONE',  ( 1.000000000000000000, 0.000000000000000000, 0.000000000000000000 ) ) ;
#313 = CARTESIAN_POINT ( 'NONE',  ( -11.56099999999999994, 23.55000000000000071, 0.000000000000000000 ) ) ;
#314 = VECTOR ( 'NONE', #1961, 999.9999999999998863 ) ;
#315 = DIRECTION ( 'NONE',  ( -0.000000000000000000, -0.000000000000000000, -1.000000000000000000 ) ) ;
#316 = VECTOR ( 'NONE', #4671, 1000.000000000000000 ) ;
#317 = ORIENTED_EDGE ( 'NONE', *, *, #717, .T. ) ;
#318 = VECTOR ( 'NONE', #697, 1000.000000000000114 ) ;
#319 = CARTESIAN_POINT ( 'NONE',  ( -18.73701745611166558, -39.81997918254900526, 0.000000000000000000 ) ) ;
#320 = CIRCLE ( 'NONE', #4130, 3.987020817489217883 ) ;
#321 = DIRECTION ( 'NONE',  ( 1.000000000000000000, 0.000000000000000000, 0.000000000000000000 ) ) ;
#322 = CARTESIAN_POINT ( 'NONE',  ( 66.00000000000000000, 9.106999999999999318, 0.000000000000000000 ) ) ;
#323 = AXIS2_PLACEMENT_3D ( 'NONE', #4082, #3436, #1550 ) ;
#324 = VERTEX_POINT ( 'NONE', #2415 ) ;
#325 = LINE ( 'NONE', #3587, #1332 ) ;
#326 = DIRECTION ( 'NONE',  ( 1.000000000000000000, 0.000000000000000000, 0.000000000000000000 ) ) ;
#327 = EDGE_CURVE ( 'NONE', #3455, #2686, #3578, .T. ) ;
#328 = CARTESIAN_POINT ( 'NONE',  ( 64.45000000000000284, 25.59199999999999875, 0.000000000000000000 ) ) ;
#329 = EDGE_CURVE ( 'NONE', #224, #884, #114, .T. ) ;
#330 = VERTEX_POINT ( 'NONE', #1769 ) ;
#331 = ORIENTED_EDGE ( 'NONE', *, *, #657, .F. ) ;
#332 = CARTESIAN_POINT ( 'NONE',  ( 48.98800000000000665, -41.22599999999999909, 15.19999999999999929 ) ) ;
#333 = LINE ( 'NONE', #639, #1988 ) ;
#334 = VECTOR ( 'NONE', #474, 1000.000000000000114 ) ;
#335 = LINE ( 'NONE', #1424, #87 ) ;
#336 = EDGE_LOOP ( 'NONE', ( #1996, #4560, #2333, #58 ) ) ;
#337 = CARTESIAN_POINT ( 'NONE',  ( 50.39300000000000068, -41.80700000000000216, 0.000000000000000000 ) ) ;
#338 = PLANE ( 'NONE',  #4675 ) ;
#339 = EDGE_CURVE ( 'NONE', #4271, #1663, #3530, .T. ) ;
#340 = EDGE_CURVE ( 'NONE', #3963, #3707, #3150, .T. ) ;
#341 = DIRECTION ( 'NONE',  ( -0.1744359722748106967, 0.9846685186277367441, 0.000000000000000000 ) ) ;
#342 = ORIENTED_EDGE ( 'NONE', *, *, #4325, .T. ) ;
#343 = CARTESIAN_POINT ( 'NONE',  ( 42.51167540683047719, -37.59585533463142326, 7.500000000000000000 ) ) ;
#344 = VECTOR ( 'NONE', #3297, 1000.000000000000000 ) ;
#345 = CARTESIAN_POINT ( 'NONE',  ( 59.77799999999999869, -37.37500000000000000, 17.19999999999999929 ) ) ;
#346 = CARTESIAN_POINT ( 'NONE',  ( 64.45000000000000284, 26.84199999999999875, 17.19999999999999929 ) ) ;
#347 = ORIENTED_EDGE ( 'NONE', *, *, #1174, .T. ) ;
#348 = AXIS2_PLACEMENT_3D ( 'NONE', #2461, #4223, #2436 ) ;
#349 = DIRECTION ( 'NONE',  ( 0.000000000000000000, 0.000000000000000000, 1.000000000000000000 ) ) ;
#350 = DIRECTION ( 'NONE',  ( -1.000000000000000000, 0.000000000000000000, 0.000000000000000000 ) ) ;
#351 = FACE_OUTER_BOUND ( 'NONE', #1554, .T. ) ;
#352 = CIRCLE ( 'NONE', #1104, 3.500000000000000000 ) ;
#353 = ORIENTED_EDGE ( 'NONE', *, *, #1203, .F. ) ;
#354 = ORIENTED_EDGE ( 'NONE', *, *, #1710, .T. ) ;
#355 = FACE_OUTER_BOUND ( 'NONE', #1475, .T. ) ;
#356 = AXIS2_PLACEMENT_3D ( 'NONE', #155, #1879, #1953 ) ;
#357 = FACE_BOUND ( 'NONE', #4434, .T. ) ;
#358 = LINE ( 'NONE', #1088, #1240 ) ;
#359 = ORIENTED_EDGE ( 'NONE', *, *, #1239, .T. ) ;
#360 = DIRECTION ( 'NONE',  ( 0.1744207395498072188, 0.9846712170135260012, 0.000000000000000000 ) ) ;
#361 = CARTESIAN_POINT ( 'NONE',  ( 10.13899999999999935, -42.64000000000000767, 0.000000000000000000 ) ) ;
#362 = EDGE_CURVE ( 'NONE', #3686, #105, #264, .T. ) ;
#363 = EDGE_CURVE ( 'NONE', #2774, #2519, #4687, .T. ) ;
#364 = ORIENTED_EDGE ( 'NONE', *, *, #1910, .T. ) ;
#365 = CARTESIAN_POINT ( 'NONE',  ( 15.20100000000000051, -35.58299999999999841, 7.500000000000000000 ) ) ;
#366 = DIRECTION ( 'NONE',  ( 0.000000000000000000, 0.000000000000000000, 1.000000000000000000 ) ) ;
#367 = DIRECTION ( 'NONE',  ( 0.000000000000000000, 0.000000000000000000, 1.000000000000000000 ) ) ;
#368 = EDGE_CURVE ( 'NONE', #3023, #4084, #1044, .T. ) ;
#369 = ADVANCED_FACE ( 'NONE', ( #3841 ), #572, .F. ) ;
#370 = VECTOR ( 'NONE', #798, 1000.000000000000000 ) ;
#371 = VERTEX_POINT ( 'NONE', #1498 ) ;
#372 = DIRECTION ( 'NONE',  ( 0.000000000000000000, 1.000000000000000000, -0.000000000000000000 ) ) ;
#373 = CARTESIAN_POINT ( 'NONE',  ( -20.72357811099043090, -39.82022954201941900, 15.19999999999999929 ) ) ;
#374 = VECTOR ( 'NONE', #512, 1000.000000000000000 ) ;
#375 = DIRECTION ( 'NONE',  ( 1.000000000000000000, 0.000000000000000000, 0.000000000000000000 ) ) ;
#376 = ORIENTED_EDGE ( 'NONE', *, *, #458, .F. ) ;
#377 = CC_DESIGN_APPROVAL ( #2862, ( #4294 ) ) ;
#378 = ORIENTED_EDGE ( 'NONE', *, *, #99, .F. ) ;
#379 = LINE ( 'NONE', #3259, #1955 ) ;
#380 = DIRECTION ( 'NONE',  ( 0.000000000000000000, -0.000000000000000000, 1.000000000000000000 ) ) ;
#381 = CARTESIAN_POINT ( 'NONE',  ( 23.20100000000000051, -29.58299999999999841, 0.000000000000000000 ) ) ;
#382 = ORIENTED_EDGE ( 'NONE', *, *, #996, .T. ) ;
#383 = CARTESIAN_POINT ( 'NONE',  ( 75.55224658615374267, -39.81970595040655070, -1.199999999999999956 ) ) ;
#384 = EDGE_CURVE ( 'NONE', #2102, #1038, #1100, .T. ) ;
#385 = DIRECTION ( 'NONE',  ( 1.000000000000000000, 0.000000000000000000, -0.000000000000000000 ) ) ;
#386 = ADVANCED_FACE ( 'NONE', ( #1426 ), #780, .F. ) ;
#387 = ORIENTED_EDGE ( 'NONE', *, *, #3628, .F. ) ;
#388 = LINE ( 'NONE', #1433, #4340 ) ;
#389 = CARTESIAN_POINT ( 'NONE',  ( -4.719000000000000306, 1.614000000000000101, 17.19999999999999929 ) ) ;
#390 = VECTOR ( 'NONE', #1165, 1000.000000000000000 ) ;
#391 = DIRECTION ( 'NONE',  ( 0.000000000000000000, -0.000000000000000000, 1.000000000000000000 ) ) ;
#392 = ORIENTED_EDGE ( 'NONE', *, *, #3776, .F. ) ;
#393 = DIRECTION ( 'NONE',  ( 0.000000000000000000, 0.000000000000000000, 1.000000000000000000 ) ) ;
#394 = VECTOR ( 'NONE', #3180, 1000.000000000000000 ) ;
#395 = DIRECTION ( 'NONE',  ( -1.000000000000000000, 0.000000000000000000, -0.000000000000000000 ) ) ;
#396 = EDGE_CURVE ( 'NONE', #3859, #630, #4372, .T. ) ;
#397 = EDGE_CURVE ( 'NONE', #2823, #202, #2401, .T. ) ;
#398 = AXIS2_PLACEMENT_3D ( 'NONE', #3699, #1869, #4715 ) ;
#399 = CARTESIAN_POINT ( 'NONE',  ( 69.81000000000000227, -35.72299999999999898, 17.19999999999999929 ) ) ;
#400 = CIRCLE ( 'NONE', #2458, 1.250000000000000222 ) ;
#401 = ORIENTED_EDGE ( 'NONE', *, *, #4036, .F. ) ;
#402 = ORIENTED_EDGE ( 'NONE', *, *, #585, .T. ) ;
#403 = ORIENTED_EDGE ( 'NONE', *, *, #4683, .F. ) ;
#404 = CARTESIAN_POINT ( 'NONE',  ( -2.427000000000000046, -13.35599999999999987, 17.19999999999999929 ) ) ;
#405 = PLANE ( 'NONE',  #1659 ) ;
#406 = CARTESIAN_POINT ( 'NONE',  ( 58.52799999999999869, -37.37500000000000000, 0.000000000000000000 ) ) ;
#407 = ORIENTED_EDGE ( 'NONE', *, *, #424, .T. ) ;
#408 = CARTESIAN_POINT ( 'NONE',  ( 68.16506350946109194, 7.856999999999997542, 15.19999999999999929 ) ) ;
#409 = VECTOR ( 'NONE', #1037, 1000.000000000000000 ) ;
#410 = LINE ( 'NONE', #3311, #690 ) ;
#411 = CIRCLE ( 'NONE', #3148, 1.987338461654854838 ) ;
#412 = ORIENTED_EDGE ( 'NONE', *, *, #2235, .T. ) ;
#413 = FACE_OUTER_BOUND ( 'NONE', #4666, .T. ) ;
#414 = DIRECTION ( 'NONE',  ( -0.000000000000000000, -0.000000000000000000, 1.000000000000000000 ) ) ;
#415 = CARTESIAN_POINT ( 'NONE',  ( 3.569000000000000838, -35.72299999999999898, 15.19999999999999929 ) ) ;
#416 = VERTEX_POINT ( 'NONE', #3241 ) ;
#417 = DIRECTION ( 'NONE',  ( -1.000000000000000000, 0.000000000000000000, 0.000000000000000000 ) ) ;
#418 = DIRECTION ( 'NONE',  ( -0.000000000000000000, -0.000000000000000000, -1.000000000000000000 ) ) ;
#419 = DIRECTION ( 'NONE',  ( -1.000000000000000000, 0.000000000000000000, 0.000000000000000000 ) ) ;
#420 = VECTOR ( 'NONE', #4038, 1000.000000000000000 ) ;
#421 = ORIENTED_EDGE ( 'NONE', *, *, #2725, .F. ) ;
#422 = ORIENTED_EDGE ( 'NONE', *, *, #4090, .F. ) ;
#423 = ADVANCED_FACE ( 'NONE', ( #2956, #1114 ), #4418, .T. ) ;
#424 = EDGE_CURVE ( 'NONE', #4084, #4297, #2221, .T. ) ;
#425 = VERTEX_POINT ( 'NONE', #408 ) ;
#426 = CARTESIAN_POINT ( 'NONE',  ( 8.901750000000001606, -41.40274999999999750, 0.000000000000000000 ) ) ;
#427 = DIRECTION ( 'NONE',  ( 0.000000000000000000, 0.000000000000000000, 1.000000000000000000 ) ) ;
#428 = CARTESIAN_POINT ( 'NONE',  ( 64.44972621737014151, 22.85522956169267772, 15.19999999999999929 ) ) ;
#429 = ORIENTED_EDGE ( 'NONE', *, *, #855, .T. ) ;
#430 = VECTOR ( 'NONE', #2646, 1000.000000000000000 ) ;
#431 = ORIENTED_EDGE ( 'NONE', *, *, #3335, .F. ) ;
#432 = DIRECTION ( 'NONE',  ( 1.000000000000000000, 0.000000000000000000, 0.000000000000000000 ) ) ;
#433 = CARTESIAN_POINT ( 'NONE',  ( -3.468999999999999861, 1.614000000000000101, 0.000000000000000000 ) ) ;
#434 = ORIENTED_EDGE ( 'NONE', *, *, #1797, .T. ) ;
#435 = APPROVAL_ROLE ( '' ) ;
#436 = DIRECTION ( 'NONE',  ( -0.000000000000000000, -0.000000000000000000, -1.000000000000000000 ) ) ;
#437 = DIRECTION ( 'NONE',  ( -0.000000000000000000, 0.000000000000000000, 1.000000000000000000 ) ) ;
#438 = EDGE_LOOP ( 'NONE', ( #1156, #1368, #1091, #588 ) ) ;
#439 = DIRECTION ( 'NONE',  ( 0.000000000000000000, 0.000000000000000000, 1.000000000000000000 ) ) ;
#440 = ADVANCED_FACE ( 'NONE', ( #66, #3983 ), #3671, .T. ) ;
#441 = CARTESIAN_POINT ( 'NONE',  ( 10.13899999999999935, -42.64000000000000767, 7.500000000000000000 ) ) ;
#442 = VECTOR ( 'NONE', #1614, 1000.000000000000000 ) ;
#443 = LINE ( 'NONE', #2995, #1243 ) ;
#444 = EDGE_CURVE ( 'NONE', #4297, #3547, #45, .T. ) ;
#445 = ORIENTED_EDGE ( 'NONE', *, *, #4658, .F. ) ;
#446 = ORIENTED_EDGE ( 'NONE', *, *, #2897, .F. ) ;
#447 = EDGE_LOOP ( 'NONE', ( #2664, #4431, #773, #1416, #2482, #3522, #3032, #3605, #1680, #818, #2167, #3168 ) ) ;
#448 = CARTESIAN_POINT ( 'NONE',  ( -7.634726217370140233, -29.18499999999999517, 7.500000000000000000 ) ) ;
#449 = VECTOR ( 'NONE', #76, 1000.000000000000000 ) ;
#450 = CARTESIAN_POINT ( 'NONE',  ( 10.13899999999999935, -42.64000000000000767, 17.19999999999999929 ) ) ;
#451 = DIRECTION ( 'NONE',  ( -1.000000000000000000, 0.000000000000000000, 0.000000000000000000 ) ) ;
#452 = CIRCLE ( 'NONE', #976, 1.250000000000000222 ) ;
#453 = ORIENTED_EDGE ( 'NONE', *, *, #4007, .F. ) ;
#454 = EDGE_LOOP ( 'NONE', ( #3053, #2596, #3810, #3427 ) ) ;
#455 = DIRECTION ( 'NONE',  ( 0.7071067811865474617, 0.7071067811865475727, 0.000000000000000000 ) ) ;
#456 = CARTESIAN_POINT ( 'NONE',  ( 34.52100000000000080, -29.58699999999999974, 7.500000000000000000 ) ) ;
#457 = ADVANCED_FACE ( 'NONE', ( #1136 ), #1815, .F. ) ;
#458 = EDGE_CURVE ( 'NONE', #4141, #4045, #3601, .T. ) ;
#459 = EDGE_LOOP ( 'NONE', ( #571, #3391, #1905, #1001 ) ) ;
#460 = FACE_OUTER_BOUND ( 'NONE', #889, .T. ) ;
#461 = DIRECTION ( 'NONE',  ( -1.000000000000000000, 0.000000000000000000, 0.000000000000000000 ) ) ;
#462 = ORIENTED_EDGE ( 'NONE', *, *, #2772, .F. ) ;
#463 = CARTESIAN_POINT ( 'NONE',  ( 7.319999999999999396, -41.80700000000000216, 0.000000000000000000 ) ) ;
#464 = LINE ( 'NONE', #1196, #4495 ) ;
#465 = CARTESIAN_POINT ( 'NONE',  ( 34.51200000000000045, -27.83299999999999841, -1.199999999999999956 ) ) ;
#466 = DIRECTION ( 'NONE',  ( 0.000000000000000000, 0.000000000000000000, 1.000000000000000000 ) ) ;
#467 = EDGE_CURVE ( 'NONE', #2316, #4701, #4467, .T. ) ;
#468 = VERTEX_POINT ( 'NONE', #2529 ) ;
#469 = ORIENTED_EDGE ( 'NONE', *, *, #1239, .F. ) ;
#470 = AXIS2_PLACEMENT_3D ( 'NONE', #603, #2159, #628 ) ;
#471 = ORIENTED_EDGE ( 'NONE', *, *, #115, .F. ) ;
#472 = DIRECTION ( 'NONE',  ( 0.000000000000000000, 0.000000000000000000, -1.000000000000000000 ) ) ;
#473 = LINE ( 'NONE', #3378, #2349 ) ;
#474 = DIRECTION ( 'NONE',  ( -0.1744207395498072188, -0.9846712170135260012, 0.000000000000000000 ) ) ;
#475 = EDGE_CURVE ( 'NONE', #324, #47, #3011, .T. ) ;
#476 = VECTOR ( 'NONE', #1191, 999.9999999999998863 ) ;
#477 = VERTEX_POINT ( 'NONE', #337 ) ;
#478 = EDGE_LOOP ( 'NONE', ( #2977, #1888, #1020, #2574 ) ) ;
#479 = CARTESIAN_POINT ( 'NONE',  ( -5.969000000000000306, 1.614000000000000101, 15.19999999999999929 ) ) ;
#480 = CARTESIAN_POINT ( 'NONE',  ( 58.52799999999999869, -37.37500000000000000, 17.19999999999999929 ) ) ;
#481 = VECTOR ( 'NONE', #4315, 1000.000000000000000 ) ;
#482 = ORIENTED_EDGE ( 'NONE', *, *, #3712, .F. ) ;
#483 = ADVANCED_FACE ( 'NONE', ( #757 ), #4709, .F. ) ;
#484 = EDGE_CURVE ( 'NONE', #3553, #1855, #2552, .T. ) ;
#485 = VECTOR ( 'NONE', #1348, 1000.000000000000000 ) ;
#486 = LINE ( 'NONE', #1941, #2305 ) ;
#487 = DIRECTION ( 'NONE',  ( -1.000000000000000000, -0.000000000000000000, -0.000000000000000000 ) ) ;
#488 = ORIENTED_EDGE ( 'NONE', *, *, #3363, .F. ) ;
#489 = FACE_OUTER_BOUND ( 'NONE', #4516, .T. ) ;
#490 = DIRECTION ( 'NONE',  ( -0.000000000000000000, -0.000000000000000000, -1.000000000000000000 ) ) ;
#491 = FACE_OUTER_BOUND ( 'NONE', #4634, .T. ) ;
#492 = DIRECTION ( 'NONE',  ( 0.000000000000000000, 0.000000000000000000, -1.000000000000000000 ) ) ;
#493 = EDGE_LOOP ( 'NONE', ( #3540, #952, #4539, #2245 ) ) ;
#494 = ORIENTED_EDGE ( 'NONE', *, *, #1665, .F. ) ;
#495 = DIRECTION ( 'NONE',  ( 1.000000000000000000, 0.000000000000000000, 0.000000000000000000 ) ) ;
#496 = DIRECTION ( 'NONE',  ( 1.000000000000000000, 0.000000000000000000, 0.000000000000000000 ) ) ;
#497 = VECTOR ( 'NONE', #2564, 1000.000000000000114 ) ;
#498 = CARTESIAN_POINT ( 'NONE',  ( 59.77799999999999869, -37.37500000000000000, 17.19999999999999929 ) ) ;
#499 = EDGE_LOOP ( 'NONE', ( #225, #1279, #2853, #554, #1502, #283, #1363, #713 ) ) ;
#500 = ORIENTED_EDGE ( 'NONE', *, *, #4474, .F. ) ;
#501 = DIRECTION ( 'NONE',  ( 0.7071067811865475727, 0.7071067811865474617, 0.000000000000000000 ) ) ;
#502 = VECTOR ( 'NONE', #1382, 1000.000000000000000 ) ;
#503 = CARTESIAN_POINT ( 'NONE',  ( 34.52100000000000080, -29.58699999999999974, 17.19999999999999929 ) ) ;
#504 = VECTOR ( 'NONE', #1935, 1000.000000000000114 ) ;
#505 = ORIENTED_EDGE ( 'NONE', *, *, #1146, .F. ) ;
#506 = CIRCLE ( 'NONE', #2635, 6.199999999999997513 ) ;
#507 = APPROVAL_ROLE ( '' ) ;
#508 = DIRECTION ( 'NONE',  ( 0.000000000000000000, 0.000000000000000000, -1.000000000000000000 ) ) ;
#509 = EDGE_CURVE ( 'NONE', #3991, #2033, #1875, .T. ) ;
#510 = CARTESIAN_POINT ( 'NONE',  ( 64.44983819143689630, 22.85513567608967378, 0.000000000000000000 ) ) ;
#511 = VERTEX_POINT ( 'NONE', #4393 ) ;
#512 = DIRECTION ( 'NONE',  ( 0.000000000000000000, 0.000000000000000000, -1.000000000000000000 ) ) ;
#513 = FACE_OUTER_BOUND ( 'NONE', #1836, .T. ) ;
#514 = EDGE_CURVE ( 'NONE', #4357, #2747, #1567, .T. ) ;
#515 = EDGE_CURVE ( 'NONE', #88, #4146, #3030, .T. ) ;
#516 = DIRECTION ( 'NONE',  ( 0.7071067811865479058, 0.7071067811865472397, -0.000000000000000000 ) ) ;
#517 = ORIENTED_EDGE ( 'NONE', *, *, #1441, .T. ) ;
#518 = ORIENTED_EDGE ( 'NONE', *, *, #2411, .T. ) ;
#519 = CARTESIAN_POINT ( 'NONE',  ( 59.14699999999999847, 12.09699999999999953, 15.19999999999999929 ) ) ;
#520 = DIRECTION ( 'NONE',  ( -0.000000000000000000, -0.000000000000000000, -1.000000000000000000 ) ) ;
#521 = FACE_OUTER_BOUND ( 'NONE', #459, .T. ) ;
#522 = ORIENTED_EDGE ( 'NONE', *, *, #907, .T. ) ;
#523 = ORIENTED_EDGE ( 'NONE', *, *, #1146, .T. ) ;
#524 = DIRECTION ( 'NONE',  ( 0.000000000000000000, -1.000000000000000000, 0.000000000000000000 ) ) ;
#525 = LINE ( 'NONE', #2364, #1603 ) ;
#526 = ORIENTED_EDGE ( 'NONE', *, *, #2906, .T. ) ;
#527 = COORDINATED_UNIVERSAL_TIME_OFFSET ( 8, 0, .AHEAD. ) ;
#528 = LINE ( 'NONE', #1626, #847 ) ;
#529 = DIRECTION ( 'NONE',  ( -1.000000000000000000, 0.000000000000000000, 0.000000000000000000 ) ) ;
#530 = VERTEX_POINT ( 'NONE', #828 ) ;
#531 = CARTESIAN_POINT ( 'NONE',  ( 12.15499999999999936, -29.18499999999999872, 17.19999999999999929 ) ) ;
#532 = CARTESIAN_POINT ( 'NONE',  ( -2.427000000000000046, -13.35599999999999987, 17.19999999999999929 ) ) ;
#533 = CARTESIAN_POINT ( 'NONE',  ( 20.76600000000000534, -29.18499999999999872, 0.000000000000000000 ) ) ;
#534 = VERTEX_POINT ( 'NONE', #3356 ) ;
#535 = VERTEX_POINT ( 'NONE', #3054 ) ;
#536 = DIRECTION ( 'NONE',  ( 1.000000000000000000, 0.000000000000000000, 0.000000000000000000 ) ) ;
#537 = EDGE_CURVE ( 'NONE', #1345, #4056, #4493, .T. ) ;
#538 = VECTOR ( 'NONE', #782, 999.9999999999998863 ) ;
#539 = EDGE_CURVE ( 'NONE', #4608, #2414, #3429, .T. ) ;
#540 = CARTESIAN_POINT ( 'NONE',  ( 59.14699999999999847, 12.09699999999999953, 17.19999999999999929 ) ) ;
#541 = FACE_BOUND ( 'NONE', #4507, .T. ) ;
#542 = CIRCLE ( 'NONE', #3208, 3.987020817447783916 ) ;
#543 = ORIENTED_EDGE ( 'NONE', *, *, #3352, .T. ) ;
#544 = VECTOR ( 'NONE', #414, 1000.000000000000000 ) ;
#545 = EDGE_LOOP ( 'NONE', ( #4122, #679, #3609, #641, #3958, #3715, #403, #2455, #3517, #4679, #1443, #2528, #3623, #2453, #4164, #1039, #4555 ) ) ;
#546 = CARTESIAN_POINT ( 'NONE',  ( 15.20100000000000051, -37.58299999999999841, 7.500000000000000000 ) ) ;
#547 = CARTESIAN_POINT ( 'NONE',  ( 34.51200000000000045, -29.58299999999999841, 0.000000000000000000 ) ) ;
#548 = AXIS2_PLACEMENT_3D ( 'NONE', #2463, #646, #1313 ) ;
#549 = VECTOR ( 'NONE', #3238, 1000.000000000000000 ) ;
#550 = VECTOR ( 'NONE', #715, 1000.000000000000000 ) ;
#551 = ORIENTED_EDGE ( 'NONE', *, *, #1452, .F. ) ;
#552 = LINE ( 'NONE', #2652, #2000 ) ;
#553 = DIRECTION ( 'NONE',  ( 0.000000000000000000, 0.000000000000000000, -1.000000000000000000 ) ) ;
#554 = ORIENTED_EDGE ( 'NONE', *, *, #3468, .T. ) ;
#555 = LINE ( 'NONE', #1629, #550 ) ;
#556 = AXIS2_PLACEMENT_3D ( 'NONE', #40, #1474, #4463 ) ;
#557 = DIRECTION ( 'NONE',  ( 0.000000000000000000, 0.000000000000000000, -1.000000000000000000 ) ) ;
#558 = DIRECTION ( 'NONE',  ( 0.000000000000000000, 1.000000000000000000, 0.000000000000000000 ) ) ;
#559 = CARTESIAN_POINT ( 'NONE',  ( -2.822000000000000508, -37.37500000000000000, 0.000000000000000000 ) ) ;
#560 = ORIENTED_EDGE ( 'NONE', *, *, #1003, .F. ) ;
#561 = ORIENTED_EDGE ( 'NONE', *, *, #4007, .T. ) ;
#562 = DIRECTION ( 'NONE',  ( 1.000000000000000000, 0.000000000000000000, 0.000000000000000000 ) ) ;
#563 = LINE ( 'NONE', #2736, #1584 ) ;
#564 = FACE_BOUND ( 'NONE', #4609, .T. ) ;
#565 = ADVANCED_FACE ( 'NONE', ( #2267 ), #3812, .F. ) ;
#566 = ADVANCED_FACE ( 'NONE', ( #4100 ), #3738, .F. ) ;
#567 = EDGE_LOOP ( 'NONE', ( #1515, #1619, #181, #245, #4004, #2738, #2726 ) ) ;
#568 = VERTEX_POINT ( 'NONE', #2719 ) ;
#569 = CARTESIAN_POINT ( 'NONE',  ( 38.21000000000000085, 26.84199999999999875, 15.15000000000000036 ) ) ;
#570 = DIRECTION ( 'NONE',  ( 0.000000000000000000, 0.000000000000000000, 1.000000000000000000 ) ) ;
#571 = ORIENTED_EDGE ( 'NONE', *, *, #1783, .F. ) ;
#572 = PLANE ( 'NONE',  #39 ) ;
#573 = CARTESIAN_POINT ( 'NONE',  ( -20.69300000000000139, -39.47299999999999898, 0.000000000000000000 ) ) ;
#574 = LINE ( 'NONE', #2417, #3212 ) ;
#575 = VERTEX_POINT ( 'NONE', #479 ) ;
#576 = AXIS2_PLACEMENT_3D ( 'NONE', #3000, #133, #843 ) ;
#577 = DIRECTION ( 'NONE',  ( 0.000000000000000000, 0.000000000000000000, 1.000000000000000000 ) ) ;
#578 = CARTESIAN_POINT ( 'NONE',  ( 64.45000000000000284, 24.84199999999999875, 0.000000000000000000 ) ) ;
#579 = DIRECTION ( 'NONE',  ( 0.000000000000000000, 0.000000000000000000, 1.000000000000000000 ) ) ;
#580 = ORIENTED_EDGE ( 'NONE', *, *, #42, .T. ) ;
#581 = ORIENTED_EDGE ( 'NONE', *, *, #213, .F. ) ;
#582 = EDGE_CURVE ( 'NONE', #986, #3233, #850, .T. ) ;
#583 = LINE ( 'NONE', #2735, #3590 ) ;
#584 = CARTESIAN_POINT ( 'NONE',  ( -7.635024826596096048, 22.85497918262948502, 17.19999999999999929 ) ) ;
#585 = EDGE_CURVE ( 'NONE', #88, #4700, #3716, .T. ) ;
#586 = FACE_BOUND ( 'NONE', #1118, .T. ) ;
#587 = ORIENTED_EDGE ( 'NONE', *, *, #2669, .F. ) ;
#588 = ORIENTED_EDGE ( 'NONE', *, *, #29, .F. ) ;
#589 = DIRECTION ( 'NONE',  ( -1.000000000000000000, 0.000000000000000000, 0.000000000000000000 ) ) ;
#590 = FACE_OUTER_BOUND ( 'NONE', #2477, .T. ) ;
#591 = CIRCLE ( 'NONE', #3260, 2.737356642794202877 ) ;
#592 = ORIENTED_EDGE ( 'NONE', *, *, #1797, .F. ) ;
#593 = DIRECTION ( 'NONE',  ( -0.000000000000000000, -1.000000000000000000, -0.000000000000000000 ) ) ;
#594 = EDGE_CURVE ( 'NONE', #3341, #919, #2715, .T. ) ;
#595 = EDGE_CURVE ( 'NONE', #47, #1713, #164, .T. ) ;
#596 = VECTOR ( 'NONE', #3274, 1000.000000000000000 ) ;
#597 = CARTESIAN_POINT ( 'NONE',  ( 50.39300000000000068, -41.80700000000000216, 15.19999999999999929 ) ) ;
#598 = DIRECTION ( 'NONE',  ( 0.000000000000000000, 0.000000000000000000, -1.000000000000000000 ) ) ;
#599 = AXIS2_PLACEMENT_3D ( 'NONE', #1504, #4714, #3606 ) ;
#600 = EDGE_LOOP ( 'NONE', ( #4317, #2121, #1767, #693 ) ) ;
#601 = DIRECTION ( 'NONE',  ( -1.000000000000000000, 0.000000000000000000, 0.000000000000000000 ) ) ;
#602 = FACE_OUTER_BOUND ( 'NONE', #438, .T. ) ;
#603 = CARTESIAN_POINT ( 'NONE',  ( -11.08900000000000041, -35.72299999999999898, 15.19999999999999929 ) ) ;
#604 = ORIENTED_EDGE ( 'NONE', *, *, #2690, .T. ) ;
#605 = ORIENTED_EDGE ( 'NONE', *, *, #41, .T. ) ;
#606 = DIRECTION ( 'NONE',  ( 0.000000000000000000, 0.000000000000000000, 1.000000000000000000 ) ) ;
#607 = DIRECTION ( 'NONE',  ( 0.000000000000000000, 0.000000000000000000, 1.000000000000000000 ) ) ;
#608 = EDGE_CURVE ( 'NONE', #28, #4464, #3005, .T. ) ;
#609 = LINE ( 'NONE', #2832, #1473 ) ;
#610 = ORIENTED_EDGE ( 'NONE', *, *, #4325, .F. ) ;
#611 = ORIENTED_EDGE ( 'NONE', *, *, #613, .F. ) ;
#612 = DIRECTION ( 'NONE',  ( 1.000000000000000000, 0.000000000000000000, 0.000000000000000000 ) ) ;
#613 = EDGE_CURVE ( 'NONE', #1400, #1699, #1982, .T. ) ;
#614 = CARTESIAN_POINT ( 'NONE',  ( 68.37600000000000477, 23.55000000000000071, 17.19999999999999929 ) ) ;
#615 = ADVANCED_FACE ( 'NONE', ( #2341 ), #3075, .T. ) ;
#616 = ORIENTED_EDGE ( 'NONE', *, *, #3571, .T. ) ;
#617 = DIRECTION ( 'NONE',  ( 0.1744359722748106967, -0.9846685186277366331, 0.000000000000000000 ) ) ;
#618 = VECTOR ( 'NONE', #2206, 1000.000000000000000 ) ;
#619 = VECTOR ( 'NONE', #1822, 1000.000000000000000 ) ;
#620 = DIRECTION ( 'NONE',  ( -1.000000000000000000, 0.000000000000000000, 0.000000000000000000 ) ) ;
#621 = CIRCLE ( 'NONE', #85, 2.237294063182349024 ) ;
#622 = CARTESIAN_POINT ( 'NONE',  ( 23.20100000000000051, -29.58299999999999841, 17.19999999999999929 ) ) ;
#623 = EDGE_CURVE ( 'NONE', #4571, #1901, #3314, .T. ) ;
#624 = EDGE_CURVE ( 'NONE', #1934, #1015, #4540, .T. ) ;
#625 = ORIENTED_EDGE ( 'NONE', *, *, #4683, .T. ) ;
#626 = DIRECTION ( 'NONE',  ( -1.000000000000000000, 0.000000000000000000, 0.000000000000000000 ) ) ;
#627 = DIRECTION ( 'NONE',  ( 0.000000000000000000, 0.000000000000000000, -1.000000000000000000 ) ) ;
#628 = DIRECTION ( 'NONE',  ( 1.000000000000000000, 0.000000000000000000, 0.000000000000000000 ) ) ;
#629 = ORIENTED_EDGE ( 'NONE', *, *, #3572, .T. ) ;
#630 = VERTEX_POINT ( 'NONE', #3097 ) ;
#631 = CIRCLE ( 'NONE', #1623, 3.500000000000003109 ) ;
#632 = DIRECTION ( 'NONE',  ( 0.000000000000000000, -0.000000000000000000, -1.000000000000000000 ) ) ;
#633 = DIRECTION ( 'NONE',  ( 1.000000000000000000, 0.000000000000000000, 0.000000000000000000 ) ) ;
#634 = VECTOR ( 'NONE', #1127, 999.9999999999998863 ) ;
#635 = CARTESIAN_POINT ( 'NONE',  ( 7.320818115028833617, -39.81966170673926797, 0.000000000000000000 ) ) ;
#636 = VERTEX_POINT ( 'NONE', #1163 ) ;
#637 = ORIENTED_EDGE ( 'NONE', *, *, #813, .F. ) ;
#638 = DIRECTION ( 'NONE',  ( 0.000000000000000000, 0.000000000000000000, 1.000000000000000000 ) ) ;
#639 = CARTESIAN_POINT ( 'NONE',  ( 78.24775000000001057, -39.34250000000000114, 0.000000000000000000 ) ) ;
#640 = ORIENTED_EDGE ( 'NONE', *, *, #4184, .F. ) ;
#641 = ORIENTED_EDGE ( 'NONE', *, *, #339, .F. ) ;
#642 = CARTESIAN_POINT ( 'NONE',  ( 19.41000000000000014, 22.84199999999999875, 15.15000000000000036 ) ) ;
#643 = CARTESIAN_POINT ( 'NONE',  ( 66.00000000000000000, 9.106999999999999318, 14.90000000000000036 ) ) ;
#644 = EDGE_CURVE ( 'NONE', #3868, #1805, #1187, .T. ) ;
#645 = VECTOR ( 'NONE', #4287, 1000.000000000000000 ) ;
#646 = DIRECTION ( 'NONE',  ( -0.000000000000000000, -0.000000000000000000, -1.000000000000000000 ) ) ;
#647 = ORIENTED_EDGE ( 'NONE', *, *, #3276, .F. ) ;
#648 = AXIS2_PLACEMENT_3D ( 'NONE', #3310, #1886, #360 ) ;
#649 = CARTESIAN_POINT ( 'NONE',  ( 15.20169289790814204, -37.59571270122588516, 7.500000000000000000 ) ) ;
#650 = DIRECTION ( 'NONE',  ( -0.000000000000000000, -0.000000000000000000, -1.000000000000000000 ) ) ;
#651 = CARTESIAN_POINT ( 'NONE',  ( -7.635000000000000675, 26.84199999999999875, 17.19999999999999929 ) ) ;
#652 = VECTOR ( 'NONE', #501, 1000.000000000000000 ) ;
#653 = ORIENTED_EDGE ( 'NONE', *, *, #1964, .F. ) ;
#654 = CYLINDRICAL_SURFACE ( 'NONE', #3008, 2.237319616121274279 ) ;
#655 = CARTESIAN_POINT ( 'NONE',  ( 34.51135267346736413, -29.59573157850275393, -1.199999999999999956 ) ) ;
#656 = CARTESIAN_POINT ( 'NONE',  ( -18.73700000000000188, -43.80700000000000216, 17.19999999999999929 ) ) ;
#657 = EDGE_CURVE ( 'NONE', #2625, #3405, #4124, .T. ) ;
#658 = EDGE_CURVE ( 'NONE', #2510, #3325, #1597, .T. ) ;
#659 = DIRECTION ( 'NONE',  ( -0.7071067811865475727, 0.7071067811865474617, 0.000000000000000000 ) ) ;
#660 = VERTEX_POINT ( 'NONE', #2765 ) ;
#661 = ORIENTED_EDGE ( 'NONE', *, *, #996, .F. ) ;
#662 = DIRECTION ( 'NONE',  ( 0.000000000000000000, 0.000000000000000000, 1.000000000000000000 ) ) ;
#663 = DIRECTION ( 'NONE',  ( -0.7071067811865475727, -0.7071067811865474617, 0.000000000000000000 ) ) ;
#664 = ORIENTED_EDGE ( 'NONE', *, *, #4545, .T. ) ;
#665 = DIRECTION ( 'NONE',  ( 0.000000000000000000, 0.000000000000000000, 1.000000000000000000 ) ) ;
#666 = DIRECTION ( 'NONE',  ( 1.000000000000000000, 0.000000000000000000, 0.000000000000000000 ) ) ;
#667 = CIRCLE ( 'NONE', #2727, 1.987262779652235078 ) ;
#668 = FACE_OUTER_BOUND ( 'NONE', #2258, .T. ) ;
#669 = ORIENTED_EDGE ( 'NONE', *, *, #4596, .F. ) ;
#670 = AXIS2_PLACEMENT_3D ( 'NONE', #2038, #978, #905 ) ;
#671 = DIRECTION ( 'NONE',  ( -1.000000000000000000, 0.000000000000000000, 0.000000000000000000 ) ) ;
#672 = CARTESIAN_POINT ( 'NONE',  ( 64.44983819143689630, 22.85513567608967378, -1.199999999999999956 ) ) ;
#673 = VECTOR ( 'NONE', #2871, 1000.000000000000000 ) ;
#674 = DIRECTION ( 'NONE',  ( -0.1744207395498071911, -0.9846712170135260012, 0.000000000000000000 ) ) ;
#675 = ORIENTED_EDGE ( 'NONE', *, *, #3922, .T. ) ;
#676 = CARTESIAN_POINT ( 'NONE',  ( 23.20100000000000051, -27.83299999999999841, -1.199999999999999956 ) ) ;
#677 = DIRECTION ( 'NONE',  ( 0.000000000000000000, 0.000000000000000000, -1.000000000000000000 ) ) ;
#678 = CARTESIAN_POINT ( 'NONE',  ( 75.55229909320706838, -39.81964337354579442, -1.199999999999999956 ) ) ;
#679 = ORIENTED_EDGE ( 'NONE', *, *, #717, .F. ) ;
#680 = EDGE_CURVE ( 'NONE', #1877, #105, #3476, .T. ) ;
#681 = EDGE_CURVE ( 'NONE', #4286, #2876, #3550, .T. ) ;
#682 = ORIENTED_EDGE ( 'NONE', *, *, #3051, .T. ) ;
#683 = FACE_OUTER_BOUND ( 'NONE', #1099, .T. ) ;
#684 = LINE ( 'NONE', #2816, #4098 ) ;
#685 = PRODUCT ( '\X2\906563a756684e0a58f3\X0\', '\X2\906563a756684e0a58f3\X0\', '', ( #1217 ) ) ;
#686 = ORIENTED_EDGE ( 'NONE', *, *, #2172, .T. ) ;
#687 = ORIENTED_EDGE ( 'NONE', *, *, #4239, .T. ) ;
#688 = CARTESIAN_POINT ( 'NONE',  ( 9.255250000000000199, -41.75625000000000142, 0.000000000000000000 ) ) ;
#689 = DIRECTION ( 'NONE',  ( -1.000000000000000000, 0.000000000000000000, 0.000000000000000000 ) ) ;
#690 = VECTOR ( 'NONE', #1237, 1000.000000000000000 ) ;
#691 = DIRECTION ( 'NONE',  ( 1.000000000000000000, 0.000000000000000000, 0.000000000000000000 ) ) ;
#692 = VECTOR ( 'NONE', #1144, 1000.000000000000000 ) ;
#693 = ORIENTED_EDGE ( 'NONE', *, *, #2898, .F. ) ;
#694 = VECTOR ( 'NONE', #3652, 1000.000000000000000 ) ;
#695 = DIRECTION ( 'NONE',  ( -0.000000000000000000, -0.000000000000000000, -1.000000000000000000 ) ) ;
#696 = CIRCLE ( 'NONE', #4202, 3.987513128313524557 ) ;
#697 = DIRECTION ( 'NONE',  ( -0.1744207395498071356, -0.9846712170135260012, 0.000000000000000000 ) ) ;
#698 = DIRECTION ( 'NONE',  ( -1.000000000000000000, 0.000000000000000000, 0.000000000000000000 ) ) ;
#699 = AXIS2_PLACEMENT_3D ( 'NONE', #1648, #974, #2550 ) ;
#700 = ORIENTED_EDGE ( 'NONE', *, *, #4336, .F. ) ;
#701 = CARTESIAN_POINT ( 'NONE',  ( 50.39231887641678753, -39.81971817910011424, 0.000000000000000000 ) ) ;
#702 = FACE_OUTER_BOUND ( 'NONE', #3705, .T. ) ;
#703 = FACE_OUTER_BOUND ( 'NONE', #1640, .T. ) ;
#704 = VECTOR ( 'NONE', #3284, 1000.000000000000000 ) ;
#705 = ORIENTED_EDGE ( 'NONE', *, *, #2293, .T. ) ;
#706 = ORIENTED_EDGE ( 'NONE', *, *, #2849, .T. ) ;
#707 = CARTESIAN_POINT ( 'NONE',  ( -2.822000000000000508, -37.37500000000000000, 17.19999999999999929 ) ) ;
#708 = CARTESIAN_POINT ( 'NONE',  ( 59.77799999999999869, -37.37500000000000000, 17.19999999999999929 ) ) ;
#709 = AXIS2_PLACEMENT_3D ( 'NONE', #1734, #2857, #4678 ) ;
#710 = EDGE_CURVE ( 'NONE', #2126, #1200, #1376, .T. ) ;
#711 = EDGE_CURVE ( 'NONE', #2864, #3859, #1739, .T. ) ;
#712 = DIRECTION ( 'NONE',  ( 0.000000000000000000, 0.000000000000000000, -1.000000000000000000 ) ) ;
#713 = ORIENTED_EDGE ( 'NONE', *, *, #585, .F. ) ;
#714 = DIRECTION ( 'NONE',  ( 0.000000000000000000, 0.000000000000000000, 1.000000000000000000 ) ) ;
#715 = DIRECTION ( 'NONE',  ( 0.000000000000000000, 0.000000000000000000, -1.000000000000000000 ) ) ;
#716 = EDGE_CURVE ( 'NONE', #2834, #4316, #2837, .T. ) ;
#717 = EDGE_CURVE ( 'NONE', #2922, #2795, #4220, .T. ) ;
#718 = ORIENTED_EDGE ( 'NONE', *, *, #2437, .F. ) ;
#719 = DIRECTION ( 'NONE',  ( 1.000000000000000000, 0.000000000000000000, 0.000000000000000000 ) ) ;
#720 = VECTOR ( 'NONE', #617, 1000.000000000000114 ) ;
#721 = DIRECTION ( 'NONE',  ( -0.000000000000000000, -0.000000000000000000, -1.000000000000000000 ) ) ;
#722 = CARTESIAN_POINT ( 'NONE',  ( -7.635024826596096048, 22.85497918262948502, 7.500000000000000000 ) ) ;
#723 = ORIENTED_EDGE ( 'NONE', *, *, #740, .T. ) ;
#724 = VERTEX_POINT ( 'NONE', #2075 ) ;
#725 = CYLINDRICAL_SURFACE ( 'NONE', #745, 1.250000000000000222 ) ;
#726 = CARTESIAN_POINT ( 'NONE',  ( -10.73014959796729073, 16.77106854147001513, 5.599999999999998757 ) ) ;
#727 = VECTOR ( 'NONE', #2479, 1000.000000000000000 ) ;
#728 = ORIENTED_EDGE ( 'NONE', *, *, #2668, .F. ) ;
#729 = ORIENTED_EDGE ( 'NONE', *, *, #1858, .F. ) ;
#730 = DIRECTION ( 'NONE',  ( 0.000000000000000000, 0.000000000000000000, 1.000000000000000000 ) ) ;
#731 = VECTOR ( 'NONE', #203, 1000.000000000000000 ) ;
#732 = DIRECTION ( 'NONE',  ( 1.000000000000000000, 0.000000000000000000, 0.000000000000000000 ) ) ;
#733 = ADVANCED_FACE ( 'NONE', ( #4635 ), #3574, .T. ) ;
#734 = DIRECTION ( 'NONE',  ( 1.000000000000000000, 0.000000000000000000, 0.000000000000000000 ) ) ;
#735 = ORIENTED_EDGE ( 'NONE', *, *, #2308, .F. ) ;
#736 = CARTESIAN_POINT ( 'NONE',  ( -7.634726217370140233, 22.85522956169267772, 0.000000000000000000 ) ) ;
#737 = DIRECTION ( 'NONE',  ( 0.000000000000000000, 0.000000000000000000, 1.000000000000000000 ) ) ;
#738 = ORIENTED_EDGE ( 'NONE', *, *, #2571, .T. ) ;
#739 = ADVANCED_FACE ( 'NONE', ( #3169 ), #2814, .T. ) ;
#740 = EDGE_CURVE ( 'NONE', #1900, #80, #3932, .T. ) ;
#741 = VECTOR ( 'NONE', #3261, 1000.000000000000000 ) ;
#742 = DIRECTION ( 'NONE',  ( 1.000000000000000000, 0.000000000000000000, 0.000000000000000000 ) ) ;
#743 = LINE ( 'NONE', #1074, #544 ) ;
#744 = CARTESIAN_POINT ( 'NONE',  ( 7.320818115028833617, -39.81966170673926797, 15.19999999999999929 ) ) ;
#745 = AXIS2_PLACEMENT_3D ( 'NONE', #4360, #1510, #3611 ) ;
#746 = EDGE_LOOP ( 'NONE', ( #3080, #2717, #647, #947, #3401, #3467, #3218, #3384 ) ) ;
#747 = CARTESIAN_POINT ( 'NONE',  ( -11.56099999999999994, 23.55000000000000071, 17.19999999999999929 ) ) ;
#748 = FACE_OUTER_BOUND ( 'NONE', #1939, .T. ) ;
#749 = CARTESIAN_POINT ( 'NONE',  ( 50.39300000000000068, -42.05700000000000216, -1.199999999999999956 ) ) ;
#750 = ORIENTED_EDGE ( 'NONE', *, *, #1868, .F. ) ;
#751 = SECURITY_CLASSIFICATION ( '', '', #1141 ) ;
#752 = ORIENTED_EDGE ( 'NONE', *, *, #4421, .F. ) ;
#753 = CARTESIAN_POINT ( 'NONE',  ( 68.68151711208616916, 10.35699999999999577, 15.19999999999999929 ) ) ;
#754 = LINE ( 'NONE', #1064, #741 ) ;
#755 = CARTESIAN_POINT ( 'NONE',  ( -4.072000000000000064, -37.37500000000000000, 0.000000000000000000 ) ) ;
#756 = EDGE_LOOP ( 'NONE', ( #4371, #3446 ) ) ;
#757 = FACE_OUTER_BOUND ( 'NONE', #2742, .T. ) ;
#758 = PLANE ( 'NONE',  #2976 ) ;
#759 = EDGE_LOOP ( 'NONE', ( #2321, #3474, #1587, #3174 ) ) ;
#760 = CIRCLE ( 'NONE', #1069, 1.762731697361356265 ) ;
#761 = LINE ( 'NONE', #48, #2889 ) ;
#762 = CARTESIAN_POINT ( 'NONE',  ( 64.45000000000000284, 25.09199999999999875, -1.199999999999999956 ) ) ;
#763 = EDGE_CURVE ( 'NONE', #568, #1805, #4269, .T. ) ;
#764 = AXIS2_PLACEMENT_3D ( 'NONE', #2919, #50, #766 ) ;
#765 = EDGE_CURVE ( 'NONE', #783, #10, #2256, .T. ) ;
#766 = DIRECTION ( 'NONE',  ( 1.000000000000000000, 0.000000000000000000, 0.000000000000000000 ) ) ;
#767 = ORIENTED_EDGE ( 'NONE', *, *, #309, .F. ) ;
#768 = CYLINDRICAL_SURFACE ( 'NONE', #945, 1.987338461654837518 ) ;
#769 = CARTESIAN_POINT ( 'NONE',  ( -18.73701745611166558, -39.81997918254900526, 17.19999999999999929 ) ) ;
#770 = CIRCLE ( 'NONE', #2073, 1.762731697361359595 ) ;
#771 = LINE ( 'NONE', #749, #858 ) ;
#772 = AXIS2_PLACEMENT_3D ( 'NONE', #643, #2867, #666 ) ;
#773 = ORIENTED_EDGE ( 'NONE', *, *, #807, .F. ) ;
#774 = EDGE_LOOP ( 'NONE', ( #3946, #3853, #4322, #1241 ) ) ;
#775 = ORIENTED_EDGE ( 'NONE', *, *, #3629, .F. ) ;
#776 = FACE_OUTER_BOUND ( 'NONE', #3009, .T. ) ;
#777 = DIRECTION ( 'NONE',  ( 1.000000000000000000, 0.000000000000000000, -0.000000000000000000 ) ) ;
#778 = CARTESIAN_POINT ( 'NONE',  ( 66.40600000000000591, 23.20200000000000529, 0.000000000000000000 ) ) ;
#779 = ORIENTED_EDGE ( 'NONE', *, *, #1029, .T. ) ;
#780 = CYLINDRICAL_SURFACE ( 'NONE', #2331, 0.01285943191635038896 ) ;
#781 = VECTOR ( 'NONE', #1372, 1000.000000000000000 ) ;
#782 = DIRECTION ( 'NONE',  ( 0.7071067811865472397, -0.7071067811865479058, 0.000000000000000000 ) ) ;
#783 = VERTEX_POINT ( 'NONE', #2790 ) ;
#784 = DATE_TIME_ROLE ( 'classification_date' ) ;
#785 = ADVANCED_FACE ( 'NONE', ( #1689 ), #1016, .F. ) ;
#786 = CARTESIAN_POINT ( 'NONE',  ( 15.20100000000000051, -35.58299999999999841, 7.500000000000000000 ) ) ;
#787 = CARTESIAN_POINT ( 'NONE',  ( 50.39300000000000068, -41.80700000000000216, 15.19999999999999929 ) ) ;
#788 = VERTEX_POINT ( 'NONE', #4610 ) ;
#789 = CARTESIAN_POINT ( 'NONE',  ( 12.15499999999999936, -29.18499999999999872, 17.19999999999999929 ) ) ;
#790 = CARTESIAN_POINT ( 'NONE',  ( 66.00000000000000000, 9.106999999999999318, 0.000000000000000000 ) ) ;
#791 = FACE_OUTER_BOUND ( 'NONE', #4459, .T. ) ;
#792 = ORIENTED_EDGE ( 'NONE', *, *, #658, .F. ) ;
#793 = ORIENTED_EDGE ( 'NONE', *, *, #2787, .F. ) ;
#794 = VERTEX_POINT ( 'NONE', #2407 ) ;
#795 = CARTESIAN_POINT ( 'NONE',  ( 23.20100000000000051, -29.58299999999999841, 7.500000000000000000 ) ) ;
#796 = EDGE_CURVE ( 'NONE', #3466, #2971, #1415, .T. ) ;
#797 = ADVANCED_FACE ( 'NONE', ( #2122 ), #306, .T. ) ;
#798 = DIRECTION ( 'NONE',  ( 0.000000000000000000, 0.000000000000000000, -1.000000000000000000 ) ) ;
#799 = CARTESIAN_POINT ( 'NONE',  ( 51.05300000000000438, -35.72299999999999898, 15.19999999999999929 ) ) ;
#800 = ORIENTED_EDGE ( 'NONE', *, *, #2724, .T. ) ;
#801 = VECTOR ( 'NONE', #3382, 1000.000000000000114 ) ;
#802 = VERTEX_POINT ( 'NONE', #1280 ) ;
#803 = CARTESIAN_POINT ( 'NONE',  ( 8.901750000000001606, -41.40274999999999750, 0.000000000000000000 ) ) ;
#804 = LINE ( 'NONE', #3007, #2675 ) ;
#805 = VERTEX_POINT ( 'NONE', #2740 ) ;
#806 = PERSON_AND_ORGANIZATION_ROLE ( 'classification_officer' ) ;
#807 = EDGE_CURVE ( 'NONE', #788, #2699, #4194, .T. ) ;
#808 = DIRECTION ( 'NONE',  ( 0.000000000000000000, 0.000000000000000000, 1.000000000000000000 ) ) ;
#809 = DIRECTION ( 'NONE',  ( 1.000000000000000000, 0.000000000000000000, 0.000000000000000000 ) ) ;
#810 = ORIENTED_EDGE ( 'NONE', *, *, #444, .F. ) ;
#811 = CARTESIAN_POINT ( 'NONE',  ( 23.19200000000000017, -29.58699999999999974, 7.500000000000000000 ) ) ;
#812 = LINE ( 'NONE', #3064, #820 ) ;
#813 = EDGE_CURVE ( 'NONE', #4496, #1544, #4080, .T. ) ;
#814 = AXIS2_PLACEMENT_3D ( 'NONE', #2974, #2217, #380 ) ;
#815 = DIRECTION ( 'NONE',  ( -0.9846712170135260012, 0.1744207395498071356, -0.000000000000000000 ) ) ;
#816 = ORIENTED_EDGE ( 'NONE', *, *, #3079, .F. ) ;
#817 = ORIENTED_EDGE ( 'NONE', *, *, #2651, .F. ) ;
#818 = ORIENTED_EDGE ( 'NONE', *, *, #3453, .T. ) ;
#819 = LINE ( 'NONE', #1612, #1185 ) ;
#820 = VECTOR ( 'NONE', #1221, 1000.000000000000000 ) ;
#821 = CARTESIAN_POINT ( 'NONE',  ( -21.43175000000000452, -39.34250000000000114, 0.000000000000000000 ) ) ;
#822 = DIRECTION ( 'NONE',  ( 1.000000000000000000, 0.000000000000000000, 0.000000000000000000 ) ) ;
#823 = EDGE_CURVE ( 'NONE', #1548, #919, #379, .T. ) ;
#824 = EDGE_CURVE ( 'NONE', #3586, #3982, #2558, .T. ) ;
#825 = AXIS2_PLACEMENT_3D ( 'NONE', #1842, #4306, #2892 ) ;
#826 = ORIENTED_EDGE ( 'NONE', *, *, #4692, .T. ) ;
#827 = VERTEX_POINT ( 'NONE', #1040 ) ;
#828 = CARTESIAN_POINT ( 'NONE',  ( -2.218999999999999417, 1.614000000000000323, 0.000000000000000000 ) ) ;
#829 = DIRECTION ( 'NONE',  ( 0.7071067811865476838, -0.7071067811865474617, 0.000000000000000000 ) ) ;
#830 = VERTEX_POINT ( 'NONE', #3665 ) ;
#831 = CARTESIAN_POINT ( 'NONE',  ( 59.35300000000000153, 11.77399999999999913, 14.90000000000000036 ) ) ;
#832 = CARTESIAN_POINT ( 'NONE',  ( 34.52100000000000080, -29.58699999999999974, 0.000000000000000000 ) ) ;
#833 = ORIENTED_EDGE ( 'NONE', *, *, #2554, .T. ) ;
#834 = CARTESIAN_POINT ( 'NONE',  ( 50.39218188497116557, -39.81966170673928218, 15.19999999999999929 ) ) ;
#835 = DIRECTION ( 'NONE',  ( -0.000000000000000000, -0.000000000000000000, -1.000000000000000000 ) ) ;
#836 = VECTOR ( 'NONE', #4029, 1000.000000000000000 ) ;
#837 = LINE ( 'NONE', #1993, #1457 ) ;
#838 = CARTESIAN_POINT ( 'NONE',  ( 79.47899999999999920, -39.12500000000000000, 17.19999999999999929 ) ) ;
#839 = ORIENTED_EDGE ( 'NONE', *, *, #4705, .T. ) ;
#840 = ORIENTED_EDGE ( 'NONE', *, *, #2090, .T. ) ;
#841 = AXIS2_PLACEMENT_3D ( 'NONE', #2827, #2491, #2802 ) ;
#842 = ORIENTED_EDGE ( 'NONE', *, *, #1763, .T. ) ;
#843 = DIRECTION ( 'NONE',  ( 0.000000000000000000, -0.000000000000000000, -1.000000000000000000 ) ) ;
#844 = AXIS2_PLACEMENT_3D ( 'NONE', #222, #3513, #2063 ) ;
#845 = CARTESIAN_POINT ( 'NONE',  ( 0.6779999999999998250, -37.37500000000000000, 15.19999999999999929 ) ) ;
#846 = LINE ( 'NONE', #17, #2388 ) ;
#847 = VECTOR ( 'NONE', #2988, 1000.000000000000000 ) ;
#848 = VERTEX_POINT ( 'NONE', #753 ) ;
#849 = VERTEX_POINT ( 'NONE', #3596 ) ;
#850 = LINE ( 'NONE', #3456, #504 ) ;
#851 = DIRECTION ( 'NONE',  ( 1.000000000000000000, 0.000000000000000000, 0.000000000000000000 ) ) ;
#852 = ADVANCED_FACE ( 'NONE', ( #355 ), #1786, .F. ) ;
#853 = EDGE_CURVE ( 'NONE', #575, #2823, #37, .T. ) ;
#854 = ORIENTED_EDGE ( 'NONE', *, *, #2958, .T. ) ;
#855 = EDGE_CURVE ( 'NONE', #2721, #2615, #352, .T. ) ;
#856 = EDGE_CURVE ( 'NONE', #794, #2622, #3778, .T. ) ;
#857 = PERSON_AND_ORGANIZATION ( #1133, #4263 ) ;
#858 = VECTOR ( 'NONE', #2947, 1000.000000000000000 ) ;
#859 = CARTESIAN_POINT ( 'NONE',  ( -20.69300000000000139, -39.47299999999999898, 15.19999999999999929 ) ) ;
#860 = LINE ( 'NONE', #881, #3592 ) ;
#861 = ORIENTED_EDGE ( 'NONE', *, *, #594, .F. ) ;
#862 = DIRECTION ( 'NONE',  ( -0.000000000000000000, -0.000000000000000000, -1.000000000000000000 ) ) ;
#863 = CARTESIAN_POINT ( 'NONE',  ( 50.39300000000000068, -42.55700000000000216, -1.199999999999999956 ) ) ;
#864 = DIRECTION ( 'NONE',  ( 1.000000000000000000, 0.000000000000000000, 0.000000000000000000 ) ) ;
#865 = VERTEX_POINT ( 'NONE', #2569 ) ;
#866 = ORIENTED_EDGE ( 'NONE', *, *, #4008, .F. ) ;
#867 = CARTESIAN_POINT ( 'NONE',  ( 19.41000000000000014, 24.84199999999999875, 15.15000000000000036 ) ) ;
#868 = LINE ( 'NONE', #4119, #442 ) ;
#869 = FACE_OUTER_BOUND ( 'NONE', #3789, .T. ) ;
#870 = ORIENTED_EDGE ( 'NONE', *, *, #3509, .T. ) ;
#871 = ORIENTED_EDGE ( 'NONE', *, *, #2260, .F. ) ;
#872 = CARTESIAN_POINT ( 'NONE',  ( 66.00000000000000000, 9.106999999999999318, 15.19999999999999929 ) ) ;
#873 = EDGE_CURVE ( 'NONE', #4648, #2155, #2500, .T. ) ;
#874 = VECTOR ( 'NONE', #2770, 1000.000000000000000 ) ;
#875 = LINE ( 'NONE', #188, #1682 ) ;
#876 = VECTOR ( 'NONE', #4368, 1000.000000000000000 ) ;
#877 = ORIENTED_EDGE ( 'NONE', *, *, #1116, .T. ) ;
#878 = CIRCLE ( 'NONE', #3782, 2.012712820494649613 ) ;
#879 = APPROVAL_STATUS ( 'not_yet_approved' ) ;
#880 = DIRECTION ( 'NONE',  ( -0.000000000000000000, -0.000000000000000000, -1.000000000000000000 ) ) ;
#881 = CARTESIAN_POINT ( 'NONE',  ( 38.21000000000000085, 22.84199999999999875, 15.15000000000000036 ) ) ;
#882 = EDGE_CURVE ( 'NONE', #660, #805, #4391, .T. ) ;
#883 = EDGE_CURVE ( 'NONE', #4045, #206, #1493, .T. ) ;
#884 = VERTEX_POINT ( 'NONE', #3306 ) ;
#885 = DIRECTION ( 'NONE',  ( 0.000000000000000000, 0.000000000000000000, 1.000000000000000000 ) ) ;
#886 = LINE ( 'NONE', #129, #3360 ) ;
#887 = FACE_BOUND ( 'NONE', #1624, .T. ) ;
#888 = VERTEX_POINT ( 'NONE', #3617 ) ;
#889 = EDGE_LOOP ( 'NONE', ( #2338, #2950, #186, #2327 ) ) ;
#890 = LINE ( 'NONE', #3070, #3552 ) ;
#891 = DIRECTION ( 'NONE',  ( -0.000000000000000000, -0.000000000000000000, 1.000000000000000000 ) ) ;
#892 = AXIS2_PLACEMENT_3D ( 'NONE', #2286, #4167, #3733 ) ;
#893 = DIRECTION ( 'NONE',  ( 1.000000000000000000, 0.000000000000000000, 0.000000000000000000 ) ) ;
#894 = EDGE_LOOP ( 'NONE', ( #1686, #3986, #981, #3272 ) ) ;
#895 = VECTOR ( 'NONE', #4255, 1000.000000000000000 ) ;
#896 = VERTEX_POINT ( 'NONE', #2951 ) ;
#897 = CARTESIAN_POINT ( 'NONE',  ( 64.45000000000000284, 24.84199999999999875, 15.15000000000000036 ) ) ;
#898 = DIRECTION ( 'NONE',  ( -1.000000000000000000, 0.000000000000000000, 0.000000000000000000 ) ) ;
#899 = CIRCLE ( 'NONE', #1668, 2.012712820494649613 ) ;
#900 = ORIENTED_EDGE ( 'NONE', *, *, #3363, .T. ) ;
#901 = CARTESIAN_POINT ( 'NONE',  ( -2.822000000000000508, -37.37500000000000000, 17.19999999999999929 ) ) ;
#902 = DIRECTION ( 'NONE',  ( 0.000000000000000000, 0.000000000000000000, 1.000000000000000000 ) ) ;
#903 = VERTEX_POINT ( 'NONE', #332 ) ;
#904 = CARTESIAN_POINT ( 'NONE',  ( -11.08900000000000041, -35.72299999999999898, 17.19999999999999929 ) ) ;
#905 = DIRECTION ( 'NONE',  ( 1.000000000000000000, 0.000000000000000000, 0.000000000000000000 ) ) ;
#906 = ADVANCED_FACE ( 'NONE', ( #683 ), #2143, .T. ) ;
#907 = EDGE_CURVE ( 'NONE', #919, #848, #3639, .T. ) ;
#908 = DIRECTION ( 'NONE',  ( 0.7071067811865475727, 0.7071067811865474617, 0.000000000000000000 ) ) ;
#909 = CARTESIAN_POINT ( 'NONE',  ( 50.39300000000000068, -42.55700000000000216, 0.000000000000000000 ) ) ;
#910 = VERTEX_POINT ( 'NONE', #1062 ) ;
#911 = ORIENTED_EDGE ( 'NONE', *, *, #2030, .F. ) ;
#912 = CARTESIAN_POINT ( 'NONE',  ( 55.15299999999999869, -35.72299999999999898, 17.19999999999999929 ) ) ;
#913 = AXIS2_PLACEMENT_3D ( 'NONE', #2291, #3077, #4541 ) ;
#914 = LINE ( 'NONE', #2666, #1119 ) ;
#915 = DIRECTION ( 'NONE',  ( 0.000000000000000000, 0.000000000000000000, 1.000000000000000000 ) ) ;
#916 = CIRCLE ( 'NONE', #4044, 3.987020817489217883 ) ;
#917 = ORIENTED_EDGE ( 'NONE', *, *, #1145, .T. ) ;
#918 = CIRCLE ( 'NONE', #1387, 2.236801744450469975 ) ;
#919 = VERTEX_POINT ( 'NONE', #4411 ) ;
#920 = CARTESIAN_POINT ( 'NONE',  ( 8.725000000000001421, -41.22599999999999909, 7.500000000000000000 ) ) ;
#921 = LINE ( 'NONE', #3839, #2295 ) ;
#922 = VECTOR ( 'NONE', #4567, 1000.000000000000000 ) ;
#923 = AXIS2_PLACEMENT_3D ( 'NONE', #4157, #880, #192 ) ;
#924 = ORIENTED_EDGE ( 'NONE', *, *, #161, .F. ) ;
#925 = CARTESIAN_POINT ( 'NONE',  ( 21.95474999999999710, -28.34975000000000023, -1.199999999999999956 ) ) ;
#926 = DIRECTION ( 'NONE',  ( 1.000000000000000000, 0.000000000000000000, 0.000000000000000000 ) ) ;
#927 = PLANE ( 'NONE',  #2682 ) ;
#928 = ORIENTED_EDGE ( 'NONE', *, *, #397, .T. ) ;
#929 = ADVANCED_FACE ( 'NONE', ( #1810 ), #2592, .F. ) ;
#930 = VECTOR ( 'NONE', #2572, 1000.000000000000114 ) ;
#931 = DIRECTION ( 'NONE',  ( 0.000000000000000000, 0.000000000000000000, -1.000000000000000000 ) ) ;
#932 = LINE ( 'NONE', #2395, #2148 ) ;
#933 = LINE ( 'NONE', #1249, #3816 ) ;
#934 = ORIENTED_EDGE ( 'NONE', *, *, #99, .T. ) ;
#935 = ORIENTED_EDGE ( 'NONE', *, *, #3654, .T. ) ;
#936 = DIRECTION ( 'NONE',  ( -0.000000000000000000, -0.000000000000000000, -1.000000000000000000 ) ) ;
#937 = DIRECTION ( 'NONE',  ( -0.000000000000000000, -0.000000000000000000, -1.000000000000000000 ) ) ;
#938 = DIRECTION ( 'NONE',  ( -0.000000000000000000, -0.000000000000000000, -1.000000000000000000 ) ) ;
#939 = ORIENTED_EDGE ( 'NONE', *, *, #2404, .F. ) ;
#940 = ADVANCED_FACE ( 'NONE', ( #776 ), #4727, .F. ) ;
#941 = EDGE_CURVE ( 'NONE', #1808, #28, #3687, .T. ) ;
#942 = ORIENTED_EDGE ( 'NONE', *, *, #3252, .F. ) ;
#943 = DIRECTION ( 'NONE',  ( -0.000000000000000000, -0.000000000000000000, -1.000000000000000000 ) ) ;
#944 = LINE ( 'NONE', #4656, #3105 ) ;
#945 = AXIS2_PLACEMENT_3D ( 'NONE', #834, #2302, #1532 ) ;
#946 = AXIS2_PLACEMENT_3D ( 'NONE', #2597, #4443, #2150 ) ;
#947 = ORIENTED_EDGE ( 'NONE', *, *, #680, .F. ) ;
#948 = DIRECTION ( 'NONE',  ( 0.000000000000000000, -0.000000000000000000, -1.000000000000000000 ) ) ;
#949 = AXIS2_PLACEMENT_3D ( 'NONE', #3524, #3191, #260 ) ;
#950 = CYLINDRICAL_SURFACE ( 'NONE', #2153, 1.987338461654854838 ) ;
#951 = CARTESIAN_POINT ( 'NONE',  ( 51.05300000000000438, -35.72299999999999898, 17.19999999999999929 ) ) ;
#952 = ORIENTED_EDGE ( 'NONE', *, *, #1501, .T. ) ;
#953 = AXIS2_PLACEMENT_3D ( 'NONE', #2242, #2545, #2860 ) ;
#954 = EDGE_CURVE ( 'NONE', #2434, #1562, #1958, .T. ) ;
#955 = CARTESIAN_POINT ( 'NONE',  ( 55.15299999999999869, -35.72299999999999898, 15.19999999999999929 ) ) ;
#956 = DIRECTION ( 'NONE',  ( 0.000000000000000000, -0.000000000000000000, 1.000000000000000000 ) ) ;
#957 = CARTESIAN_POINT ( 'NONE',  ( -18.73700000000000188, -41.80700000000000216, 15.19999999999999929 ) ) ;
#958 = ORIENTED_EDGE ( 'NONE', *, *, #340, .T. ) ;
#959 = ORIENTED_EDGE ( 'NONE', *, *, #2146, .F. ) ;
#960 = CARTESIAN_POINT ( 'NONE',  ( 64.44976354101510196, 22.85519826804792132, 0.000000000000000000 ) ) ;
#961 = ADVANCED_FACE ( 'NONE', ( #3708 ), #4460, .T. ) ;
#962 = DIRECTION ( 'NONE',  ( -1.000000000000000000, 0.000000000000000000, 0.000000000000000000 ) ) ;
#963 = CARTESIAN_POINT ( 'NONE',  ( -7.635024826596096048, 22.85497918262948502, 17.19999999999999929 ) ) ;
#964 = EDGE_LOOP ( 'NONE', ( #2901, #1831, #2397, #2007 ) ) ;
#965 = ORIENTED_EDGE ( 'NONE', *, *, #2921, .T. ) ;
#966 = DIRECTION ( 'NONE',  ( -1.000000000000000000, 0.000000000000000000, 0.000000000000000000 ) ) ;
#967 = CARTESIAN_POINT ( 'NONE',  ( 59.77799999999999869, -37.37500000000000000, 15.19999999999999929 ) ) ;
#968 = EDGE_CURVE ( 'NONE', #3190, #2699, #1181, .T. ) ;
#969 = EDGE_CURVE ( 'NONE', #4442, #3661, #3422, .T. ) ;
#970 = CIRCLE ( 'NONE', #54, 4.099999999999998757 ) ;
#971 = ORIENTED_EDGE ( 'NONE', *, *, #3711, .T. ) ;
#972 = VERTEX_POINT ( 'NONE', #3732 ) ;
#973 = DIRECTION ( 'NONE',  ( 0.7071067811865474617, 0.7071067811865475727, 0.000000000000000000 ) ) ;
#974 = DIRECTION ( 'NONE',  ( -0.000000000000000000, -0.000000000000000000, -1.000000000000000000 ) ) ;
#975 = CARTESIAN_POINT ( 'NONE',  ( 75.55224658615374267, -39.81970595040655070, -1.199999999999999956 ) ) ;
#976 = AXIS2_PLACEMENT_3D ( 'NONE', #4281, #3107, #1004 ) ;
#977 = ORIENTED_EDGE ( 'NONE', *, *, #2222, .F. ) ;
#978 = DIRECTION ( 'NONE',  ( 0.000000000000000000, 0.000000000000000000, 1.000000000000000000 ) ) ;
#979 = LINE ( 'NONE', #2443, #240 ) ;
#980 = LINE ( 'NONE', #2134, #316 ) ;
#981 = ORIENTED_EDGE ( 'NONE', *, *, #3619, .T. ) ;
#982 = ORIENTED_EDGE ( 'NONE', *, *, #2848, .T. ) ;
#983 = CARTESIAN_POINT ( 'NONE',  ( 75.55229909320706838, -39.81964337354579442, 0.000000000000000000 ) ) ;
#984 = CARTESIAN_POINT ( 'NONE',  ( 12.15499999999999936, -29.18499999999999872, 3.449999999999999734 ) ) ;
#985 = LINE ( 'NONE', #2476, #409 ) ;
#986 = VERTEX_POINT ( 'NONE', #1588 ) ;
#987 = ORIENTED_EDGE ( 'NONE', *, *, #1970, .F. ) ;
#988 = CARTESIAN_POINT ( 'NONE',  ( -7.635000000000000675, 25.09199999999999875, -1.199999999999999956 ) ) ;
#989 = DIRECTION ( 'NONE',  ( 1.000000000000000000, 0.000000000000000000, 0.000000000000000000 ) ) ;
#990 = ADVANCED_FACE ( 'NONE', ( #3807 ), #3047, .T. ) ;
#991 = VECTOR ( 'NONE', #1983, 1000.000000000000000 ) ;
#992 = ORIENTED_EDGE ( 'NONE', *, *, #2848, .F. ) ;
#993 = ORIENTED_EDGE ( 'NONE', *, *, #4028, .F. ) ;
#994 = DIRECTION ( 'NONE',  ( 0.000000000000000000, 1.000000000000000000, -0.000000000000000000 ) ) ;
#995 = VECTOR ( 'NONE', #4013, 1000.000000000000000 ) ;
#996 = EDGE_CURVE ( 'NONE', #1015, #2625, #4118, .T. ) ;
#997 = DIRECTION ( 'NONE',  ( 0.000000000000000000, 0.000000000000000000, -1.000000000000000000 ) ) ;
#998 = AXIS2_PLACEMENT_3D ( 'NONE', #2470, #1319, #2801 ) ;
#999 = AXIS2_PLACEMENT_3D ( 'NONE', #2890, #4349, #3603 ) ;
#1000 = DIRECTION ( 'NONE',  ( 1.000000000000000000, 0.000000000000000000, 0.000000000000000000 ) ) ;
#1001 = ORIENTED_EDGE ( 'NONE', *, *, #954, .T. ) ;
#1002 = EDGE_CURVE ( 'NONE', #4141, #3355, #819, .T. ) ;
#1003 = EDGE_CURVE ( 'NONE', #111, #416, #4070, .T. ) ;
#1004 = DIRECTION ( 'NONE',  ( 1.000000000000000000, 0.000000000000000000, 0.000000000000000000 ) ) ;
#1005 = DIRECTION ( 'NONE',  ( 0.000000000000000000, 1.000000000000000000, 0.000000000000000000 ) ) ;
#1006 = DIRECTION ( 'NONE',  ( 0.000000000000000000, 1.000000000000000000, 0.000000000000000000 ) ) ;
#1007 = VERTEX_POINT ( 'NONE', #2311 ) ;
#1008 = CARTESIAN_POINT ( 'NONE',  ( 38.21000000000000085, 22.84199999999999875, 7.620000000000000107 ) ) ;
#1009 = CIRCLE ( 'NONE', #2238, 1.250000000000001110 ) ;
#1010 = CARTESIAN_POINT ( 'NONE',  ( 38.21000000000000085, 26.84199999999999875, 15.15000000000000036 ) ) ;
#1011 = FACE_BOUND ( 'NONE', #2492, .T. ) ;
#1012 = AXIS2_PLACEMENT_3D ( 'NONE', #1103, #4066, #2925 ) ;
#1013 = DIRECTION ( 'NONE',  ( -0.000000000000000000, -0.000000000000000000, 1.000000000000000000 ) ) ;
#1014 = ORIENTED_EDGE ( 'NONE', *, *, #2323, .T. ) ;
#1015 = VERTEX_POINT ( 'NONE', #867 ) ;
#1016 = PLANE ( 'NONE',  #4003 ) ;
#1017 = CARTESIAN_POINT ( 'NONE',  ( 34.51167540683048429, -29.59585533463141260, 7.500000000000000000 ) ) ;
#1018 = EDGE_CURVE ( 'NONE', #4253, #3149, #878, .T. ) ;
#1019 = CC_DESIGN_DATE_AND_TIME_ASSIGNMENT ( #3795, #1600, ( #4294 ) ) ;
#1020 = ORIENTED_EDGE ( 'NONE', *, *, #1882, .T. ) ;
#1021 = ORIENTED_EDGE ( 'NONE', *, *, #1858, .T. ) ;
#1022 = DIRECTION ( 'NONE',  ( 1.000000000000000000, 0.000000000000000000, 0.000000000000000000 ) ) ;
#1023 = CARTESIAN_POINT ( 'NONE',  ( 65.54951257916475527, 11.56607728298018500, 9.900000000000000355 ) ) ;
#1024 = CIRCLE ( 'NONE', #4225, 3.987513128313524557 ) ;
#1025 = DIRECTION ( 'NONE',  ( -0.1744359722748104746, 0.9846685186277367441, 0.000000000000000000 ) ) ;
#1026 = ORIENTED_EDGE ( 'NONE', *, *, #3650, .F. ) ;
#1027 = DIRECTION ( 'NONE',  ( 0.000000000000000000, 0.000000000000000000, 1.000000000000000000 ) ) ;
#1028 = FACE_OUTER_BOUND ( 'NONE', #2041, .T. ) ;
#1029 = EDGE_CURVE ( 'NONE', #2971, #4165, #82, .T. ) ;
#1030 = EDGE_CURVE ( 'NONE', #4193, #3664, #890, .T. ) ;
#1031 = LINE ( 'NONE', #4647, #4588 ) ;
#1032 = VECTOR ( 'NONE', #2050, 1000.000000000000000 ) ;
#1033 = ORIENTED_EDGE ( 'NONE', *, *, #119, .F. ) ;
#1034 = DIRECTION ( 'NONE',  ( 0.000000000000000000, 0.000000000000000000, 1.000000000000000000 ) ) ;
#1035 = CARTESIAN_POINT ( 'NONE',  ( 12.15499999999999936, -29.18499999999999872, 17.19999999999999929 ) ) ;
#1036 = FACE_OUTER_BOUND ( 'NONE', #2190, .T. ) ;
#1037 = DIRECTION ( 'NONE',  ( -0.000000000000000000, -0.000000000000000000, -1.000000000000000000 ) ) ;
#1038 = VERTEX_POINT ( 'NONE', #4435 ) ;
#1039 = ORIENTED_EDGE ( 'NONE', *, *, #3944, .F. ) ;
#1040 = CARTESIAN_POINT ( 'NONE',  ( 11.76899999999999835, -35.72299999999999898, 15.19999999999999929 ) ) ;
#1041 = DIRECTION ( 'NONE',  ( -0.000000000000000000, -0.000000000000000000, -1.000000000000000000 ) ) ;
#1042 = ORIENTED_EDGE ( 'NONE', *, *, #4451, .T. ) ;
#1043 = ORIENTED_EDGE ( 'NONE', *, *, #1849, .F. ) ;
#1044 = LINE ( 'NONE', #1670, #4156 ) ;
#1045 = LINE ( 'NONE', #1427, #4514 ) ;
#1046 = AXIS2_PLACEMENT_3D ( 'NONE', #3216, #1403, #989 ) ;
#1047 = DIRECTION ( 'NONE',  ( 0.000000000000000000, 0.000000000000000000, 1.000000000000000000 ) ) ;
#1048 = ORIENTED_EDGE ( 'NONE', *, *, #2817, .T. ) ;
#1049 = VECTOR ( 'NONE', #1896, 1000.000000000000000 ) ;
#1050 = DIRECTION ( 'NONE',  ( 1.000000000000000000, 0.000000000000000000, 0.000000000000000000 ) ) ;
#1051 = CARTESIAN_POINT ( 'NONE',  ( 47.45499999999999829, -5.384999999999999787, 15.20000000000000107 ) ) ;
#1052 = LINE ( 'NONE', #3897, #1378 ) ;
#1053 = EDGE_CURVE ( 'NONE', #636, #1246, #4397, .T. ) ;
#1054 = ORIENTED_EDGE ( 'NONE', *, *, #716, .F. ) ;
#1055 = CARTESIAN_POINT ( 'NONE',  ( 65.70999999999999375, -35.72299999999999898, 17.19999999999999929 ) ) ;
#1056 = EDGE_CURVE ( 'NONE', #1885, #3829, #506, .T. ) ;
#1057 = EDGE_CURVE ( 'NONE', #35, #1963, #108, .T. ) ;
#1058 = LINE ( 'NONE', #2234, #1278 ) ;
#1059 = DIRECTION ( 'NONE',  ( 0.000000000000000000, 0.000000000000000000, 1.000000000000000000 ) ) ;
#1060 = EDGE_LOOP ( 'NONE', ( #2266, #453 ) ) ;
#1061 = ORIENTED_EDGE ( 'NONE', *, *, #3628, .T. ) ;
#1062 = CARTESIAN_POINT ( 'NONE',  ( 7.319999999999998508, -43.80700000000000216, 0.000000000000000000 ) ) ;
#1063 = ADVANCED_FACE ( 'NONE', ( #4485 ), #1205, .F. ) ;
#1064 = CARTESIAN_POINT ( 'NONE',  ( 43.93450994385180763, -36.17250985946594000, 15.19999999999999929 ) ) ;
#1065 = DIRECTION ( 'NONE',  ( -1.000000000000000000, 0.000000000000000000, 0.000000000000000000 ) ) ;
#1066 = ORIENTED_EDGE ( 'NONE', *, *, #6, .F. ) ;
#1067 = CARTESIAN_POINT ( 'NONE',  ( -18.73680764369801466, -39.82022954201941900, 15.19999999999999929 ) ) ;
#1068 = LINE ( 'NONE', #2728, #77 ) ;
#1069 = AXIS2_PLACEMENT_3D ( 'NONE', #2106, #3556, #1267 ) ;
#1070 = CIRCLE ( 'NONE', #1302, 2.500000000000002220 ) ;
#1071 = ORIENTED_EDGE ( 'NONE', *, *, #4036, .T. ) ;
#1072 = CARTESIAN_POINT ( 'NONE',  ( 34.51135267346736413, -29.59573157850275393, -1.199999999999999956 ) ) ;
#1073 = CIRCLE ( 'NONE', #1232, 4.099999999999999645 ) ;
#1074 = CARTESIAN_POINT ( 'NONE',  ( 63.97474880521637886, 7.641272331561034470, 12.40000000000000213 ) ) ;
#1075 = CARTESIAN_POINT ( 'NONE',  ( 75.55200000000000671, -41.80700000000000216, 0.000000000000000000 ) ) ;
#1076 = CIRCLE ( 'NONE', #923, 0.01285943191638508343 ) ;
#1077 = EDGE_LOOP ( 'NONE', ( #1758, #2375, #551, #4327 ) ) ;
#1078 = EDGE_CURVE ( 'NONE', #2663, #827, #1110, .T. ) ;
#1079 = CARTESIAN_POINT ( 'NONE',  ( 48.29100000000000392, -13.35599999999999987, 17.19999999999999929 ) ) ;
#1080 = DIRECTION ( 'NONE',  ( -1.000000000000000000, 0.000000000000000000, 0.000000000000000000 ) ) ;
#1081 = DIRECTION ( 'NONE',  ( -0.7071067811865474617, -0.7071067811865475727, 0.000000000000000000 ) ) ;
#1082 = AXIS2_PLACEMENT_3D ( 'NONE', #4120, #3328, #2244 ) ;
#1083 = ORIENTED_EDGE ( 'NONE', *, *, #1726, .F. ) ;
#1084 = ORIENTED_EDGE ( 'NONE', *, *, #1386, .F. ) ;
#1085 = DIRECTION ( 'NONE',  ( -0.000000000000000000, -0.000000000000000000, -1.000000000000000000 ) ) ;
#1086 = CARTESIAN_POINT ( 'NONE',  ( 64.45000000000000284, 25.09199999999999875, 0.000000000000000000 ) ) ;
#1087 = CIRCLE ( 'NONE', #1937, 1.986770467292415354 ) ;
#1088 = CARTESIAN_POINT ( 'NONE',  ( -18.73700000000000188, -41.80700000000000216, 0.000000000000000000 ) ) ;
#1089 = ADVANCED_FACE ( 'NONE', ( #2688 ), #2973, .F. ) ;
#1090 = EDGE_CURVE ( 'NONE', #884, #849, #1516, .T. ) ;
#1091 = ORIENTED_EDGE ( 'NONE', *, *, #873, .F. ) ;
#1092 = DIRECTION ( 'NONE',  ( -1.000000000000000000, 0.000000000000000000, 0.000000000000000000 ) ) ;
#1093 = CYLINDRICAL_SURFACE ( 'NONE', #4121, 2.737281905642589663 ) ;
#1094 = VERTEX_POINT ( 'NONE', #3469 ) ;
#1095 = DIRECTION ( 'NONE',  ( -1.000000000000000000, 0.000000000000000000, 0.000000000000000000 ) ) ;
#1096 = AXIS2_PLACEMENT_3D ( 'NONE', #4565, #1872, #4403 ) ;
#1097 = DIRECTION ( 'NONE',  ( -0.000000000000000000, -0.000000000000000000, -1.000000000000000000 ) ) ;
#1098 = DIRECTION ( 'NONE',  ( -0.1744207395498071356, -0.9846712170135260012, 0.000000000000000000 ) ) ;
#1099 = EDGE_LOOP ( 'NONE', ( #3766, #3141, #4409, #1706 ) ) ;
#1100 = CIRCLE ( 'NONE', #1719, 3.599999999999999201 ) ;
#1101 = DIRECTION ( 'NONE',  ( 0.000000000000000000, 0.000000000000000000, 1.000000000000000000 ) ) ;
#1102 = PLANE ( 'NONE',  #3263 ) ;
#1103 = CARTESIAN_POINT ( 'NONE',  ( 66.00000000000000000, 9.106999999999999318, 0.000000000000000000 ) ) ;
#1104 = AXIS2_PLACEMENT_3D ( 'NONE', #3998, #1833, #1402 ) ;
#1105 = DESIGN_CONTEXT ( 'detailed design', #2825, 'design' ) ;
#1106 = EDGE_CURVE ( 'NONE', #1599, #3154, #2807, .T. ) ;
#1107 = ORIENTED_EDGE ( 'NONE', *, *, #1409, .T. ) ;
#1108 = ORIENTED_EDGE ( 'NONE', *, *, #2555, .T. ) ;
#1109 = DIRECTION ( 'NONE',  ( 0.000000000000000000, 0.000000000000000000, 1.000000000000000000 ) ) ;
#1110 = CIRCLE ( 'NONE', #2942, 4.099999999999998757 ) ;
#1111 = DIRECTION ( 'NONE',  ( 1.000000000000000000, 0.000000000000000000, 0.000000000000000000 ) ) ;
#1112 = CARTESIAN_POINT ( 'NONE',  ( -9.591000000000001080, 23.20200000000000529, 15.19999999999999929 ) ) ;
#1113 = ORIENTED_EDGE ( 'NONE', *, *, #2815, .F. ) ;
#1114 = FACE_OUTER_BOUND ( 'NONE', #2435, .T. ) ;
#1115 = CARTESIAN_POINT ( 'NONE',  ( 48.81125000000000114, -41.40274999999999750, -1.199999999999999956 ) ) ;
#1116 = EDGE_CURVE ( 'NONE', #3538, #4069, #4262, .T. ) ;
#1117 = EDGE_CURVE ( 'NONE', #972, #371, #3399, .T. ) ;
#1118 = EDGE_LOOP ( 'NONE', ( #3731, #3173 ) ) ;
#1119 = VECTOR ( 'NONE', #3071, 1000.000000000000000 ) ;
#1120 = DIRECTION ( 'NONE',  ( -0.000000000000000000, 1.000000000000000000, 0.000000000000000000 ) ) ;
#1121 = CARTESIAN_POINT ( 'NONE',  ( 64.44976354101510196, 22.85519826804792132, -1.199999999999999956 ) ) ;
#1122 = CARTESIAN_POINT ( 'NONE',  ( -3.468999999999999861, 1.614000000000000101, 15.19999999999999929 ) ) ;
#1123 = EDGE_LOOP ( 'NONE', ( #1113, #4586, #94, #2037, #4116 ) ) ;
#1124 = CARTESIAN_POINT ( 'NONE',  ( 50.39300000000000068, -42.55700000000000216, 0.000000000000000000 ) ) ;
#1125 = FACE_BOUND ( 'NONE', #2927, .T. ) ;
#1126 = CC_DESIGN_APPROVAL ( #179, ( #3041 ) ) ;
#1127 = DIRECTION ( 'NONE',  ( 0.7071067811865472397, -0.7071067811865479058, 0.000000000000000000 ) ) ;
#1128 = VERTEX_POINT ( 'NONE', #2447 ) ;
#1129 = EDGE_LOOP ( 'NONE', ( #3324, #1373 ) ) ;
#1130 = ORIENTED_EDGE ( 'NONE', *, *, #2379, .T. ) ;
#1131 = CARTESIAN_POINT ( 'NONE',  ( -7.634726217370140233, 10.35699999999999399, 15.19999999999999929 ) ) ;
#1132 = LINE ( 'NONE', #84, #3714 ) ;
#1133 = PERSON ( 'æœª', 'æœª', 'æœª', ('æœª'), ('æœª'), ('æœª') ) ;
#1134 = LINE ( 'NONE', #2594, #3677 ) ;
#1135 = ORIENTED_EDGE ( 'NONE', *, *, #2281, .T. ) ;
#1136 = FACE_OUTER_BOUND ( 'NONE', #3329, .T. ) ;
#1137 = EDGE_CURVE ( 'NONE', #2240, #2602, #4556, .T. ) ;
#1138 = CARTESIAN_POINT ( 'NONE',  ( 34.51144382006675926, -29.59576932379582459, 0.000000000000000000 ) ) ;
#1139 = ORIENTED_EDGE ( 'NONE', *, *, #1440, .F. ) ;
#1140 = AXIS2_PLACEMENT_3D ( 'NONE', #4711, #997, #2531 ) ;
#1141 = SECURITY_CLASSIFICATION_LEVEL ( 'unclassified' ) ;
#1142 = CYLINDRICAL_SURFACE ( 'NONE', #3434, 3.987020817447791021 ) ;
#1143 = CIRCLE ( 'NONE', #2678, 1.250000000000001110 ) ;
#1144 = DIRECTION ( 'NONE',  ( -0.000000000000000000, -0.000000000000000000, -1.000000000000000000 ) ) ;
#1145 = EDGE_CURVE ( 'NONE', #4165, #630, #2094, .T. ) ;
#1146 = EDGE_CURVE ( 'NONE', #1470, #910, #1708, .T. ) ;
#1147 = VECTOR ( 'NONE', #1459, 1000.000000000000000 ) ;
#1148 = ORIENTED_EDGE ( 'NONE', *, *, #1524, .T. ) ;
#1149 = LINE ( 'NONE', #4062, #2780 ) ;
#1150 = AXIS2_PLACEMENT_3D ( 'NONE', #3042, #3395, #2351 ) ;
#1151 = DIRECTION ( 'NONE',  ( 0.000000000000000000, 0.000000000000000000, 1.000000000000000000 ) ) ;
#1152 = CIRCLE ( 'NONE', #3820, 2.500000000000002220 ) ;
#1153 = FACE_OUTER_BOUND ( 'NONE', #1952, .T. ) ;
#1154 = VECTOR ( 'NONE', #3085, 1000.000000000000000 ) ;
#1155 = ORIENTED_EDGE ( 'NONE', *, *, #363, .T. ) ;
#1156 = ORIENTED_EDGE ( 'NONE', *, *, #2380, .T. ) ;
#1157 = ORIENTED_EDGE ( 'NONE', *, *, #2178, .T. ) ;
#1158 = DIRECTION ( 'NONE',  ( -1.000000000000000000, 0.000000000000000000, 0.000000000000000000 ) ) ;
#1159 = CARTESIAN_POINT ( 'NONE',  ( 69.81000000000000227, -35.72299999999999898, 17.19999999999999929 ) ) ;
#1160 = LINE ( 'NONE', #2975, #3910 ) ;
#1161 = VERTEX_POINT ( 'NONE', #3113 ) ;
#1162 = VERTEX_POINT ( 'NONE', #2424 ) ;
#1163 = CARTESIAN_POINT ( 'NONE',  ( 55.54699999999999704, 12.09699999999999953, 15.19999999999999929 ) ) ;
#1164 = AXIS2_PLACEMENT_3D ( 'NONE', #4370, #3621, #2391 ) ;
#1165 = DIRECTION ( 'NONE',  ( -0.000000000000000000, -0.000000000000000000, -1.000000000000000000 ) ) ;
#1166 = ORIENTED_EDGE ( 'NONE', *, *, #161, .T. ) ;
#1167 = ADVANCED_FACE ( 'NONE', ( #3448 ), #3876, .F. ) ;
#1168 = APPROVAL_DATE_TIME ( #1890, #2946 ) ;
#1169 = DIRECTION ( 'NONE',  ( 0.000000000000000000, 0.000000000000000000, -1.000000000000000000 ) ) ;
#1170 = DIRECTION ( 'NONE',  ( 1.000000000000000000, 0.000000000000000000, 0.000000000000000000 ) ) ;
#1171 = ORIENTED_EDGE ( 'NONE', *, *, #3019, .F. ) ;
#1172 = CARTESIAN_POINT ( 'NONE',  ( -0.9689999999999998614, 1.614000000000000323, 0.000000000000000000 ) ) ;
#1173 = DIRECTION ( 'NONE',  ( 0.000000000000000000, 0.000000000000000000, 1.000000000000000000 ) ) ;
#1174 = EDGE_CURVE ( 'NONE', #2903, #1544, #276, .T. ) ;
#1175 = EDGE_CURVE ( 'NONE', #2093, #2472, #2020, .T. ) ;
#1176 = DIRECTION ( 'NONE',  ( 0.000000000000000000, 0.000000000000000000, 1.000000000000000000 ) ) ;
#1177 = CIRCLE ( 'NONE', #1096, 10.74999999999999645 ) ;
#1178 = ORIENTED_EDGE ( 'NONE', *, *, #3078, .T. ) ;
#1179 = EDGE_LOOP ( 'NONE', ( #4020, #1718, #2488, #3595 ) ) ;
#1180 = ORIENTED_EDGE ( 'NONE', *, *, #4353, .T. ) ;
#1181 = LINE ( 'NONE', #448, #4703 ) ;
#1182 = DIRECTION ( 'NONE',  ( 1.000000000000000000, 0.000000000000000000, 0.000000000000000000 ) ) ;
#1183 = CARTESIAN_POINT ( 'NONE',  ( -9.837250000000000938, 23.24549999999999983, -1.199999999999999956 ) ) ;
#1184 = VERTEX_POINT ( 'NONE', #912 ) ;
#1185 = VECTOR ( 'NONE', #495, 1000.000000000000000 ) ;
#1186 = ORIENTED_EDGE ( 'NONE', *, *, #2641, .T. ) ;
#1187 = LINE ( 'NONE', #2318, #430 ) ;
#1188 = FACE_OUTER_BOUND ( 'NONE', #3406, .T. ) ;
#1189 = VERTEX_POINT ( 'NONE', #1273 ) ;
#1190 = CALENDAR_DATE ( 2026, 13, 9 ) ;
#1191 = DIRECTION ( 'NONE',  ( 0.7071067811865472397, -0.7071067811865479058, 0.000000000000000000 ) ) ;
#1192 = CARTESIAN_POINT ( 'NONE',  ( 15.20100000000000051, -35.58299999999999841, 15.19999999999999929 ) ) ;
#1193 = EDGE_CURVE ( 'NONE', #2795, #3069, #1369, .T. ) ;
#1194 = EDGE_LOOP ( 'NONE', ( #3997, #421, #1467, #1543, #1976, #4471, #4019, #445, #4457, #139, #74, #2248 ) ) ;
#1195 = DIRECTION ( 'NONE',  ( -1.000000000000000000, 0.000000000000000000, 0.000000000000000000 ) ) ;
#1196 = CARTESIAN_POINT ( 'NONE',  ( 50.39300000000000068, -41.80700000000000216, 0.000000000000000000 ) ) ;
#1197 = DIRECTION ( 'NONE',  ( 0.000000000000000000, 0.000000000000000000, 1.000000000000000000 ) ) ;
#1198 = AXIS2_PLACEMENT_3D ( 'NONE', #2076, #3525, #2480 ) ;
#1199 = LINE ( 'NONE', #838, #4359 ) ;
#1200 = VERTEX_POINT ( 'NONE', #1010 ) ;
#1201 = EDGE_LOOP ( 'NONE', ( #3593, #2369, #1919, #687 ) ) ;
#1202 = EDGE_CURVE ( 'NONE', #3967, #2180, #254, .T. ) ;
#1203 = EDGE_CURVE ( 'NONE', #3490, #1808, #182, .T. ) ;
#1204 = ORIENTED_EDGE ( 'NONE', *, *, #4511, .T. ) ;
#1205 = PLANE ( 'NONE',  #1803 ) ;
#1206 = AXIS2_PLACEMENT_3D ( 'NONE', #1781, #395, #4698 ) ;
#1207 = CARTESIAN_POINT ( 'NONE',  ( 75.55222033766041534, -39.81973723256273701, 0.000000000000000000 ) ) ;
#1208 = CARTESIAN_POINT ( 'NONE',  ( 8.725000000000001421, -41.22599999999999909, 15.19999999999999929 ) ) ;
#1209 = APPROVAL_PERSON_ORGANIZATION ( #4081, #2862, #4498 ) ;
#1210 = ORIENTED_EDGE ( 'NONE', *, *, #1559, .T. ) ;
#1211 = EDGE_CURVE ( 'NONE', #3936, #4441, #583, .T. ) ;
#1212 = EDGE_CURVE ( 'NONE', #2414, #28, #4212, .T. ) ;
#1213 = ORIENTED_EDGE ( 'NONE', *, *, #4717, .T. ) ;
#1214 = CARTESIAN_POINT ( 'NONE',  ( -2.822000000000000508, -37.37500000000000000, 0.000000000000000000 ) ) ;
#1215 = CARTESIAN_POINT ( 'NONE',  ( 35.93500000000000227, -28.17300000000000182, 7.500000000000000000 ) ) ;
#1216 = ORIENTED_EDGE ( 'NONE', *, *, #644, .F. ) ;
#1217 = MECHANICAL_CONTEXT ( 'NONE', #3613, 'mechanical' ) ;
#1218 = LINE ( 'NONE', #2677, #2603 ) ;
#1219 = CARTESIAN_POINT ( 'NONE',  ( -2.822000000000000508, -37.37500000000000000, 17.19999999999999929 ) ) ;
#1220 = VERTEX_POINT ( 'NONE', #4578 ) ;
#1221 = DIRECTION ( 'NONE',  ( -0.000000000000000000, -0.000000000000000000, -1.000000000000000000 ) ) ;
#1222 = VECTOR ( 'NONE', #2741, 1000.000000000000000 ) ;
#1223 = FACE_OUTER_BOUND ( 'NONE', #2654, .T. ) ;
#1224 = CARTESIAN_POINT ( 'NONE',  ( 56.27799999999999159, -37.37500000000000000, 15.19999999999999929 ) ) ;
#1225 = EDGE_CURVE ( 'NONE', #224, #2686, #226, .T. ) ;
#1226 = ORIENTED_EDGE ( 'NONE', *, *, #2380, .F. ) ;
#1227 = ORIENTED_EDGE ( 'NONE', *, *, #1500, .F. ) ;
#1228 = AXIS2_PLACEMENT_3D ( 'NONE', #1122, #4737, #3295 ) ;
#1229 = DIRECTION ( 'NONE',  ( -0.000000000000000000, -0.000000000000000000, -1.000000000000000000 ) ) ;
#1230 = VECTOR ( 'NONE', #4235, 1000.000000000000114 ) ;
#1231 = CARTESIAN_POINT ( 'NONE',  ( -22.72403827360087902, -39.81997918254900526, 17.19999999999999929 ) ) ;
#1232 = AXIS2_PLACEMENT_3D ( 'NONE', #951, #3124, #4591 ) ;
#1233 = DIRECTION ( 'NONE',  ( 1.000000000000000000, 0.000000000000000000, 0.000000000000000000 ) ) ;
#1234 = ORIENTED_EDGE ( 'NONE', *, *, #4568, .F. ) ;
#1235 = ORIENTED_EDGE ( 'NONE', *, *, #115, .T. ) ;
#1236 = DIRECTION ( 'NONE',  ( 0.000000000000000000, -0.000000000000000000, -1.000000000000000000 ) ) ;
#1237 = DIRECTION ( 'NONE',  ( 0.000000000000000000, 0.000000000000000000, -1.000000000000000000 ) ) ;
#1238 = EDGE_CURVE ( 'NONE', #4700, #1980, #1681, .T. ) ;
#1239 = EDGE_CURVE ( 'NONE', #3707, #3868, #83, .T. ) ;
#1240 = VECTOR ( 'NONE', #926, 1000.000000000000000 ) ;
#1241 = ORIENTED_EDGE ( 'NONE', *, *, #2580, .T. ) ;
#1242 = DIRECTION ( 'NONE',  ( 1.000000000000000000, 0.000000000000000000, 0.000000000000000000 ) ) ;
#1243 = VECTOR ( 'NONE', #2588, 1000.000000000000000 ) ;
#1244 = CARTESIAN_POINT ( 'NONE',  ( 67.14475000000000193, 23.33250000000000313, -1.199999999999999956 ) ) ;
#1245 = FACE_OUTER_BOUND ( 'NONE', #1444, .T. ) ;
#1246 = VERTEX_POINT ( 'NONE', #3519 ) ;
#1247 = CARTESIAN_POINT ( 'NONE',  ( -7.634726217370140233, 22.85522956169267772, 15.19999999999999929 ) ) ;
#1248 = CARTESIAN_POINT ( 'NONE',  ( -2.218999999999999417, 1.614000000000000323, 17.19999999999999929 ) ) ;
#1249 = CARTESIAN_POINT ( 'NONE',  ( 48.98800000000000665, -41.22599999999999909, 15.19999999999999929 ) ) ;
#1250 = ORIENTED_EDGE ( 'NONE', *, *, #4353, .F. ) ;
#1251 = VERTEX_POINT ( 'NONE', #3161 ) ;
#1252 = DIRECTION ( 'NONE',  ( -0.7071067811865475727, 0.7071067811865474617, 0.000000000000000000 ) ) ;
#1253 = DIRECTION ( 'NONE',  ( 1.000000000000000000, 0.000000000000000000, 0.000000000000000000 ) ) ;
#1254 = AXIS2_PLACEMENT_3D ( 'NONE', #2539, #2, #1462 ) ;
#1255 = DIRECTION ( 'NONE',  ( 1.000000000000000000, 0.000000000000000000, 0.000000000000000000 ) ) ;
#1256 = ORIENTED_EDGE ( 'NONE', *, *, #856, .T. ) ;
#1257 = ORIENTED_EDGE ( 'NONE', *, *, #1294, .T. ) ;
#1258 = DIRECTION ( 'NONE',  ( -1.000000000000000000, 0.000000000000000000, 0.000000000000000000 ) ) ;
#1259 = CARTESIAN_POINT ( 'NONE',  ( 64.45000000000000284, 26.84199999999999875, 17.19999999999999929 ) ) ;
#1260 = VECTOR ( 'NONE', #284, 1000.000000000000000 ) ;
#1261 = VERTEX_POINT ( 'NONE', #4676 ) ;
#1262 = ADVANCED_FACE ( 'NONE', ( #2115 ), #3566, .T. ) ;
#1263 = ADVANCED_FACE ( 'NONE', ( #2855 ), #1755, .F. ) ;
#1264 = DIRECTION ( 'NONE',  ( 0.000000000000000000, 0.000000000000000000, 1.000000000000000000 ) ) ;
#1265 = FACE_OUTER_BOUND ( 'NONE', #18, .T. ) ;
#1266 = ORIENTED_EDGE ( 'NONE', *, *, #4616, .T. ) ;
#1267 = DIRECTION ( 'NONE',  ( -1.000000000000000000, 0.000000000000000000, 0.000000000000000000 ) ) ;
#1268 = CARTESIAN_POINT ( 'NONE',  ( 7.319999999999998508, -43.80700000000000216, 17.19999999999999929 ) ) ;
#1269 = CARTESIAN_POINT ( 'NONE',  ( 77.78954064933608947, -39.81970595040655070, -1.199999999999999956 ) ) ;
#1270 = CARTESIAN_POINT ( 'NONE',  ( -2.427000000000000046, -13.35599999999999987, 17.19999999999999929 ) ) ;
#1271 = EDGE_LOOP ( 'NONE', ( #911, #686, #1714, #2895 ) ) ;
#1272 = ORIENTED_EDGE ( 'NONE', *, *, #1282, .F. ) ;
#1273 = CARTESIAN_POINT ( 'NONE',  ( -7.635000000000000675, 26.84199999999999875, 0.000000000000000000 ) ) ;
#1274 = CARTESIAN_POINT ( 'NONE',  ( -2.218999999999999417, 1.614000000000000323, 17.19999999999999929 ) ) ;
#1275 = AXIS2_PLACEMENT_3D ( 'NONE', #708, #4437, #2170 ) ;
#1276 = FACE_BOUND ( 'NONE', #2705, .T. ) ;
#1277 = ORIENTED_EDGE ( 'NONE', *, *, #1030, .F. ) ;
#1278 = VECTOR ( 'NONE', #2878, 1000.000000000000000 ) ;
#1279 = ORIENTED_EDGE ( 'NONE', *, *, #1702, .T. ) ;
#1280 = CARTESIAN_POINT ( 'NONE',  ( 43.93450998604473057, -36.17250981727301706, 15.19999999999999929 ) ) ;
#1281 = LINE ( 'NONE', #1259, #1222 ) ;
#1282 = EDGE_CURVE ( 'NONE', #3154, #3936, #770, .T. ) ;
#1283 = VECTOR ( 'NONE', #1776, 1000.000000000000000 ) ;
#1284 = ADVANCED_FACE ( 'NONE', ( #1028 ), #295, .F. ) ;
#1285 = ORIENTED_EDGE ( 'NONE', *, *, #3742, .F. ) ;
#1286 = DIRECTION ( 'NONE',  ( 1.000000000000000000, -0.000000000000000000, 0.000000000000000000 ) ) ;
#1287 = CARTESIAN_POINT ( 'NONE',  ( 59.35300000000000153, 11.77399999999999913, 14.90000000000000036 ) ) ;
#1288 = FACE_OUTER_BOUND ( 'NONE', #2104, .T. ) ;
#1289 = ORIENTED_EDGE ( 'NONE', *, *, #2668, .T. ) ;
#1290 = CARTESIAN_POINT ( 'NONE',  ( -3.468999999999999861, 1.614000000000000101, 17.19999999999999929 ) ) ;
#1291 = FACE_OUTER_BOUND ( 'NONE', #1296, .T. ) ;
#1292 = DIRECTION ( 'NONE',  ( -1.000000000000000000, 0.000000000000000000, 0.000000000000000000 ) ) ;
#1293 = ADVANCED_FACE ( 'NONE', ( #4230 ), #3202, .T. ) ;
#1294 = EDGE_CURVE ( 'NONE', #910, #3455, #4200, .T. ) ;
#1295 = PLANE ( 'NONE',  #3528 ) ;
#1296 = EDGE_LOOP ( 'NONE', ( #854, #1492, #2763, #1321 ) ) ;
#1297 = ORIENTED_EDGE ( 'NONE', *, *, #2146, .T. ) ;
#1298 = CARTESIAN_POINT ( 'NONE',  ( 23.19200000000000017, -29.58699999999999974, 17.19999999999999929 ) ) ;
#1299 = CIRCLE ( 'NONE', #1839, 1.986770457171341153 ) ;
#1300 = CARTESIAN_POINT ( 'NONE',  ( 50.39300000000000068, -42.05700000000000216, 0.000000000000000000 ) ) ;
#1301 = DIRECTION ( 'NONE',  ( 0.000000000000000000, 0.000000000000000000, 1.000000000000000000 ) ) ;
#1302 = AXIS2_PLACEMENT_3D ( 'NONE', #4356, #2584, #3317 ) ;
#1303 = ORIENTED_EDGE ( 'NONE', *, *, #248, .T. ) ;
#1304 = VECTOR ( 'NONE', #3871, 1000.000000000000000 ) ;
#1305 = ORIENTED_EDGE ( 'NONE', *, *, #2839, .F. ) ;
#1306 = CARTESIAN_POINT ( 'NONE',  ( 65.54951257916475527, 11.56607728298018500, 12.40000000000000213 ) ) ;
#1307 = CARTESIAN_POINT ( 'NONE',  ( -9.837250000000000938, 23.24549999999999983, -1.199999999999999956 ) ) ;
#1308 = VECTOR ( 'NONE', #3102, 1000.000000000000000 ) ;
#1309 = EDGE_CURVE ( 'NONE', #1128, #111, #4670, .T. ) ;
#1310 = ORIENTED_EDGE ( 'NONE', *, *, #3120, .F. ) ;
#1311 = DIRECTION ( 'NONE',  ( 0.000000000000000000, -1.000000000000000000, 0.000000000000000000 ) ) ;
#1312 = DIRECTION ( 'NONE',  ( 1.000000000000000000, 2.081668171172166541E-15, 0.000000000000000000 ) ) ;
#1313 = DIRECTION ( 'NONE',  ( 1.000000000000000000, 0.000000000000000000, 0.000000000000000000 ) ) ;
#1314 = AXIS2_PLACEMENT_3D ( 'NONE', #498, #2716, #3049 ) ;
#1315 = ADVANCED_FACE ( 'NONE', ( #2111 ), #3536, .F. ) ;
#1316 = ORIENTED_EDGE ( 'NONE', *, *, #1468, .T. ) ;
#1317 = AXIS2_PLACEMENT_3D ( 'NONE', #2237, #2212, #375 ) ;
#1318 = CARTESIAN_POINT ( 'NONE',  ( 12.15499999999999936, -5.384999999999999787, 17.19999999999999929 ) ) ;
#1319 = DIRECTION ( 'NONE',  ( -0.000000000000000000, -0.000000000000000000, -1.000000000000000000 ) ) ;
#1320 = DIRECTION ( 'NONE',  ( 1.000000000000000000, 0.000000000000000000, -0.000000000000000000 ) ) ;
#1321 = ORIENTED_EDGE ( 'NONE', *, *, #1174, .F. ) ;
#1322 = ORIENTED_EDGE ( 'NONE', *, *, #1294, .F. ) ;
#1323 = DIRECTION ( 'NONE',  ( 0.7071067811865474617, -0.7071067811865474617, 0.000000000000000000 ) ) ;
#1324 = EDGE_CURVE ( 'NONE', #1663, #2922, #1379, .T. ) ;
#1325 = ADVANCED_FACE ( 'NONE', ( #1751 ), #1392, .T. ) ;
#1326 = CARTESIAN_POINT ( 'NONE',  ( -7.635024826596096048, 22.85497918262948502, 0.000000000000000000 ) ) ;
#1327 = CARTESIAN_POINT ( 'NONE',  ( 15.20100000000000051, -35.58299999999999841, 7.500000000000000000 ) ) ;
#1328 = ORIENTED_EDGE ( 'NONE', *, *, #4, .F. ) ;
#1329 = ORIENTED_EDGE ( 'NONE', *, *, #3748, .F. ) ;
#1330 = CARTESIAN_POINT ( 'NONE',  ( 59.77799999999999869, -37.37500000000000000, 17.19999999999999929 ) ) ;
#1331 = DIRECTION ( 'NONE',  ( -0.1744207395498072188, -0.9846712170135260012, 0.000000000000000000 ) ) ;
#1332 = VECTOR ( 'NONE', #2161, 1000.000000000000000 ) ;
#1333 = ORIENTED_EDGE ( 'NONE', *, *, #3650, .T. ) ;
#1334 = AXIS2_PLACEMENT_3D ( 'NONE', #2796, #2865, #312 ) ;
#1335 = VERTEX_POINT ( 'NONE', #247 ) ;
#1336 = CARTESIAN_POINT ( 'NONE',  ( -9.837250000000000938, 23.24549999999999983, 0.000000000000000000 ) ) ;
#1337 = DIRECTION ( 'NONE',  ( 0.000000000000000000, 0.000000000000000000, 1.000000000000000000 ) ) ;
#1338 = LINE ( 'NONE', #1408, #1844 ) ;
#1339 = EDGE_LOOP ( 'NONE', ( #2049, #592, #1213, #1563 ) ) ;
#1340 = VECTOR ( 'NONE', #2043, 1000.000000000000000 ) ;
#1341 = CARTESIAN_POINT ( 'NONE',  ( -2.822000000000000508, -37.37500000000000000, 0.000000000000000000 ) ) ;
#1342 = DIRECTION ( 'NONE',  ( 0.000000000000000000, 0.000000000000000000, 1.000000000000000000 ) ) ;
#1343 = DIRECTION ( 'NONE',  ( 0.000000000000000000, 0.000000000000000000, 1.000000000000000000 ) ) ;
#1344 = ORIENTED_EDGE ( 'NONE', *, *, #2725, .T. ) ;
#1345 = VERTEX_POINT ( 'NONE', #1777 ) ;
#1346 = CARTESIAN_POINT ( 'NONE',  ( 23.20100000000000051, -27.83299999999999841, -1.199999999999999956 ) ) ;
#1347 = FACE_BOUND ( 'NONE', #2764, .T. ) ;
#1348 = DIRECTION ( 'NONE',  ( -0.000000000000000000, -0.000000000000000000, -1.000000000000000000 ) ) ;
#1349 = ADVANCED_FACE ( 'NONE', ( #2420 ), #3583, .T. ) ;
#1350 = ORIENTED_EDGE ( 'NONE', *, *, #1559, .F. ) ;
#1351 = ORIENTED_EDGE ( 'NONE', *, *, #397, .F. ) ;
#1352 = DIRECTION ( 'NONE',  ( 1.000000000000000000, 0.000000000000000000, 0.000000000000000000 ) ) ;
#1353 = CIRCLE ( 'NONE', #4254, 3.987187573048927458 ) ;
#1354 = CARTESIAN_POINT ( 'NONE',  ( 66.40600000000000591, 23.20200000000000529, 15.19999999999999929 ) ) ;
#1355 = ADVANCED_FACE ( 'NONE', ( #2851, #602 ), #3227, .F. ) ;
#1356 = ADVANCED_FACE ( 'NONE', ( #270 ), #4256, .T. ) ;
#1357 = CIRCLE ( 'NONE', #4176, 3.500000000000003109 ) ;
#1358 = ORIENTED_EDGE ( 'NONE', *, *, #807, .T. ) ;
#1359 = ORIENTED_EDGE ( 'NONE', *, *, #1053, .F. ) ;
#1360 = DIRECTION ( 'NONE',  ( -0.1744207395498072188, -0.9846712170135260012, 0.000000000000000000 ) ) ;
#1361 = LOCAL_TIME ( 20, 54, 59.00000000000000000, #527 ) ;
#1362 = FACE_OUTER_BOUND ( 'NONE', #3278, .T. ) ;
#1363 = ORIENTED_EDGE ( 'NONE', *, *, #1238, .F. ) ;
#1364 = DIRECTION ( 'NONE',  ( 0.000000000000000000, 0.000000000000000000, 1.000000000000000000 ) ) ;
#1365 = CARTESIAN_POINT ( 'NONE',  ( 42.51130710209186958, -37.59571270122587805, 15.19999999999999929 ) ) ;
#1366 = CARTESIAN_POINT ( 'NONE',  ( 47.45499999999999829, -5.385000000000000675, 17.19999999999999929 ) ) ;
#1367 = VERTEX_POINT ( 'NONE', #4622 ) ;
#1368 = ORIENTED_EDGE ( 'NONE', *, *, #1551, .T. ) ;
#1369 = LINE ( 'NONE', #2830, #2527 ) ;
#1370 = LINE ( 'NONE', #2831, #2731 ) ;
#1371 = EDGE_CURVE ( 'NONE', #2422, #1335, #932, .T. ) ;
#1372 = DIRECTION ( 'NONE',  ( 1.000000000000000000, 0.000000000000000000, -0.000000000000000000 ) ) ;
#1373 = ORIENTED_EDGE ( 'NONE', *, *, #3948, .F. ) ;
#1374 = AXIS2_PLACEMENT_3D ( 'NONE', #1887, #3266, #3357 ) ;
#1375 = VERTEX_POINT ( 'NONE', #578 ) ;
#1376 = LINE ( 'NONE', #569, #1032 ) ;
#1377 = CARTESIAN_POINT ( 'NONE',  ( 66.00000000000000000, 9.106999999999999318, 17.19999999999999929 ) ) ;
#1378 = VECTOR ( 'NONE', #1752, 1000.000000000000000 ) ;
#1379 = CIRCLE ( 'NONE', #3669, 2.736864328693550341 ) ;
#1380 = EDGE_LOOP ( 'NONE', ( #2010, #1720, #4660, #429 ) ) ;
#1381 = ORIENTED_EDGE ( 'NONE', *, *, #2207, .T. ) ;
#1382 = DIRECTION ( 'NONE',  ( -0.000000000000000000, 1.000000000000000000, -0.000000000000000000 ) ) ;
#1383 = VECTOR ( 'NONE', #3889, 1000.000000000000000 ) ;
#1384 = PLANE ( 'NONE',  #1140 ) ;
#1385 = ADVANCED_FACE ( 'NONE', ( #2039 ), #3487, .F. ) ;
#1386 = EDGE_CURVE ( 'NONE', #3684, #324, #979, .T. ) ;
#1387 = AXIS2_PLACEMENT_3D ( 'NONE', #1121, #366, #49 ) ;
#1388 = VECTOR ( 'NONE', #3444, 1000.000000000000000 ) ;
#1389 = CARTESIAN_POINT ( 'NONE',  ( -11.08900000000000041, -35.72299999999999898, 17.19999999999999929 ) ) ;
#1390 = EDGE_LOOP ( 'NONE', ( #4581, #3116 ) ) ;
#1391 = CARTESIAN_POINT ( 'NONE',  ( 11.76899999999999835, -35.72299999999999898, 17.19999999999999929 ) ) ;
#1392 = CYLINDRICAL_SURFACE ( 'NONE', #844, 1.762731697361356265 ) ;
#1393 = DIRECTION ( 'NONE',  ( 0.000000000000000000, 0.000000000000000000, 1.000000000000000000 ) ) ;
#1394 = ORIENTED_EDGE ( 'NONE', *, *, #214, .T. ) ;
#1395 = LINE ( 'NONE', #1008, #645 ) ;
#1396 = AXIS2_PLACEMENT_3D ( 'NONE', #4512, #4580, #1233 ) ;
#1397 = DIRECTION ( 'NONE',  ( -0.000000000000000000, 1.000000000000000000, 0.000000000000000000 ) ) ;
#1398 = CARTESIAN_POINT ( 'NONE',  ( 69.12439704826486775, 7.856999999999995765, 15.19999999999999929 ) ) ;
#1399 = FACE_OUTER_BOUND ( 'NONE', #1461, .T. ) ;
#1400 = VERTEX_POINT ( 'NONE', #2088 ) ;
#1401 = ORIENTED_EDGE ( 'NONE', *, *, #3396, .T. ) ;
#1402 = DIRECTION ( 'NONE',  ( 1.000000000000000000, 0.000000000000000000, 0.000000000000000000 ) ) ;
#1403 = DIRECTION ( 'NONE',  ( -0.000000000000000000, -0.000000000000000000, -1.000000000000000000 ) ) ;
#1404 = EDGE_LOOP ( 'NONE', ( #3301, #392 ) ) ;
#1405 = EDGE_LOOP ( 'NONE', ( #543, #4092, #1760, #4680 ) ) ;
#1406 = CARTESIAN_POINT ( 'NONE',  ( 35.40474999999999994, -28.70324999999999704, -1.199999999999999956 ) ) ;
#1407 = CARTESIAN_POINT ( 'NONE',  ( -10.73014959796729073, 16.77106854147001513, 0.9999999999999995559 ) ) ;
#1408 = CARTESIAN_POINT ( 'NONE',  ( -18.73700000000000188, -42.55700000000000216, -1.199999999999999956 ) ) ;
#1409 = EDGE_CURVE ( 'NONE', #111, #1345, #4129, .T. ) ;
#1410 = EDGE_CURVE ( 'NONE', #3510, #2859, #4521, .T. ) ;
#1411 = ORIENTED_EDGE ( 'NONE', *, *, #1526, .F. ) ;
#1412 = DIRECTION ( 'NONE',  ( 0.000000000000000000, 0.000000000000000000, 1.000000000000000000 ) ) ;
#1413 = CARTESIAN_POINT ( 'NONE',  ( 66.00000000000000000, 9.106999999999999318, 17.19999999999999929 ) ) ;
#1414 = FACE_OUTER_BOUND ( 'NONE', #2019, .T. ) ;
#1415 = CIRCLE ( 'NONE', #3393, 2.737281905642600321 ) ;
#1416 = ORIENTED_EDGE ( 'NONE', *, *, #4568, .T. ) ;
#1417 = LINE ( 'NONE', #4333, #4462 ) ;
#1418 = CYLINDRICAL_SURFACE ( 'NONE', #1591, 3.987020817489216107 ) ;
#1419 = DIRECTION ( 'NONE',  ( 0.000000000000000000, 1.000000000000000000, 0.000000000000000000 ) ) ;
#1420 = ORIENTED_EDGE ( 'NONE', *, *, #3131, .F. ) ;
#1421 = ORIENTED_EDGE ( 'NONE', *, *, #3019, .T. ) ;
#1422 = DIRECTION ( 'NONE',  ( -1.000000000000000000, 0.000000000000000000, 0.000000000000000000 ) ) ;
#1423 = CYLINDRICAL_SURFACE ( 'NONE', #1275, 1.250000000000001110 ) ;
#1424 = CARTESIAN_POINT ( 'NONE',  ( 8.725000000000001421, -41.22599999999999909, 15.19999999999999929 ) ) ;
#1425 = VERTEX_POINT ( 'NONE', #1527 ) ;
#1426 = FACE_OUTER_BOUND ( 'NONE', #478, .T. ) ;
#1427 = CARTESIAN_POINT ( 'NONE',  ( -4.072000000000000064, -37.37500000000000000, 17.19999999999999929 ) ) ;
#1428 = AXIS2_PLACEMENT_3D ( 'NONE', #1159, #3666, #1834 ) ;
#1429 = EDGE_CURVE ( 'NONE', #3730, #3038, #2893, .T. ) ;
#1430 = DIRECTION ( 'NONE',  ( 0.000000000000000000, 0.000000000000000000, 1.000000000000000000 ) ) ;
#1431 = VERTEX_POINT ( 'NONE', #3631 ) ;
#1432 = CIRCLE ( 'NONE', #2962, 3.599999999999999201 ) ;
#1433 = CARTESIAN_POINT ( 'NONE',  ( 48.29100000000000392, -13.35599999999999987, 17.19999999999999929 ) ) ;
#1434 = DIRECTION ( 'NONE',  ( 0.000000000000000000, 0.000000000000000000, -1.000000000000000000 ) ) ;
#1435 = AXIS2_PLACEMENT_3D ( 'NONE', #1341, #577, #2419 ) ;
#1436 = DIRECTION ( 'NONE',  ( -0.000000000000000000, 1.000000000000000000, 0.000000000000000000 ) ) ;
#1437 = ORIENTED_EDGE ( 'NONE', *, *, #2898, .T. ) ;
#1438 = CARTESIAN_POINT ( 'NONE',  ( -9.591000000000001080, 23.20200000000000529, 0.000000000000000000 ) ) ;
#1439 = DIRECTION ( 'NONE',  ( -0.9846712170135260012, 0.1744207395498071356, 0.000000000000000000 ) ) ;
#1440 = EDGE_CURVE ( 'NONE', #3586, #4096, #3678, .T. ) ;
#1441 = EDGE_CURVE ( 'NONE', #1425, #2140, #3294, .T. ) ;
#1442 = CARTESIAN_POINT ( 'NONE',  ( 66.00000000000000000, 9.106999999999999318, 17.19999999999999929 ) ) ;
#1443 = ORIENTED_EDGE ( 'NONE', *, *, #1002, .F. ) ;
#1444 = EDGE_LOOP ( 'NONE', ( #3104, #4211, #282, #431 ) ) ;
#1445 = DIRECTION ( 'NONE',  ( 1.000000000000000000, 0.000000000000000000, 0.000000000000000000 ) ) ;
#1446 = CARTESIAN_POINT ( 'NONE',  ( -18.73688626812103308, -39.82013567110566754, -1.199999999999999956 ) ) ;
#1447 = LINE ( 'NONE', #2057, #20 ) ;
#1448 = VERTEX_POINT ( 'NONE', #1051 ) ;
#1449 = DIRECTION ( 'NONE',  ( 0.000000000000000000, 0.000000000000000000, 1.000000000000000000 ) ) ;
#1450 = DIRECTION ( 'NONE',  ( 1.000000000000000000, 0.000000000000000000, 0.000000000000000000 ) ) ;
#1451 = VECTOR ( 'NONE', #1909, 1000.000000000000000 ) ;
#1452 = EDGE_CURVE ( 'NONE', #4642, #3217, #3607, .T. ) ;
#1453 = CIRCLE ( 'NONE', #2451, 1.262769446279045304 ) ;
#1454 = ORIENTED_EDGE ( 'NONE', *, *, #1429, .T. ) ;
#1455 = AXIS2_PLACEMENT_3D ( 'NONE', #1677, #3129, #2777 ) ;
#1456 = DIRECTION ( 'NONE',  ( 0.000000000000000000, 0.000000000000000000, -1.000000000000000000 ) ) ;
#1457 = VECTOR ( 'NONE', #1607, 1000.000000000000000 ) ;
#1458 = EDGE_CURVE ( 'NONE', #1885, #724, #743, .T. ) ;
#1459 = DIRECTION ( 'NONE',  ( 0.000000000000000000, 0.000000000000000000, -1.000000000000000000 ) ) ;
#1460 = CARTESIAN_POINT ( 'NONE',  ( -6.322000000000000064, -37.37500000000000000, 0.000000000000000000 ) ) ;
#1461 = EDGE_LOOP ( 'NONE', ( #194, #604, #3662, #3090, #877, #1289, #1854, #1804 ) ) ;
#1462 = DIRECTION ( 'NONE',  ( 1.000000000000000000, 0.000000000000000000, 0.000000000000000000 ) ) ;
#1463 = FACE_OUTER_BOUND ( 'NONE', #1569, .T. ) ;
#1464 = EDGE_CURVE ( 'NONE', #3553, #2385, #2454, .T. ) ;
#1465 = DIRECTION ( 'NONE',  ( 0.000000000000000000, 0.000000000000000000, 1.000000000000000000 ) ) ;
#1466 = CIRCLE ( 'NONE', #4136, 4.100000000000006750 ) ;
#1467 = ORIENTED_EDGE ( 'NONE', *, *, #2293, .F. ) ;
#1468 = EDGE_CURVE ( 'NONE', #80, #1400, #3285, .T. ) ;
#1469 = ADVANCED_FACE ( 'NONE', ( #2918 ), #1142, .T. ) ;
#1470 = VERTEX_POINT ( 'NONE', #2230 ) ;
#1471 = DIRECTION ( 'NONE',  ( -1.000000000000000000, 0.000000000000000000, 0.000000000000000000 ) ) ;
#1472 = LINE ( 'NONE', #2929, #1503 ) ;
#1473 = VECTOR ( 'NONE', #1013, 1000.000000000000000 ) ;
#1474 = DIRECTION ( 'NONE',  ( 0.9846685186277367441, 0.1744359722748106967, -0.000000000000000000 ) ) ;
#1475 = EDGE_LOOP ( 'NONE', ( #3899, #275, #561, #1310 ) ) ;
#1476 = DIRECTION ( 'NONE',  ( 1.000000000000000000, 0.000000000000000000, 0.000000000000000000 ) ) ;
#1477 = LINE ( 'NONE', #1547, #3431 ) ;
#1478 = ORIENTED_EDGE ( 'NONE', *, *, #3424, .T. ) ;
#1479 = CARTESIAN_POINT ( 'NONE',  ( 77.50900000000001455, -39.47299999999999898, 0.000000000000000000 ) ) ;
#1480 = VECTOR ( 'NONE', #2967, 1000.000000000000000 ) ;
#1481 = CARTESIAN_POINT ( 'NONE',  ( 7.668999999999999595, -35.72299999999999898, 17.19999999999999929 ) ) ;
#1482 = CARTESIAN_POINT ( 'NONE',  ( 35.40474999999999994, -28.70324999999999704, -1.199999999999999956 ) ) ;
#1483 = ORIENTED_EDGE ( 'NONE', *, *, #3688, .T. ) ;
#1484 = VECTOR ( 'NONE', #1360, 1000.000000000000114 ) ;
#1485 = CARTESIAN_POINT ( 'NONE',  ( 34.51200000000000045, -29.58299999999999841, 17.19999999999999929 ) ) ;
#1486 = LINE ( 'NONE', #4428, #1820 ) ;
#1487 = CARTESIAN_POINT ( 'NONE',  ( 75.55229909320706838, -39.81964337354579442, -1.199999999999999956 ) ) ;
#1488 = VECTOR ( 'NONE', #943, 1000.000000000000000 ) ;
#1489 = EDGE_CURVE ( 'NONE', #3963, #1523, #918, .T. ) ;
#1490 = ORIENTED_EDGE ( 'NONE', *, *, #1137, .T. ) ;
#1491 = ORIENTED_EDGE ( 'NONE', *, *, #1386, .T. ) ;
#1492 = ORIENTED_EDGE ( 'NONE', *, *, #2640, .T. ) ;
#1493 = LINE ( 'NONE', #3235, #43 ) ;
#1494 = VECTOR ( 'NONE', #536, 1000.000000000000000 ) ;
#1495 = LINE ( 'NONE', #3282, #1818 ) ;
#1496 = DIRECTION ( 'NONE',  ( 0.000000000000000000, 0.000000000000000000, 1.000000000000000000 ) ) ;
#1497 = ORIENTED_EDGE ( 'NONE', *, *, #3221, .F. ) ;
#1498 = CARTESIAN_POINT ( 'NONE',  ( 78.24775000000002478, -39.34250000000000824, 0.000000000000000000 ) ) ;
#1499 = DIRECTION ( 'NONE',  ( 0.000000000000000000, 0.000000000000000000, 1.000000000000000000 ) ) ;
#1500 = EDGE_CURVE ( 'NONE', #1855, #468, #4047, .T. ) ;
#1501 = EDGE_CURVE ( 'NONE', #4576, #3196, #2600, .T. ) ;
#1502 = ORIENTED_EDGE ( 'NONE', *, *, #4421, .T. ) ;
#1503 = VECTOR ( 'NONE', #2570, 1000.000000000000000 ) ;
#1504 = CARTESIAN_POINT ( 'NONE',  ( 50.39222757016578669, -39.81968051721862878, -1.199999999999999956 ) ) ;
#1505 = DIRECTION ( 'NONE',  ( 0.000000000000000000, 0.000000000000000000, 1.000000000000000000 ) ) ;
#1506 = DIRECTION ( 'NONE',  ( 1.000000000000000000, 0.000000000000000000, 0.000000000000000000 ) ) ;
#1507 = VECTOR ( 'NONE', #2749, 1000.000000000000000 ) ;
#1508 = EDGE_LOOP ( 'NONE', ( #581, #3062 ) ) ;
#1509 = LINE ( 'NONE', #1124, #420 ) ;
#1510 = DIRECTION ( 'NONE',  ( 0.000000000000000000, 0.000000000000000000, -1.000000000000000000 ) ) ;
#1511 = AXIS2_PLACEMENT_3D ( 'NONE', #1072, #1027, #3630 ) ;
#1512 = CARTESIAN_POINT ( 'NONE',  ( -11.56099999999999994, 23.55000000000000071, 17.19999999999999929 ) ) ;
#1513 = EDGE_LOOP ( 'NONE', ( #1454, #518, #387, #1819 ) ) ;
#1514 = ORIENTED_EDGE ( 'NONE', *, *, #3619, .F. ) ;
#1515 = ORIENTED_EDGE ( 'NONE', *, *, #969, .F. ) ;
#1516 = LINE ( 'NONE', #795, #1494 ) ;
#1517 = FACE_OUTER_BOUND ( 'NONE', #3765, .T. ) ;
#1518 = CARTESIAN_POINT ( 'NONE',  ( -18.73701745611166558, -39.81997918254900526, 17.19999999999999929 ) ) ;
#1519 = ORIENTED_EDGE ( 'NONE', *, *, #1577, .F. ) ;
#1520 = ORIENTED_EDGE ( 'NONE', *, *, #3822, .F. ) ;
#1521 = DIRECTION ( 'NONE',  ( 0.000000000000000000, 0.000000000000000000, -1.000000000000000000 ) ) ;
#1522 = FACE_OUTER_BOUND ( 'NONE', #4730, .T. ) ;
#1523 = VERTEX_POINT ( 'NONE', #762 ) ;
#1524 = EDGE_CURVE ( 'NONE', #1564, #1713, #3270, .T. ) ;
#1525 = AXIS2_PLACEMENT_3D ( 'NONE', #4550, #2844, #3916 ) ;
#1526 = EDGE_CURVE ( 'NONE', #416, #35, #4059, .T. ) ;
#1527 = CARTESIAN_POINT ( 'NONE',  ( 12.15499999999999936, -29.18499999999999872, 17.19999999999999929 ) ) ;
#1528 = CIRCLE ( 'NONE', #1840, 1.250000000000001110 ) ;
#1529 = CARTESIAN_POINT ( 'NONE',  ( 75.55200000000000671, -41.80700000000000216, 15.19999999999999929 ) ) ;
#1530 = AXIS2_PLACEMENT_3D ( 'NONE', #1365, #3561, #2490 ) ;
#1531 = VERTEX_POINT ( 'NONE', #4377 ) ;
#1532 = DIRECTION ( 'NONE',  ( -1.000000000000000000, 0.000000000000000000, 0.000000000000000000 ) ) ;
#1533 = AXIS2_PLACEMENT_3D ( 'NONE', #3844, #315, #2869 ) ;
#1534 = CARTESIAN_POINT ( 'NONE',  ( 23.20100000000000051, -29.58299999999999841, 0.000000000000000000 ) ) ;
#1535 = AXIS2_PLACEMENT_3D ( 'NONE', #4589, #1696, #216 ) ;
#1536 = CARTESIAN_POINT ( 'NONE',  ( 34.52100000000000080, -29.58699999999999974, 0.000000000000000000 ) ) ;
#1537 = ORIENTED_EDGE ( 'NONE', *, *, #1211, .F. ) ;
#1538 = ORIENTED_EDGE ( 'NONE', *, *, #475, .F. ) ;
#1539 = VERTEX_POINT ( 'NONE', #3249 ) ;
#1540 = DIRECTION ( 'NONE',  ( 1.000000000000000000, 0.000000000000000000, 0.000000000000000000 ) ) ;
#1541 = LINE ( 'NONE', #1954, #4017 ) ;
#1542 = LINE ( 'NONE', #1208, #3145 ) ;
#1543 = ORIENTED_EDGE ( 'NONE', *, *, #1212, .F. ) ;
#1544 = VERTEX_POINT ( 'NONE', #1891 ) ;
#1545 = CARTESIAN_POINT ( 'NONE',  ( 77.50900000000001455, -39.47299999999999898, 15.19999999999999929 ) ) ;
#1546 = CIRCLE ( 'NONE', #3526, 3.599999999999999201 ) ;
#1547 = CARTESIAN_POINT ( 'NONE',  ( 68.68151711208616916, 10.35699999999999754, 15.19999999999999929 ) ) ;
#1548 = VERTEX_POINT ( 'NONE', #3339 ) ;
#1549 = APPROVAL_DATE_TIME ( #4155, #2862 ) ;
#1550 = DIRECTION ( 'NONE',  ( 1.000000000000000000, 0.000000000000000000, -0.000000000000000000 ) ) ;
#1551 = EDGE_CURVE ( 'NONE', #3361, #2155, #72, .T. ) ;
#1552 = EDGE_CURVE ( 'NONE', #4701, #2357, #2158, .T. ) ;
#1553 = CARTESIAN_POINT ( 'NONE',  ( 15.20132459316953266, -37.59585533463144458, 17.19999999999999929 ) ) ;
#1554 = EDGE_LOOP ( 'NONE', ( #3089, #274, #237, #2551 ) ) ;
#1555 = CARTESIAN_POINT ( 'NONE',  ( 75.55243039011578787, -39.81948689491345306, 0.000000000000000000 ) ) ;
#1556 = CLOSED_SHELL ( 'NONE', ( #4499, #2322, #4595, #3163, #2932, #4569, #2236, #1284, #852, #1816, #2874, #3836, #797, #2803, #3304, #483, #4204, #162, #3801, #4091, #4154, #2225, #3909, #2061, #3480, #739, #990, #1356, #2162, #2788, #1063, #386, #2353, #4515, #4245, #1355, #2077, #3100, #2352, #2403, #906, #2486, #1824, #2931, #1469, #4265, #2905, #1315, #940, #2808, #423, #189, #4632, #1737, #190, #2700, #3018, #565, #440, #1293, #3101, #3322, #3740, #3397, #4303, #615, #2512, #1349, #2546, #1089, #4309, #4213, #3334, #2548, #1167, #1574, #1674, #1798, #3291, #3222, #3980, #3855, #2056, #3182, #4097, #4128, #1262, #127, #277, #3345, #3850, #785, #2873, #2031, #4246, #2698, #2761, #2177, #4304, #457, #3887, #929, #4604, #249, #4002, #1936, #4487, #3194, #3507, #3747, #4064, #961, #1263, #2136, #2315, #733, #2089, #2521, #3863, #1589, #4395, #25, #2752, #3067, #1385, #566, #4710, #2607, #4605, #98, #1325, #4114, #91, #369, #3412, #2200 ) ) ;
#1557 = DIRECTION ( 'NONE',  ( 1.000000000000000000, 0.000000000000000000, 0.000000000000000000 ) ) ;
#1558 = CARTESIAN_POINT ( 'NONE',  ( -18.73701745611166558, -39.81997918254900526, 17.19999999999999929 ) ) ;
#1559 = EDGE_CURVE ( 'NONE', #2625, #1604, #4012, .T. ) ;
#1560 = EDGE_CURVE ( 'NONE', #3014, #1007, #1578, .T. ) ;
#1561 = FACE_OUTER_BOUND ( 'NONE', #759, .T. ) ;
#1562 = VERTEX_POINT ( 'NONE', #3773 ) ;
#1563 = ORIENTED_EDGE ( 'NONE', *, *, #1175, .T. ) ;
#1564 = VERTEX_POINT ( 'NONE', #859 ) ;
#1565 = DIRECTION ( 'NONE',  ( 1.000000000000000000, 0.000000000000000000, 0.000000000000000000 ) ) ;
#1566 = CARTESIAN_POINT ( 'NONE',  ( -12.69998507152459410, 17.11999735562930169, 5.599999999999999645 ) ) ;
#1567 = CIRCLE ( 'NONE', #195, 1.986770467292415354 ) ;
#1568 = DIRECTION ( 'NONE',  ( -0.000000000000000000, -0.000000000000000000, -1.000000000000000000 ) ) ;
#1569 = EDGE_LOOP ( 'NONE', ( #987, #2671, #2232, #2756 ) ) ;
#1570 = VECTOR ( 'NONE', #3184, 1000.000000000000000 ) ;
#1571 = ORIENTED_EDGE ( 'NONE', *, *, #2021, .F. ) ;
#1572 = CARTESIAN_POINT ( 'NONE',  ( -9.591000000000001080, 23.20200000000000529, 0.000000000000000000 ) ) ;
#1573 = DIRECTION ( 'NONE',  ( 1.000000000000000000, 0.000000000000000000, 0.000000000000000000 ) ) ;
#1574 = ADVANCED_FACE ( 'NONE', ( #2722 ), #4546, .F. ) ;
#1575 = ORIENTED_EDGE ( 'NONE', *, *, #3303, .F. ) ;
#1576 = CALENDAR_DATE ( 2026, 13, 9 ) ;
#1577 = EDGE_CURVE ( 'NONE', #1981, #4517, #3081, .T. ) ;
#1578 = LINE ( 'NONE', #145, #1918 ) ;
#1579 = DIRECTION ( 'NONE',  ( -0.000000000000000000, -0.000000000000000000, -1.000000000000000000 ) ) ;
#1580 = ORIENTED_EDGE ( 'NONE', *, *, #1003, .T. ) ;
#1581 = DIRECTION ( 'NONE',  ( 0.000000000000000000, 0.000000000000000000, 1.000000000000000000 ) ) ;
#1582 = CARTESIAN_POINT ( 'NONE',  ( 77.75525000000001796, -39.42949999999999733, -1.199999999999999956 ) ) ;
#1583 = DIRECTION ( 'NONE',  ( 0.000000000000000000, 0.000000000000000000, -1.000000000000000000 ) ) ;
#1584 = VECTOR ( 'NONE', #2689, 1000.000000000000000 ) ;
#1585 = DIRECTION ( 'NONE',  ( -0.000000000000000000, -0.000000000000000000, -1.000000000000000000 ) ) ;
#1586 = ORIENTED_EDGE ( 'NONE', *, *, #3862, .T. ) ;
#1587 = ORIENTED_EDGE ( 'NONE', *, *, #3802, .F. ) ;
#1588 = CARTESIAN_POINT ( 'NONE',  ( -10.32975000000000065, 23.33250000000000313, -1.199999999999999956 ) ) ;
#1589 = ADVANCED_FACE ( 'NONE', ( #4524 ), #1986, .T. ) ;
#1590 = EDGE_CURVE ( 'NONE', #35, #1699, #1915, .T. ) ;
#1591 = AXIS2_PLACEMENT_3D ( 'NONE', #769, #2899, #1080 ) ;
#1592 = CARTESIAN_POINT ( 'NONE',  ( 23.20100000000000051, -28.33300000000000196, 0.000000000000000000 ) ) ;
#1593 = PLANE ( 'NONE',  #4527 ) ;
#1594 =( GEOMETRIC_REPRESENTATION_CONTEXT ( 3 ) GLOBAL_UNCERTAINTY_ASSIGNED_CONTEXT ( ( #2452 ) ) GLOBAL_UNIT_ASSIGNED_CONTEXT ( ( #3034, #2676, #3435 ) ) REPRESENTATION_CONTEXT ( 'NONE', 'WORKASPACE' ) );
#1595 = EDGE_LOOP ( 'NONE', ( #3516, #267 ) ) ;
#1596 = ORIENTED_EDGE ( 'NONE', *, *, #1660, .F. ) ;
#1597 = LINE ( 'NONE', #1306, #1260 ) ;
#1598 = CARTESIAN_POINT ( 'NONE',  ( 48.45775000000000432, -41.75625000000000142, 0.000000000000000000 ) ) ;
#1599 = VERTEX_POINT ( 'NONE', #2325 ) ;
#1600 = DATE_TIME_ROLE ( 'creation_date' ) ;
#1601 = DIRECTION ( 'NONE',  ( -1.000000000000000000, 0.000000000000000000, 0.000000000000000000 ) ) ;
#1602 = DIRECTION ( 'NONE',  ( 1.000000000000000000, 0.000000000000000000, 0.000000000000000000 ) ) ;
#1603 = VECTOR ( 'NONE', #4172, 1000.000000000000000 ) ;
#1604 = VERTEX_POINT ( 'NONE', #2011 ) ;
#1605 = DIRECTION ( 'NONE',  ( 1.000000000000000000, 0.000000000000000000, 0.000000000000000000 ) ) ;
#1606 = AXIS2_PLACEMENT_3D ( 'NONE', #3769, #2009, #1573 ) ;
#1607 = DIRECTION ( 'NONE',  ( 0.000000000000000000, 0.000000000000000000, -1.000000000000000000 ) ) ;
#1608 = CARTESIAN_POINT ( 'NONE',  ( 43.93450990165887760, -36.17250990165887004, 7.500000000000000000 ) ) ;
#1609 = EDGE_LOOP ( 'NONE', ( #3354, #2841, #2567, #56, #3280, #4159, #3815, #935, #1071, #3724, #2755, #412, #3346, #1662, #1157, #2149, #3638, #3099, #2213, #1519, #3305, #1975, #1329, #1216, #469, #1596, #1514, #3885, #3821, #4299 ) ) ;
#1610 = ORIENTED_EDGE ( 'NONE', *, *, #4261, .F. ) ;
#1611 = AXIS2_PLACEMENT_3D ( 'NONE', #722, #2184, #3632 ) ;
#1612 = CARTESIAN_POINT ( 'NONE',  ( 23.20100000000000051, -28.33300000000000196, -1.199999999999999956 ) ) ;
#1613 = VECTOR ( 'NONE', #4189, 1000.000000000000000 ) ;
#1614 = DIRECTION ( 'NONE',  ( -1.000000000000000000, 0.000000000000000000, 0.000000000000000000 ) ) ;
#1615 = AXIS2_PLACEMENT_3D ( 'NONE', #3917, #3867, #3580 ) ;
#1616 = CYLINDRICAL_SURFACE ( 'NONE', #3370, 3.987020817489216107 ) ;
#1617 = EDGE_CURVE ( 'NONE', #896, #3296, #3012, .T. ) ;
#1618 = EDGE_CURVE ( 'NONE', #1548, #4192, #244, .T. ) ;
#1619 = ORIENTED_EDGE ( 'NONE', *, *, #3653, .F. ) ;
#1620 = ORIENTED_EDGE ( 'NONE', *, *, #1193, .T. ) ;
#1621 = DIRECTION ( 'NONE',  ( 0.000000000000000000, 0.000000000000000000, -1.000000000000000000 ) ) ;
#1622 = CARTESIAN_POINT ( 'NONE',  ( 50.39300000000000068, -42.05700000000000216, -1.199999999999999956 ) ) ;
#1623 = AXIS2_PLACEMENT_3D ( 'NONE', #4699, #3591, #1782 ) ;
#1624 = EDGE_LOOP ( 'NONE', ( #842, #2226 ) ) ;
#1625 = AXIS2_PLACEMENT_3D ( 'NONE', #3373, #32, #1874 ) ;
#1626 = CARTESIAN_POINT ( 'NONE',  ( -18.73700000000000188, -43.80700000000000216, 17.19999999999999929 ) ) ;
#1627 = CARTESIAN_POINT ( 'NONE',  ( 66.00000000000000000, 10.35699999999999399, 5.000000000000000000 ) ) ;
#1628 = ORIENTED_EDGE ( 'NONE', *, *, #3646, .F. ) ;
#1629 = CARTESIAN_POINT ( 'NONE',  ( 33.73400000000000176, -29.18499999999999872, 17.19999999999999929 ) ) ;
#1630 = LINE ( 'NONE', #1582, #2429 ) ;
#1631 = LINE ( 'NONE', #4552, #1154 ) ;
#1632 = DIRECTION ( 'NONE',  ( -1.000000000000000000, 0.000000000000000000, 0.000000000000000000 ) ) ;
#1633 = ORIENTED_EDGE ( 'NONE', *, *, #882, .T. ) ;
#1634 = EDGE_LOOP ( 'NONE', ( #1178, #2992, #3313, #3976, #728, #1738 ) ) ;
#1635 = DIRECTION ( 'NONE',  ( 0.000000000000000000, 0.000000000000000000, 1.000000000000000000 ) ) ;
#1636 = CARTESIAN_POINT ( 'NONE',  ( 23.53399999999999892, -29.18499999999999872, 0.000000000000000000 ) ) ;
#1637 = EDGE_CURVE ( 'NONE', #2774, #2168, #552, .T. ) ;
#1638 = AXIS2_PLACEMENT_3D ( 'NONE', #789, #1286, #2586 ) ;
#1639 = DIRECTION ( 'NONE',  ( 1.000000000000000000, 0.000000000000000000, -0.000000000000000000 ) ) ;
#1640 = EDGE_LOOP ( 'NONE', ( #3380, #2617, #2441, #462 ) ) ;
#1641 = EDGE_LOOP ( 'NONE', ( #1650, #1633, #1679, #4291 ) ) ;
#1642 = DIRECTION ( 'NONE',  ( 1.000000000000000000, 0.000000000000000000, 0.000000000000000000 ) ) ;
#1643 = CARTESIAN_POINT ( 'NONE',  ( -9.591000000000001080, 23.20200000000000529, 15.19999999999999929 ) ) ;
#1644 = VECTOR ( 'NONE', #1664, 1000.000000000000000 ) ;
#1645 = ORIENTED_EDGE ( 'NONE', *, *, #3862, .F. ) ;
#1646 = EDGE_CURVE ( 'NONE', #805, #660, #2914, .T. ) ;
#1647 = EDGE_CURVE ( 'NONE', #4375, #1470, #528, .T. ) ;
#1648 = CARTESIAN_POINT ( 'NONE',  ( -3.468999999999999861, 1.614000000000000101, 15.19999999999999929 ) ) ;
#1649 = CARTESIAN_POINT ( 'NONE',  ( 46.95300000000000296, -35.72299999999999898, 17.19999999999999929 ) ) ;
#1650 = ORIENTED_EDGE ( 'NONE', *, *, #2060, .F. ) ;
#1651 = FACE_OUTER_BOUND ( 'NONE', #2283, .T. ) ;
#1652 = LINE ( 'NONE', #4668, #3189 ) ;
#1653 = DIRECTION ( 'NONE',  ( 0.000000000000000000, 0.000000000000000000, 1.000000000000000000 ) ) ;
#1654 = CARTESIAN_POINT ( 'NONE',  ( 34.52100000000000080, -29.58699999999999974, 17.19999999999999929 ) ) ;
#1655 = EDGE_LOOP ( 'NONE', ( #2972, #2999, #4180, #2220 ) ) ;
#1656 = ORIENTED_EDGE ( 'NONE', *, *, #4261, .T. ) ;
#1657 = DIRECTION ( 'NONE',  ( 0.000000000000000000, 0.000000000000000000, -1.000000000000000000 ) ) ;
#1658 = DIRECTION ( 'NONE',  ( 1.000000000000000000, 0.000000000000000000, 0.000000000000000000 ) ) ;
#1659 = AXIS2_PLACEMENT_3D ( 'NONE', #2593, #427, #777 ) ;
#1660 = EDGE_CURVE ( 'NONE', #1251, #3707, #3035, .T. ) ;
#1661 = FACE_OUTER_BOUND ( 'NONE', #4543, .T. ) ;
#1662 = ORIENTED_EDGE ( 'NONE', *, *, #1843, .T. ) ;
#1663 = VERTEX_POINT ( 'NONE', #1244 ) ;
#1664 = DIRECTION ( 'NONE',  ( -1.000000000000000000, 0.000000000000000000, 0.000000000000000000 ) ) ;
#1665 = EDGE_CURVE ( 'NONE', #1128, #1900, #1076, .T. ) ;
#1666 = DIRECTION ( 'NONE',  ( -1.000000000000000000, 0.000000000000000000, 0.000000000000000000 ) ) ;
#1667 = EDGE_CURVE ( 'NONE', #3914, #2140, #4449, .T. ) ;
#1668 = AXIS2_PLACEMENT_3D ( 'NONE', #649, #2110, #2062 ) ;
#1669 = VERTEX_POINT ( 'NONE', #4106 ) ;
#1670 = CARTESIAN_POINT ( 'NONE',  ( -13.85987517319368933, 10.57197788867645016, 5.599999999999999645 ) ) ;
#1671 = DIRECTION ( 'NONE',  ( 0.000000000000000000, 0.000000000000000000, 1.000000000000000000 ) ) ;
#1672 = CYLINDRICAL_SURFACE ( 'NONE', #1615, 1.987262779652235078 ) ;
#1673 = EDGE_CURVE ( 'NONE', #3538, #2510, #4205, .T. ) ;
#1674 = ADVANCED_FACE ( 'NONE', ( #460 ), #3366, .F. ) ;
#1675 = EDGE_LOOP ( 'NONE', ( #1790, #70, #4532, #3188 ) ) ;
#1676 = CYLINDRICAL_SURFACE ( 'NONE', #4570, 10.74999999999999645 ) ;
#1677 = CARTESIAN_POINT ( 'NONE',  ( 75.55224658615374267, -39.81970595040655070, -1.199999999999999956 ) ) ;
#1678 = FACE_OUTER_BOUND ( 'NONE', #2881, .T. ) ;
#1679 = ORIENTED_EDGE ( 'NONE', *, *, #3335, .T. ) ;
#1680 = ORIENTED_EDGE ( 'NONE', *, *, #3835, .T. ) ;
#1681 = LINE ( 'NONE', #4602, #1230 ) ;
#1682 = VECTOR ( 'NONE', #898, 1000.000000000000000 ) ;
#1683 = FACE_BOUND ( 'NONE', #1404, .T. ) ;
#1684 = CYLINDRICAL_SURFACE ( 'NONE', #1396, 2.736864331257433225 ) ;
#1685 = VECTOR ( 'NONE', #2444, 1000.000000000000000 ) ;
#1686 = ORIENTED_EDGE ( 'NONE', *, *, #509, .F. ) ;
#1687 = AXIS2_PLACEMENT_3D ( 'NONE', #1035, #1397, #3207 ) ;
#1688 = ORIENTED_EDGE ( 'NONE', *, *, #1489, .T. ) ;
#1689 = FACE_OUTER_BOUND ( 'NONE', #1655, .T. ) ;
#1690 = DIRECTION ( 'NONE',  ( 0.000000000000000000, 0.000000000000000000, 1.000000000000000000 ) ) ;
#1691 = CIRCLE ( 'NONE', #1150, 1.987338461654837518 ) ;
#1692 = AXIS2_PLACEMENT_3D ( 'NONE', #3796, #1169, #1965 ) ;
#1693 = ORIENTED_EDGE ( 'NONE', *, *, #582, .T. ) ;
#1694 = ORIENTED_EDGE ( 'NONE', *, *, #1464, .T. ) ;
#1695 = CARTESIAN_POINT ( 'NONE',  ( 78.24775000000001057, -39.34250000000000114, -1.199999999999999956 ) ) ;
#1696 = DIRECTION ( 'NONE',  ( 0.000000000000000000, 0.000000000000000000, 1.000000000000000000 ) ) ;
#1697 = DIRECTION ( 'NONE',  ( 0.1744359722748104746, -0.9846685186277367441, 0.000000000000000000 ) ) ;
#1698 = AXIS2_PLACEMENT_3D ( 'NONE', #2785, #2003, #893 ) ;
#1699 = VERTEX_POINT ( 'NONE', #4500 ) ;
#1700 = EDGE_CURVE ( 'NONE', #4484, #3038, #486, .T. ) ;
#1701 = CYLINDRICAL_SURFACE ( 'NONE', #3488, 2.737356642794202877 ) ;
#1702 = EDGE_CURVE ( 'NONE', #4146, #2515, #1218, .T. ) ;
#1703 = EDGE_CURVE ( 'NONE', #2602, #1448, #1789, .T. ) ;
#1704 = DIRECTION ( 'NONE',  ( 0.1744207395498071633, 0.9846712170135260012, 0.000000000000000000 ) ) ;
#1705 = CARTESIAN_POINT ( 'NONE',  ( 64.45000000000000284, 26.84199999999999875, 0.000000000000000000 ) ) ;
#1706 = ORIENTED_EDGE ( 'NONE', *, *, #148, .F. ) ;
#1707 = ORIENTED_EDGE ( 'NONE', *, *, #594, .T. ) ;
#1708 = LINE ( 'NONE', #3492, #120 ) ;
#1709 = CARTESIAN_POINT ( 'NONE',  ( -4.719000000000000306, 1.614000000000000101, 0.000000000000000000 ) ) ;
#1710 = EDGE_CURVE ( 'NONE', #425, #3341, #1152, .T. ) ;
#1711 = EDGE_CURVE ( 'NONE', #4074, #2630, #1772, .T. ) ;
#1712 = CARTESIAN_POINT ( 'NONE',  ( 12.15500000000000291, -5.385000000000000675, 15.19999999999999929 ) ) ;
#1713 = VERTEX_POINT ( 'NONE', #573 ) ;
#1714 = ORIENTED_EDGE ( 'NONE', *, *, #2208, .T. ) ;
#1715 = DIRECTION ( 'NONE',  ( 0.000000000000000000, -1.000000000000000000, 0.000000000000000000 ) ) ;
#1716 = DIRECTION ( 'NONE',  ( -0.000000000000000000, -0.000000000000000000, -1.000000000000000000 ) ) ;
#1717 = VECTOR ( 'NONE', #2253, 1000.000000000000000 ) ;
#1718 = ORIENTED_EDGE ( 'NONE', *, *, #3362, .T. ) ;
#1719 = AXIS2_PLACEMENT_3D ( 'NONE', #19, #2246, #432 ) ;
#1720 = ORIENTED_EDGE ( 'NONE', *, *, #4090, .T. ) ;
#1721 = DIRECTION ( 'NONE',  ( -1.000000000000000000, 0.000000000000000000, 0.000000000000000000 ) ) ;
#1722 = AXIS2_PLACEMENT_3D ( 'NONE', #1214, #2672, #1642 ) ;
#1723 = LINE ( 'NONE', #3939, #1383 ) ;
#1724 = ORIENTED_EDGE ( 'NONE', *, *, #3481, .F. ) ;
#1725 = AXIS2_PLACEMENT_3D ( 'NONE', #2928, #4681, #2334 ) ;
#1726 = EDGE_CURVE ( 'NONE', #1162, #575, #2381, .T. ) ;
#1727 = CYLINDRICAL_SURFACE ( 'NONE', #4102, 2.237294063182349024 ) ;
#1728 = CARTESIAN_POINT ( 'NONE',  ( 15.20132459316953266, -37.59585533463144458, 7.500000000000000000 ) ) ;
#1729 = DIRECTION ( 'NONE',  ( -1.000000000000000000, -0.000000000000000000, -0.000000000000000000 ) ) ;
#1730 = EDGE_LOOP ( 'NONE', ( #3806, #4696, #779, #917, #3615 ) ) ;
#1731 = FACE_OUTER_BOUND ( 'NONE', #123, .T. ) ;
#1732 = DIRECTION ( 'NONE',  ( 1.000000000000000000, 0.000000000000000000, 0.000000000000000000 ) ) ;
#1733 = CARTESIAN_POINT ( 'NONE',  ( 7.668999999999999595, -35.72299999999999898, 17.19999999999999929 ) ) ;
#1734 = CARTESIAN_POINT ( 'NONE',  ( -8.761300203470490544, 16.42231439743007115, 1.000000000000000000 ) ) ;
#1735 = ORIENTED_EDGE ( 'NONE', *, *, #3078, .F. ) ;
#1736 = EDGE_CURVE ( 'NONE', #2971, #2864, #1813, .T. ) ;
#1737 = ADVANCED_FACE ( 'NONE', ( #2439 ), #950, .F. ) ;
#1738 = ORIENTED_EDGE ( 'NONE', *, *, #308, .T. ) ;
#1739 = LINE ( 'NONE', #2099, #727 ) ;
#1740 = AXIS2_PLACEMENT_3D ( 'NONE', #1859, #2243, #4071 ) ;
#1741 = DIRECTION ( 'NONE',  ( 0.000000000000000000, 0.000000000000000000, 1.000000000000000000 ) ) ;
#1742 = VECTOR ( 'NONE', #835, 1000.000000000000000 ) ;
#1743 = ORIENTED_EDGE ( 'NONE', *, *, #4513, .T. ) ;
#1744 = ORIENTED_EDGE ( 'NONE', *, *, #1736, .T. ) ;
#1745 = LINE ( 'NONE', #1336, #1484 ) ;
#1746 = DIRECTION ( 'NONE',  ( 0.000000000000000000, 0.000000000000000000, -1.000000000000000000 ) ) ;
#1747 = CC_DESIGN_APPROVAL ( #2946, ( #751 ) ) ;
#1748 = DIRECTION ( 'NONE',  ( 0.000000000000000000, 0.000000000000000000, -1.000000000000000000 ) ) ;
#1749 = EDGE_LOOP ( 'NONE', ( #2568, #286, #2186, #1784 ) ) ;
#1750 = CARTESIAN_POINT ( 'NONE',  ( 59.04099999999999682, -13.35599999999999987, 17.19999999999999929 ) ) ;
#1751 = FACE_OUTER_BOUND ( 'NONE', #1405, .T. ) ;
#1752 = DIRECTION ( 'NONE',  ( 0.000000000000000000, 0.000000000000000000, 1.000000000000000000 ) ) ;
#1753 = ORIENTED_EDGE ( 'NONE', *, *, #3303, .T. ) ;
#1754 = DIRECTION ( 'NONE',  ( 0.000000000000000000, 0.000000000000000000, 1.000000000000000000 ) ) ;
#1755 = CYLINDRICAL_SURFACE ( 'NONE', #3515, 1.262769446279073060 ) ;
#1756 = CARTESIAN_POINT ( 'NONE',  ( 59.77799999999999869, -37.37500000000000000, 15.19999999999999929 ) ) ;
#1757 = LINE ( 'NONE', #2497, #781 ) ;
#1758 = ORIENTED_EDGE ( 'NONE', *, *, #4407, .T. ) ;
#1759 = VECTOR ( 'NONE', #829, 1000.000000000000000 ) ;
#1760 = ORIENTED_EDGE ( 'NONE', *, *, #2426, .F. ) ;
#1761 = DIRECTION ( 'NONE',  ( -0.000000000000000000, -0.000000000000000000, -1.000000000000000000 ) ) ;
#1762 = FACE_OUTER_BOUND ( 'NONE', #2693, .T. ) ;
#1763 = EDGE_CURVE ( 'NONE', #1901, #4571, #3594, .T. ) ;
#1764 = CIRCLE ( 'NONE', #1916, 10.75000000000000000 ) ;
#1765 = EDGE_CURVE ( 'NONE', #1884, #4608, #335, .T. ) ;
#1766 = VECTOR ( 'NONE', #2250, 1000.000000000000000 ) ;
#1767 = ORIENTED_EDGE ( 'NONE', *, *, #710, .T. ) ;
#1768 = ORIENTED_EDGE ( 'NONE', *, *, #3995, .T. ) ;
#1769 = CARTESIAN_POINT ( 'NONE',  ( 73.90999999999999659, -35.72299999999999898, 15.19999999999999929 ) ) ;
#1770 = VECTOR ( 'NONE', #598, 1000.000000000000000 ) ;
#1771 = CARTESIAN_POINT ( 'NONE',  ( 15.20100000000000051, -35.58299999999999841, 15.19999999999999929 ) ) ;
#1772 = CIRCLE ( 'NONE', #4440, 1.250000000000001110 ) ;
#1773 = AXIS2_PLACEMENT_3D ( 'NONE', #904, #3823, #3961 ) ;
#1774 = PLANE ( 'NONE',  #4522 ) ;
#1775 = ORIENTED_EDGE ( 'NONE', *, *, #3246, .F. ) ;
#1776 = DIRECTION ( 'NONE',  ( -0.000000000000000000, -0.000000000000000000, -1.000000000000000000 ) ) ;
#1777 = CARTESIAN_POINT ( 'NONE',  ( 15.20100000000000051, -37.58299999999999841, 7.500000000000000000 ) ) ;
#1778 = CARTESIAN_POINT ( 'NONE',  ( 59.77799999999999869, -37.37500000000000000, 0.000000000000000000 ) ) ;
#1779 = ORIENTED_EDGE ( 'NONE', *, *, #363, .F. ) ;
#1780 = DIRECTION ( 'NONE',  ( 0.000000000000000000, 0.000000000000000000, 1.000000000000000000 ) ) ;
#1781 = CARTESIAN_POINT ( 'NONE',  ( 19.41000000000000014, 22.84199999999999875, 15.15000000000000036 ) ) ;
#1782 = DIRECTION ( 'NONE',  ( 1.000000000000000000, 0.000000000000000000, 0.000000000000000000 ) ) ;
#1783 = EDGE_CURVE ( 'NONE', #783, #1562, #2171, .T. ) ;
#1784 = ORIENTED_EDGE ( 'NONE', *, *, #1700, .T. ) ;
#1785 = VERTEX_POINT ( 'NONE', #597 ) ;
#1786 = CYLINDRICAL_SURFACE ( 'NONE', #4469, 10.75000000000000000 ) ;
#1787 = CARTESIAN_POINT ( 'NONE',  ( 64.45000000000000284, 26.84199999999999875, 17.19999999999999929 ) ) ;
#1788 = EDGE_CURVE ( 'NONE', #4402, #1335, #1923, .T. ) ;
#1789 = LINE ( 'NONE', #2885, #549 ) ;
#1790 = ORIENTED_EDGE ( 'NONE', *, *, #3688, .F. ) ;
#1791 = DIRECTION ( 'NONE',  ( 0.000000000000000000, 0.000000000000000000, 1.000000000000000000 ) ) ;
#1792 = AXIS2_PLACEMENT_3D ( 'NONE', #300, #2473, #1101 ) ;
#1793 = DIRECTION ( 'NONE',  ( 1.000000000000000000, 0.000000000000000000, -0.000000000000000000 ) ) ;
#1794 = AXIS2_PLACEMENT_3D ( 'NONE', #4346, #2174, #2197 ) ;
#1795 = FACE_OUTER_BOUND ( 'NONE', #4321, .T. ) ;
#1796 = ORIENTED_EDGE ( 'NONE', *, *, #3646, .T. ) ;
#1797 = EDGE_CURVE ( 'NONE', #2168, #3664, #1447, .T. ) ;
#1798 = ADVANCED_FACE ( 'NONE', ( #2194 ), #4251, .F. ) ;
#1799 = AXIS2_PLACEMENT_3D ( 'NONE', #2192, #1856, #1445 ) ;
#1800 = FACE_OUTER_BOUND ( 'NONE', #774, .T. ) ;
#1801 = CARTESIAN_POINT ( 'NONE',  ( 67.25000000000000000, 9.106999999999999318, 17.19999999999999929 ) ) ;
#1802 = CARTESIAN_POINT ( 'NONE',  ( 20.76600000000000179, -29.18499999999999517, 7.500000000000000000 ) ) ;
#1803 = AXIS2_PLACEMENT_3D ( 'NONE', #3402, #1252, #2665 ) ;
#1804 = ORIENTED_EDGE ( 'NONE', *, *, #2658, .F. ) ;
#1805 = VERTEX_POINT ( 'NONE', #3482 ) ;
#1806 = CARTESIAN_POINT ( 'NONE',  ( -8.761300203470490544, 16.42231439743007115, 5.599999999999999645 ) ) ;
#1807 = CARTESIAN_POINT ( 'NONE',  ( 69.81000000000000227, -35.72299999999999898, 15.19999999999999929 ) ) ;
#1808 = VERTEX_POINT ( 'NONE', #3505 ) ;
#1809 = ORIENTED_EDGE ( 'NONE', *, *, #2411, .F. ) ;
#1810 = FACE_OUTER_BOUND ( 'NONE', #600, .T. ) ;
#1811 = PLANE ( 'NONE',  #2045 ) ;
#1812 = EDGE_CURVE ( 'NONE', #4253, #788, #241, .T. ) ;
#1813 = LINE ( 'NONE', #4001, #1308 ) ;
#1814 = ORIENTED_EDGE ( 'NONE', *, *, #2379, .F. ) ;
#1815 = PLANE ( 'NONE',  #946 ) ;
#1816 = ADVANCED_FACE ( 'NONE', ( #3642 ), #3842, .F. ) ;
#1817 = CARTESIAN_POINT ( 'NONE',  ( 67.14475000000000193, 23.33250000000000313, -1.199999999999999956 ) ) ;
#1818 = VECTOR ( 'NONE', #2547, 1000.000000000000000 ) ;
#1819 = ORIENTED_EDGE ( 'NONE', *, *, #2866, .F. ) ;
#1820 = VECTOR ( 'NONE', #5, 1000.000000000000000 ) ;
#1821 = FACE_OUTER_BOUND ( 'NONE', #1997, .T. ) ;
#1822 = DIRECTION ( 'NONE',  ( 0.000000000000000000, 0.000000000000000000, -1.000000000000000000 ) ) ;
#1823 = EDGE_CURVE ( 'NONE', #1669, #2357, #1009, .T. ) ;
#1824 = ADVANCED_FACE ( 'NONE', ( #2744 ), #4201, .T. ) ;
#1825 = AXIS2_PLACEMENT_3D ( 'NONE', #4399, #4352, #719 ) ;
#1826 = CARTESIAN_POINT ( 'NONE',  ( -18.73700000000000188, -41.80700000000000216, 0.000000000000000000 ) ) ;
#1827 = VERTEX_POINT ( 'NONE', #3979 ) ;
#1828 = DIRECTION ( 'NONE',  ( 1.000000000000000000, 0.000000000000000000, 0.000000000000000000 ) ) ;
#1829 = CARTESIAN_POINT ( 'NONE',  ( 7.320681123583208993, -39.81971817910010714, 0.000000000000000000 ) ) ;
#1830 = FACE_OUTER_BOUND ( 'NONE', #746, .T. ) ;
#1831 = ORIENTED_EDGE ( 'NONE', *, *, #4348, .F. ) ;
#1832 = EDGE_LOOP ( 'NONE', ( #3478, #2481 ) ) ;
#1833 = DIRECTION ( 'NONE',  ( 0.000000000000000000, 0.000000000000000000, 1.000000000000000000 ) ) ;
#1834 = DIRECTION ( 'NONE',  ( -1.000000000000000000, 0.000000000000000000, 0.000000000000000000 ) ) ;
#1835 = FACE_OUTER_BOUND ( 'NONE', #1675, .T. ) ;
#1836 = EDGE_LOOP ( 'NONE', ( #4533, #4548, #2288, #3410 ) ) ;
#1837 = CARTESIAN_POINT ( 'NONE',  ( -12.69998507152459410, 17.11999735562930169, 5.599999999999999645 ) ) ;
#1838 = CARTESIAN_POINT ( 'NONE',  ( 38.21000000000000085, 24.84199999999999875, 7.620000000000000107 ) ) ;
#1839 = AXIS2_PLACEMENT_3D ( 'NONE', #3408, #3457, #141 ) ;
#1840 = AXIS2_PLACEMENT_3D ( 'NONE', #1846, #367, #4060 ) ;
#1841 = ORIENTED_EDGE ( 'NONE', *, *, #2235, .F. ) ;
#1842 = CARTESIAN_POINT ( 'NONE',  ( -7.634838191436935873, 22.85513567608969865, -1.199999999999999956 ) ) ;
#1843 = EDGE_CURVE ( 'NONE', #2747, #132, #358, .T. ) ;
#1844 = VECTOR ( 'NONE', #2487, 1000.000000000000000 ) ;
#1845 = DIRECTION ( 'NONE',  ( 0.000000000000000000, 0.000000000000000000, -1.000000000000000000 ) ) ;
#1846 = CARTESIAN_POINT ( 'NONE',  ( 66.00000000000000000, 9.106999999999999318, 9.900000000000000355 ) ) ;
#1847 = ORIENTED_EDGE ( 'NONE', *, *, #2412, .T. ) ;
#1848 = DIRECTION ( 'NONE',  ( 1.000000000000000000, 0.000000000000000000, 0.000000000000000000 ) ) ;
#1849 = EDGE_CURVE ( 'NONE', #202, #2823, #1931, .T. ) ;
#1850 = FACE_OUTER_BOUND ( 'NONE', #2257, .T. ) ;
#1851 = DIRECTION ( 'NONE',  ( 1.000000000000000000, 0.000000000000000000, 0.000000000000000000 ) ) ;
#1852 = VECTOR ( 'NONE', #915, 1000.000000000000000 ) ;
#1853 = ORIENTED_EDGE ( 'NONE', *, *, #2409, .T. ) ;
#1854 = ORIENTED_EDGE ( 'NONE', *, *, #2897, .T. ) ;
#1855 = VERTEX_POINT ( 'NONE', #406 ) ;
#1856 = DIRECTION ( 'NONE',  ( 0.000000000000000000, 0.000000000000000000, 1.000000000000000000 ) ) ;
#1857 = EDGE_CURVE ( 'NONE', #3069, #3930, #4448, .T. ) ;
#1858 = EDGE_CURVE ( 'NONE', #236, #132, #846, .T. ) ;
#1859 = CARTESIAN_POINT ( 'NONE',  ( 38.21000000000000085, 22.84199999999999875, 7.620000000000000107 ) ) ;
#1860 = CIRCLE ( 'NONE', #3758, 1.986770467292415354 ) ;
#1861 = CARTESIAN_POINT ( 'NONE',  ( 33.73400000000000176, -29.58299999999999841, 0.000000000000000000 ) ) ;
#1862 = ORIENTED_EDGE ( 'NONE', *, *, #4544, .F. ) ;
#1863 = CARTESIAN_POINT ( 'NONE',  ( 23.20100000000000051, -28.33300000000000196, -1.199999999999999956 ) ) ;
#1864 = CARTESIAN_POINT ( 'NONE',  ( 10.13899999999999935, -42.64000000000000767, 17.19999999999999929 ) ) ;
#1865 = EDGE_LOOP ( 'NONE', ( #2779, #4219 ) ) ;
#1866 = DIRECTION ( 'NONE',  ( 1.000000000000000000, 0.000000000000000000, 0.000000000000000000 ) ) ;
#1867 = AXIS2_PLACEMENT_3D ( 'NONE', #4109, #2743, #417 ) ;
#1868 = EDGE_CURVE ( 'NONE', #3296, #4297, #1160, .T. ) ;
#1869 = DIRECTION ( 'NONE',  ( -0.000000000000000000, -0.000000000000000000, -1.000000000000000000 ) ) ;
#1870 = CARTESIAN_POINT ( 'NONE',  ( 35.93500000000000227, -28.17300000000000182, 0.000000000000000000 ) ) ;
#1871 = ORIENTED_EDGE ( 'NONE', *, *, #2571, .F. ) ;
#1872 = DIRECTION ( 'NONE',  ( 0.000000000000000000, 0.000000000000000000, 1.000000000000000000 ) ) ;
#1873 = FACE_OUTER_BOUND ( 'NONE', #1907, .T. ) ;
#1874 = DIRECTION ( 'NONE',  ( 0.000000000000000000, -0.000000000000000000, 1.000000000000000000 ) ) ;
#1875 = CIRCLE ( 'NONE', #3851, 2.237294063182349024 ) ;
#1876 = EDGE_LOOP ( 'NONE', ( #310, #4577, #3112, #4218 ) ) ;
#1877 = VERTEX_POINT ( 'NONE', #1861 ) ;
#1878 = ORIENTED_EDGE ( 'NONE', *, *, #3193, .F. ) ;
#1879 = DIRECTION ( 'NONE',  ( -0.9846685186277367441, -0.1744359722748107244, 0.000000000000000000 ) ) ;
#1880 = FACE_OUTER_BOUND ( 'NONE', #4169, .T. ) ;
#1881 = CARTESIAN_POINT ( 'NONE',  ( -9.837250000000000938, 23.24549999999999983, -1.199999999999999956 ) ) ;
#1882 = EDGE_CURVE ( 'NONE', #2686, #1933, #2614, .T. ) ;
#1883 = EDGE_CURVE ( 'NONE', #1927, #3799, #3710, .T. ) ;
#1884 = VERTEX_POINT ( 'NONE', #2218 ) ;
#1885 = VERTEX_POINT ( 'NONE', #3351 ) ;
#1886 = DIRECTION ( 'NONE',  ( 0.9846712170135260012, -0.1744207395498072188, 0.000000000000000000 ) ) ;
#1887 = CARTESIAN_POINT ( 'NONE',  ( -18.73683383871488317, -39.82019825501802046, -1.199999999999999956 ) ) ;
#1888 = ORIENTED_EDGE ( 'NONE', *, *, #1225, .T. ) ;
#1889 = AXIS2_PLACEMENT_3D ( 'NONE', #4704, #663, #2051 ) ;
#1890 = DATE_AND_TIME ( #1985, #1361 ) ;
#1891 = CARTESIAN_POINT ( 'NONE',  ( 46.95300000000000296, -35.72299999999999898, 15.19999999999999929 ) ) ;
#1892 = LINE ( 'NONE', #2231, #692 ) ;
#1893 = AXIS2_PLACEMENT_3D ( 'NONE', #1733, #2449, #962 ) ;
#1894 = ORIENTED_EDGE ( 'NONE', *, *, #3893, .F. ) ;
#1895 = LINE ( 'NONE', #52, #1717 ) ;
#1896 = DIRECTION ( 'NONE',  ( 0.7071067811865474617, 0.7071067811865475727, -0.000000000000000000 ) ) ;
#1897 = VECTOR ( 'NONE', #3315, 1000.000000000000000 ) ;
#1898 = CYLINDRICAL_SURFACE ( 'NONE', #2319, 3.987187573048927458 ) ;
#1899 = VERTEX_POINT ( 'NONE', #3734 ) ;
#1900 = VERTEX_POINT ( 'NONE', #2643 ) ;
#1901 = VERTEX_POINT ( 'NONE', #755 ) ;
#1902 = CARTESIAN_POINT ( 'NONE',  ( 47.57399999999999807, -42.64000000000000767, 17.19999999999999929 ) ) ;
#1903 = DIRECTION ( 'NONE',  ( -0.000000000000000000, -0.000000000000000000, -1.000000000000000000 ) ) ;
#1904 = LINE ( 'NONE', #2620, #2996 ) ;
#1905 = ORIENTED_EDGE ( 'NONE', *, *, #4691, .T. ) ;
#1906 = EDGE_CURVE ( 'NONE', #4146, #425, #1932, .T. ) ;
#1907 = EDGE_LOOP ( 'NONE', ( #1061, #4103, #817, #3533 ) ) ;
#1908 = CARTESIAN_POINT ( 'NONE',  ( 8.725000000000001421, -41.22599999999999909, 0.000000000000000000 ) ) ;
#1909 = DIRECTION ( 'NONE',  ( -0.000000000000000000, 0.000000000000000000, 1.000000000000000000 ) ) ;
#1910 = EDGE_CURVE ( 'NONE', #4014, #1375, #1904, .T. ) ;
#1911 = EDGE_CURVE ( 'NONE', #1564, #1367, #253, .T. ) ;
#1912 = ORIENTED_EDGE ( 'NONE', *, *, #4028, .T. ) ;
#1913 = AXIS2_PLACEMENT_3D ( 'NONE', #3430, #570, #3031 ) ;
#1914 = EDGE_CURVE ( 'NONE', #1884, #4253, #1542, .T. ) ;
#1915 = LINE ( 'NONE', #171, #476 ) ;
#1916 = AXIS2_PLACEMENT_3D ( 'NONE', #1270, #2307, #2754 ) ;
#1917 = CARTESIAN_POINT ( 'NONE',  ( -7.635000000000000675, 25.59199999999999875, -1.199999999999999956 ) ) ;
#1918 = VECTOR ( 'NONE', #2703, 1000.000000000000000 ) ;
#1919 = ORIENTED_EDGE ( 'NONE', *, *, #1324, .T. ) ;
#1920 = FACE_OUTER_BOUND ( 'NONE', #4482, .T. ) ;
#1921 = AXIS2_PLACEMENT_3D ( 'NONE', #172, #3460, #3082 ) ;
#1922 = LINE ( 'NONE', #4528, #4412 ) ;
#1923 = CIRCLE ( 'NONE', #2532, 4.099999999999999645 ) ;
#1924 = CARTESIAN_POINT ( 'NONE',  ( 7.668999999999999595, -35.72299999999999898, 17.19999999999999929 ) ) ;
#1925 = CYLINDRICAL_SURFACE ( 'NONE', #4374, 2.737281905642600321 ) ;
#1926 = ORIENTED_EDGE ( 'NONE', *, *, #3689, .F. ) ;
#1927 = VERTEX_POINT ( 'NONE', #1183 ) ;
#1928 = ORIENTED_EDGE ( 'NONE', *, *, #2818, .F. ) ;
#1929 = DIRECTION ( 'NONE',  ( 0.7071067811865474617, 0.7071067811865475727, -0.000000000000000000 ) ) ;
#1930 = CARTESIAN_POINT ( 'NONE',  ( 66.65225000000000932, 23.24549999999999983, -1.199999999999999956 ) ) ;
#1931 = CIRCLE ( 'NONE', #1082, 2.500000000000000000 ) ;
#1932 = LINE ( 'NONE', #2667, #704 ) ;
#1933 = VERTEX_POINT ( 'NONE', #381 ) ;
#1934 = VERTEX_POINT ( 'NONE', #3379 ) ;
#1935 = DIRECTION ( 'NONE',  ( -0.1744207395498071911, -0.9846712170135260012, 0.000000000000000000 ) ) ;
#1936 = ADVANCED_FACE ( 'NONE', ( #1835 ), #4095, .T. ) ;
#1937 = AXIS2_PLACEMENT_3D ( 'NONE', #4430, #1465, #4406 ) ;
#1938 = DIRECTION ( 'NONE',  ( 1.000000000000000000, 0.000000000000000000, 0.000000000000000000 ) ) ;
#1939 = EDGE_LOOP ( 'NONE', ( #3931, #3375, #407, #750 ) ) ;
#1940 = APPROVAL_STATUS ( 'not_yet_approved' ) ;
#1941 = CARTESIAN_POINT ( 'NONE',  ( 79.47899999999999920, -39.12500000000000000, 0.000000000000000000 ) ) ;
#1942 = DIRECTION ( 'NONE',  ( -0.000000000000000000, -0.000000000000000000, -1.000000000000000000 ) ) ;
#1943 = EDGE_CURVE ( 'NONE', #1246, #636, #1546, .T. ) ;
#1944 = EDGE_CURVE ( 'NONE', #3581, #1564, #4390, .T. ) ;
#1945 = EDGE_LOOP ( 'NONE', ( #2543, #1166, #1, #4721 ) ) ;
#1946 = CARTESIAN_POINT ( 'NONE',  ( 33.73400000000000176, -29.58299999999999841, 3.450000000000000178 ) ) ;
#1947 = CARTESIAN_POINT ( 'NONE',  ( 47.45499999999999829, 22.85522956169267772, 15.19999999999999929 ) ) ;
#1948 = DIRECTION ( 'NONE',  ( 1.000000000000000000, 0.000000000000000000, 0.000000000000000000 ) ) ;
#1949 = LINE ( 'NONE', #3827, #3895 ) ;
#1950 = AXIS2_PLACEMENT_3D ( 'NONE', #3694, #1791, #3624 ) ;
#1951 = ORIENTED_EDGE ( 'NONE', *, *, #1906, .T. ) ;
#1952 = EDGE_LOOP ( 'NONE', ( #706, #2018, #4538, #3783 ) ) ;
#1953 = DIRECTION ( 'NONE',  ( 0.1744359722748106967, -0.9846685186277366331, 0.000000000000000000 ) ) ;
#1954 = CARTESIAN_POINT ( 'NONE',  ( 19.41000000000000014, 26.84199999999999875, 15.15000000000000036 ) ) ;
#1955 = VECTOR ( 'NONE', #730, 1000.000000000000000 ) ;
#1956 = CARTESIAN_POINT ( 'NONE',  ( 33.73400000000000176, -25.58299999999999841, 3.450000000000000178 ) ) ;
#1957 = ORIENTED_EDGE ( 'NONE', *, *, #1309, .F. ) ;
#1958 = CIRCLE ( 'NONE', #1725, 10.74999999999999645 ) ;
#1959 = ORIENTED_EDGE ( 'NONE', *, *, #710, .F. ) ;
#1960 = CARTESIAN_POINT ( 'NONE',  ( 64.45000000000000284, 24.84199999999999875, 7.620000000000000107 ) ) ;
#1961 = DIRECTION ( 'NONE',  ( 0.7071067811865472397, -0.7071067811865479058, 0.000000000000000000 ) ) ;
#1962 = CC_DESIGN_DATE_AND_TIME_ASSIGNMENT ( #4447, #784, ( #751 ) ) ;
#1963 = VERTEX_POINT ( 'NONE', #62 ) ;
#1964 = EDGE_CURVE ( 'NONE', #2393, #4014, #3604, .T. ) ;
#1965 = DIRECTION ( 'NONE',  ( -1.000000000000000000, 0.000000000000000000, 0.000000000000000000 ) ) ;
#1966 = DIRECTION ( 'NONE',  ( 0.000000000000000000, 0.000000000000000000, 1.000000000000000000 ) ) ;
#1967 = ORIENTED_EDGE ( 'NONE', *, *, #3846, .F. ) ;
#1968 = CIRCLE ( 'NONE', #2573, 2.237319616121259624 ) ;
#1969 = CYLINDRICAL_SURFACE ( 'NONE', #2048, 1.249999999999999778 ) ;
#1970 = EDGE_CURVE ( 'NONE', #4068, #4375, #175, .T. ) ;
#1971 = EDGE_CURVE ( 'NONE', #2033, #3963, #1134, .T. ) ;
#1972 = CARTESIAN_POINT ( 'NONE',  ( 36.94699999999999562, -29.18499999999999517, 7.500000000000000000 ) ) ;
#1973 = AXIS2_PLACEMENT_3D ( 'NONE', #584, #607, #3209 ) ;
#1974 = CARTESIAN_POINT ( 'NONE',  ( 63.50000000000000000, 9.106999999999999318, 17.19999999999999929 ) ) ;
#1975 = ORIENTED_EDGE ( 'NONE', *, *, #272, .F. ) ;
#1976 = ORIENTED_EDGE ( 'NONE', *, *, #3509, .F. ) ;
#1977 = DIRECTION ( 'NONE',  ( -1.000000000000000000, -0.000000000000000000, 0.000000000000000000 ) ) ;
#1978 = DIRECTION ( 'NONE',  ( 1.000000000000000000, 0.000000000000000000, 0.000000000000000000 ) ) ;
#1979 = CARTESIAN_POINT ( 'NONE',  ( 50.39218188497116557, -39.81966170673928218, 0.000000000000000000 ) ) ;
#1980 = VERTEX_POINT ( 'NONE', #778 ) ;
#1981 = VERTEX_POINT ( 'NONE', #4072 ) ;
#1982 = LINE ( 'NONE', #2695, #4232 ) ;
#1983 = DIRECTION ( 'NONE',  ( 0.000000000000000000, 0.000000000000000000, -1.000000000000000000 ) ) ;
#1984 = ORIENTED_EDGE ( 'NONE', *, *, #327, .T. ) ;
#1985 = CALENDAR_DATE ( 2026, 13, 9 ) ;
#1986 = PLANE ( 'NONE',  #323 ) ;
#1987 = LINE ( 'NONE', #3438, #242 ) ;
#1988 = VECTOR ( 'NONE', #3575, 1000.000000000000114 ) ;
#1989 = ORIENTED_EDGE ( 'NONE', *, *, #3052, .T. ) ;
#1990 = EDGE_CURVE ( 'NONE', #1544, #4496, #4058, .T. ) ;
#1991 = DIRECTION ( 'NONE',  ( 1.000000000000000000, 0.000000000000000000, 0.000000000000000000 ) ) ;
#1992 = VECTOR ( 'NONE', #487, 1000.000000000000000 ) ;
#1993 = CARTESIAN_POINT ( 'NONE',  ( -13.17700000000000138, -13.35599999999999987, 17.19999999999999929 ) ) ;
#1994 = CARTESIAN_POINT ( 'NONE',  ( 23.20164732653263684, -29.59573157850275393, -1.199999999999999956 ) ) ;
#1995 = AXIS2_PLACEMENT_3D ( 'NONE', #2583, #1505, #2964 ) ;
#1996 = ORIENTED_EDGE ( 'NONE', *, *, #125, .T. ) ;
#1997 = EDGE_LOOP ( 'NONE', ( #4117, #3924, #1272, #4268 ) ) ;
#1998 = AXIS2_PLACEMENT_3D ( 'NONE', #4158, #553, #2723 ) ;
#1999 = CARTESIAN_POINT ( 'NONE',  ( 23.53399999999999892, -29.18499999999999872, 17.19999999999999929 ) ) ;
#2000 = VECTOR ( 'NONE', #3459, 1000.000000000000000 ) ;
#2001 = DIRECTION ( 'NONE',  ( 0.000000000000000000, 0.000000000000000000, 1.000000000000000000 ) ) ;
#2002 = AXIS2_PLACEMENT_3D ( 'NONE', #532, #3418, #3087 ) ;
#2003 = DIRECTION ( 'NONE',  ( 0.000000000000000000, 0.000000000000000000, 1.000000000000000000 ) ) ;
#2004 = ORIENTED_EDGE ( 'NONE', *, *, #1667, .F. ) ;
#2005 = EDGE_CURVE ( 'NONE', #287, #4316, #95, .T. ) ;
#2006 = EDGE_CURVE ( 'NONE', #1220, #3374, #2535, .T. ) ;
#2007 = ORIENTED_EDGE ( 'NONE', *, *, #3992, .T. ) ;
#2008 = DIRECTION ( 'NONE',  ( 1.000000000000000000, 0.000000000000000000, 0.000000000000000000 ) ) ;
#2009 = DIRECTION ( 'NONE',  ( 0.000000000000000000, 0.000000000000000000, 1.000000000000000000 ) ) ;
#2010 = ORIENTED_EDGE ( 'NONE', *, *, #2724, .F. ) ;
#2011 = CARTESIAN_POINT ( 'NONE',  ( 19.41000000000000014, 26.84199999999999875, 7.620000000000000107 ) ) ;
#2012 = DIRECTION ( 'NONE',  ( 0.000000000000000000, 0.000000000000000000, 1.000000000000000000 ) ) ;
#2013 = ORIENTED_EDGE ( 'NONE', *, *, #1560, .T. ) ;
#2014 = CARTESIAN_POINT ( 'NONE',  ( 33.73400000000000176, -29.58299999999999841, 3.450000000000000178 ) ) ;
#2015 = DIRECTION ( 'NONE',  ( 0.000000000000000000, 0.000000000000000000, -1.000000000000000000 ) ) ;
#2016 = LINE ( 'NONE', #1269, #2757 ) ;
#2017 = DIRECTION ( 'NONE',  ( 0.000000000000000000, 0.000000000000000000, 1.000000000000000000 ) ) ;
#2018 = ORIENTED_EDGE ( 'NONE', *, *, #3535, .T. ) ;
#2019 = EDGE_LOOP ( 'NONE', ( #2191, #1951, #982, #4659 ) ) ;
#2020 = LINE ( 'NONE', #4650, #1613 ) ;
#2021 = EDGE_CURVE ( 'NONE', #2066, #477, #3450, .T. ) ;
#2022 = DIRECTION ( 'NONE',  ( 1.000000000000000000, 0.000000000000000000, 0.000000000000000000 ) ) ;
#2023 = CIRCLE ( 'NONE', #3843, 4.099999999999999645 ) ;
#2024 = DIRECTION ( 'NONE',  ( -0.000000000000000000, -0.000000000000000000, -1.000000000000000000 ) ) ;
#2025 = ORIENTED_EDGE ( 'NONE', *, *, #1823, .T. ) ;
#2026 = ORIENTED_EDGE ( 'NONE', *, *, #3221, .T. ) ;
#2027 = DIRECTION ( 'NONE',  ( -0.000000000000000000, -0.000000000000000000, -1.000000000000000000 ) ) ;
#2028 = VECTOR ( 'NONE', #455, 1000.000000000000000 ) ;
#2029 = CARTESIAN_POINT ( 'NONE',  ( 23.20155617993325237, -29.59576932379585656, -1.199999999999999956 ) ) ;
#2030 = EDGE_CURVE ( 'NONE', #4410, #972, #3094, .T. ) ;
#2031 = ADVANCED_FACE ( 'NONE', ( #869 ), #3833, .F. ) ;
#2032 = AXIS2_PLACEMENT_3D ( 'NONE', #3956, #2216, #4318 ) ;
#2033 = VERTEX_POINT ( 'NONE', #3787 ) ;
#2034 = CARTESIAN_POINT ( 'NONE',  ( -18.73700000000000188, -42.05700000000000216, -1.199999999999999956 ) ) ;
#2035 = CARTESIAN_POINT ( 'NONE',  ( 66.00000000000000000, 9.106999999999999318, 0.000000000000000000 ) ) ;
#2036 = DIRECTION ( 'NONE',  ( 1.000000000000000000, 0.000000000000000000, 0.000000000000000000 ) ) ;
#2037 = ORIENTED_EDGE ( 'NONE', *, *, #4511, .F. ) ;
#2038 = CARTESIAN_POINT ( 'NONE',  ( 7.320772429834212502, -39.81968051721861457, 0.000000000000000000 ) ) ;
#2039 = FACE_OUTER_BOUND ( 'NONE', #4417, .T. ) ;
#2040 = CARTESIAN_POINT ( 'NONE',  ( 48.29100000000000392, -13.35599999999999987, 15.19999999999999929 ) ) ;
#2041 = EDGE_LOOP ( 'NONE', ( #3616, #4037, #3577, #4508 ) ) ;
#2042 = ORIENTED_EDGE ( 'NONE', *, *, #128, .F. ) ;
#2043 = DIRECTION ( 'NONE',  ( 0.000000000000000000, 0.000000000000000000, 1.000000000000000000 ) ) ;
#2044 = FACE_BOUND ( 'NONE', #2880, .T. ) ;
#2045 = AXIS2_PLACEMENT_3D ( 'NONE', #3978, #4387, #2263 ) ;
#2046 = FACE_BOUND ( 'NONE', #191, .T. ) ;
#2047 = ORIENTED_EDGE ( 'NONE', *, *, #1371, .F. ) ;
#2048 = AXIS2_PLACEMENT_3D ( 'NONE', #3417, #126, #3800 ) ;
#2049 = ORIENTED_EDGE ( 'NONE', *, *, #15, .F. ) ;
#2050 = DIRECTION ( 'NONE',  ( 1.000000000000000000, -0.000000000000000000, -0.000000000000000000 ) ) ;
#2051 = DIRECTION ( 'NONE',  ( 0.7071067811865474617, -0.7071067811865475727, 0.000000000000000000 ) ) ;
#2052 = AXIS2_PLACEMENT_3D ( 'NONE', #3582, #1412, #1050 ) ;
#2053 = ORIENTED_EDGE ( 'NONE', *, *, #3572, .F. ) ;
#2054 = CARTESIAN_POINT ( 'NONE',  ( 10.13899999999999935, -42.64000000000000767, 17.19999999999999929 ) ) ;
#2055 = EDGE_CURVE ( 'NONE', #3149, #3302, #4238, .T. ) ;
#2056 = ADVANCED_FACE ( 'NONE', ( #521 ), #3140, .F. ) ;
#2057 = CARTESIAN_POINT ( 'NONE',  ( 48.45775000000000432, -41.75625000000000142, -1.199999999999999956 ) ) ;
#2058 = FACE_OUTER_BOUND ( 'NONE', #1876, .T. ) ;
#2059 = ORIENTED_EDGE ( 'NONE', *, *, #2775, .F. ) ;
#2060 = EDGE_CURVE ( 'NONE', #660, #4571, #3809, .T. ) ;
#2061 = ADVANCED_FACE ( 'NONE', ( #586, #4168, #2046, #564, #3495, #205, #3115, #541, #2737, #158, #228, #3451, #1276 ), #1593, .T. ) ;
#2062 = DIRECTION ( 'NONE',  ( -1.000000000000000000, 0.000000000000000000, 0.000000000000000000 ) ) ;
#2063 = DIRECTION ( 'NONE',  ( 1.000000000000000000, 0.000000000000000000, 0.000000000000000000 ) ) ;
#2064 = CARTESIAN_POINT ( 'NONE',  ( 19.41000000000000014, 24.84199999999999875, 7.620000000000000107 ) ) ;
#2065 = ORIENTED_EDGE ( 'NONE', *, *, #1137, .F. ) ;
#2066 = VERTEX_POINT ( 'NONE', #4607 ) ;
#2067 = DIRECTION ( 'NONE',  ( 1.000000000000000000, 0.000000000000000000, 0.000000000000000000 ) ) ;
#2068 = AXIS2_PLACEMENT_3D ( 'NONE', #1771, #3938, #3242 ) ;
#2069 = PLANE ( 'NONE',  #3109 ) ;
#2070 = DIRECTION ( 'NONE',  ( 0.7071067811865474617, 0.7071067811865475727, 0.000000000000000000 ) ) ;
#2071 = CIRCLE ( 'NONE', #1228, 2.500000000000000000 ) ;
#2072 = VERTEX_POINT ( 'NONE', #1327 ) ;
#2073 = AXIS2_PLACEMENT_3D ( 'NONE', #655, #4645, #4597 ) ;
#2074 = ORIENTED_EDGE ( 'NONE', *, *, #740, .F. ) ;
#2075 = CARTESIAN_POINT ( 'NONE',  ( 63.97474880521637886, 7.641272331561034470, 14.90000000000000036 ) ) ;
#2076 = CARTESIAN_POINT ( 'NONE',  ( -3.468999999999999861, 1.614000000000000101, 17.19999999999999929 ) ) ;
#2077 = ADVANCED_FACE ( 'NONE', ( #4191 ), #1616, .T. ) ;
#2078 = VECTOR ( 'NONE', #4641, 1000.000000000000000 ) ;
#2079 = EDGE_CURVE ( 'NONE', #2385, #3553, #93, .T. ) ;
#2080 = ORIENTED_EDGE ( 'NONE', *, *, #6, .T. ) ;
#2081 = ORIENTED_EDGE ( 'NONE', *, *, #3944, .T. ) ;
#2082 = CARTESIAN_POINT ( 'NONE',  ( 68.50000000000000000, 9.106999999999999318, 0.000000000000000000 ) ) ;
#2083 = CARTESIAN_POINT ( 'NONE',  ( 13.77849005614820044, -36.17250985946594000, 15.19999999999999929 ) ) ;
#2084 = CARTESIAN_POINT ( 'NONE',  ( 23.20100000000000051, -27.83299999999999841, 0.000000000000000000 ) ) ;
#2085 = VECTOR ( 'NONE', #1419, 1000.000000000000000 ) ;
#2086 = ORIENTED_EDGE ( 'NONE', *, *, #467, .F. ) ;
#2087 = CARTESIAN_POINT ( 'NONE',  ( -18.73700000000000188, -41.80700000000000216, 15.19999999999999929 ) ) ;
#2088 = CARTESIAN_POINT ( 'NONE',  ( 42.52076537073094897, -37.58676537073095147, 17.19999999999999929 ) ) ;
#2089 = ADVANCED_FACE ( 'NONE', ( #1661 ), #1684, .T. ) ;
#2090 = EDGE_CURVE ( 'NONE', #3559, #3069, #2692, .T. ) ;
#2091 = CARTESIAN_POINT ( 'NONE',  ( 7.320772429834212502, -39.81968051721861457, -1.199999999999999956 ) ) ;
#2092 = ORIENTED_EDGE ( 'NONE', *, *, #2006, .F. ) ;
#2093 = VERTEX_POINT ( 'NONE', #2139 ) ;
#2094 = LINE ( 'NONE', #3541, #1340 ) ;
#2095 = CARTESIAN_POINT ( 'NONE',  ( 66.00000000000000000, 9.106999999999999318, 9.900000000000000355 ) ) ;
#2096 = LINE ( 'NONE', #3521, #3913 ) ;
#2097 = ORIENTED_EDGE ( 'NONE', *, *, #1117, .T. ) ;
#2098 = ORIENTED_EDGE ( 'NONE', *, *, #4474, .T. ) ;
#2099 = CARTESIAN_POINT ( 'NONE',  ( 9.255250000000000199, -41.75625000000000142, 0.000000000000000000 ) ) ;
#2100 = DIRECTION ( 'NONE',  ( 0.000000000000000000, 0.000000000000000000, -1.000000000000000000 ) ) ;
#2101 = VECTOR ( 'NONE', #372, 1000.000000000000000 ) ;
#2102 = VERTEX_POINT ( 'NONE', #2119 ) ;
#2103 = VECTOR ( 'NONE', #4323, 1000.000000000000000 ) ;
#2104 = EDGE_LOOP ( 'NONE', ( #1042, #1538, #1084, #2670 ) ) ;
#2105 = CARTESIAN_POINT ( 'NONE',  ( 12.15499999999999936, -29.18499999999999872, 17.19999999999999929 ) ) ;
#2106 = CARTESIAN_POINT ( 'NONE',  ( 23.20164732653263684, -29.59573157850275393, 0.000000000000000000 ) ) ;
#2107 = VECTOR ( 'NONE', #3838, 1000.000000000000000 ) ;
#2108 = CARTESIAN_POINT ( 'NONE',  ( 50.39300000000000068, -43.80700000000000216, 17.19999999999999929 ) ) ;
#2109 = ORIENTED_EDGE ( 'NONE', *, *, #2343, .T. ) ;
#2110 = DIRECTION ( 'NONE',  ( -0.000000000000000000, -0.000000000000000000, -1.000000000000000000 ) ) ;
#2111 = FACE_OUTER_BOUND ( 'NONE', #4465, .T. ) ;
#2112 = DIRECTION ( 'NONE',  ( -0.000000000000000000, -0.000000000000000000, -1.000000000000000000 ) ) ;
#2113 = ORIENTED_EDGE ( 'NONE', *, *, #299, .T. ) ;
#2114 = CARTESIAN_POINT ( 'NONE',  ( 40.51699999999999591, -35.58299999999999841, 7.500000000000000000 ) ) ;
#2115 = FACE_OUTER_BOUND ( 'NONE', #1194, .T. ) ;
#2116 = EDGE_CURVE ( 'NONE', #3503, #330, #1466, .T. ) ;
#2117 = EDGE_CURVE ( 'NONE', #4192, #287, #985, .T. ) ;
#2118 = FACE_BOUND ( 'NONE', #2794, .T. ) ;
#2119 = CARTESIAN_POINT ( 'NONE',  ( 62.74699999999999989, 12.09699999999999953, 17.19999999999999929 ) ) ;
#2120 = ORIENTED_EDGE ( 'NONE', *, *, #2580, .F. ) ;
#2121 = ORIENTED_EDGE ( 'NONE', *, *, #278, .T. ) ;
#2122 = FACE_OUTER_BOUND ( 'NONE', #3213, .T. ) ;
#2123 = VECTOR ( 'NONE', #1903, 1000.000000000000000 ) ;
#2124 = DIRECTION ( 'NONE',  ( -1.000000000000000000, 0.000000000000000000, 0.000000000000000000 ) ) ;
#2125 = AXIS2_PLACEMENT_3D ( 'NONE', #1829, #3682, #326 ) ;
#2126 = VERTEX_POINT ( 'NONE', #3546 ) ;
#2127 = CARTESIAN_POINT ( 'NONE',  ( 10.13899999999999935, -42.64000000000000767, 0.000000000000000000 ) ) ;
#2128 = FACE_OUTER_BOUND ( 'NONE', #454, .T. ) ;
#2129 = AXIS2_PLACEMENT_3D ( 'NONE', #4207, #3870, #2824 ) ;
#2130 = LINE ( 'NONE', #4252, #2530 ) ;
#2131 = ORIENTED_EDGE ( 'NONE', *, *, #1618, .T. ) ;
#2132 = CARTESIAN_POINT ( 'NONE',  ( 35.75825000000000387, -28.34975000000000023, 0.000000000000000000 ) ) ;
#2133 = CARTESIAN_POINT ( 'NONE',  ( 15.20100000000000051, -37.58299999999999841, 17.19999999999999929 ) ) ;
#2134 = CARTESIAN_POINT ( 'NONE',  ( 65.70999999999999375, -35.72299999999999898, 17.19999999999999929 ) ) ;
#2135 = ORIENTED_EDGE ( 'NONE', *, *, #763, .F. ) ;
#2136 = ADVANCED_FACE ( 'NONE', ( #303 ), #2450, .T. ) ;
#2137 = ORIENTED_EDGE ( 'NONE', *, *, #4365, .T. ) ;
#2138 = FACE_BOUND ( 'NONE', #1595, .T. ) ;
#2139 = CARTESIAN_POINT ( 'NONE',  ( 50.39300000000000068, -42.55700000000000216, -1.199999999999999956 ) ) ;
#2140 = VERTEX_POINT ( 'NONE', #2427 ) ;
#2141 = AXIS2_PLACEMENT_3D ( 'NONE', #4444, #2598, #67 ) ;
#2142 = EDGE_LOOP ( 'NONE', ( #810, #2970, #4726, #378 ) ) ;
#2143 = CYLINDRICAL_SURFACE ( 'NONE', #4009, 3.987187573048923905 ) ;
#2144 = CYLINDRICAL_SURFACE ( 'NONE', #1198, 2.500000000000000444 ) ;
#2145 = AXIS2_PLACEMENT_3D ( 'NONE', #4452, #2537, #809 ) ;
#2146 = EDGE_CURVE ( 'NONE', #3374, #1220, #631, .T. ) ;
#2147 = EDGE_CURVE ( 'NONE', #1877, #2499, #3232, .T. ) ;
#2148 = VECTOR ( 'NONE', #3848, 1000.000000000000000 ) ;
#2149 = ORIENTED_EDGE ( 'NONE', *, *, #539, .T. ) ;
#2150 = DIRECTION ( 'NONE',  ( -1.000000000000000000, 0.000000000000000000, -0.000000000000000000 ) ) ;
#2151 = AXIS2_PLACEMENT_3D ( 'NONE', #3962, #1430, #691 ) ;
#2152 = DIRECTION ( 'NONE',  ( -0.1744207395498071911, -0.9846712170135260012, 0.000000000000000000 ) ) ;
#2153 = AXIS2_PLACEMENT_3D ( 'NONE', #2771, #4706, #620 ) ;
#2154 = CARTESIAN_POINT ( 'NONE',  ( -7.635000000000000675, 25.59199999999999875, 0.000000000000000000 ) ) ;
#2155 = VERTEX_POINT ( 'NONE', #4338 ) ;
#2156 = FACE_OUTER_BOUND ( 'NONE', #3200, .T. ) ;
#2157 = VECTOR ( 'NONE', #2383, 1000.000000000000000 ) ;
#2158 = LINE ( 'NONE', #1801, #2983 ) ;
#2159 = DIRECTION ( 'NONE',  ( -0.000000000000000000, -0.000000000000000000, -1.000000000000000000 ) ) ;
#2160 = ORIENTED_EDGE ( 'NONE', *, *, #2404, .T. ) ;
#2161 = DIRECTION ( 'NONE',  ( 1.000000000000000000, 0.000000000000000000, 0.000000000000000000 ) ) ;
#2162 = ADVANCED_FACE ( 'NONE', ( #1399 ), #3904, .F. ) ;
#2163 = AXIS2_PLACEMENT_3D ( 'NONE', #799, #938, #2337 ) ;
#2164 = CARTESIAN_POINT ( 'NONE',  ( -7.635024826596096048, 22.85497918262948502, 17.19999999999999929 ) ) ;
#2165 = DIRECTION ( 'NONE',  ( 0.000000000000000000, 0.000000000000000000, 1.000000000000000000 ) ) ;
#2166 = EDGE_CURVE ( 'NONE', #2215, #1448, #1757, .T. ) ;
#2167 = ORIENTED_EDGE ( 'NONE', *, *, #1057, .T. ) ;
#2168 = VERTEX_POINT ( 'NONE', #3952 ) ;
#2169 = DIRECTION ( 'NONE',  ( 1.000000000000000000, 0.000000000000000000, -0.000000000000000000 ) ) ;
#2170 = DIRECTION ( 'NONE',  ( -1.000000000000000000, 0.000000000000000000, 0.000000000000000000 ) ) ;
#2171 = LINE ( 'NONE', #2416, #2759 ) ;
#2172 = EDGE_CURVE ( 'NONE', #4410, #4271, #4606, .T. ) ;
#2173 = EDGE_LOOP ( 'NONE', ( #682, #800, #1743, #977 ) ) ;
#2174 = DIRECTION ( 'NONE',  ( 0.000000000000000000, 0.000000000000000000, 1.000000000000000000 ) ) ;
#2175 = AXIS2_PLACEMENT_3D ( 'NONE', #4380, #393, #1848 ) ;
#2176 = CARTESIAN_POINT ( 'NONE',  ( 35.93500000000000227, -28.17300000000000182, 15.19999999999999929 ) ) ;
#2177 = ADVANCED_FACE ( 'NONE', ( #703 ), #3211, .F. ) ;
#2178 = EDGE_CURVE ( 'NONE', #132, #4608, #411, .T. ) ;
#2179 = AXIS2_PLACEMENT_3D ( 'NONE', #3865, #4273, #1022 ) ;
#2180 = VERTEX_POINT ( 'NONE', #3612 ) ;
#2181 = AXIS2_PLACEMENT_3D ( 'NONE', #3790, #113, #3407 ) ;
#2182 = CYLINDRICAL_SURFACE ( 'NONE', #825, 2.736864328693513038 ) ;
#2183 = DIRECTION ( 'NONE',  ( 0.000000000000000000, 0.000000000000000000, 1.000000000000000000 ) ) ;
#2184 = DIRECTION ( 'NONE',  ( 0.000000000000000000, 0.000000000000000000, 1.000000000000000000 ) ) ;
#2185 = AXIS2_PLACEMENT_3D ( 'NONE', #983, #1635, #1732 ) ;
#2186 = ORIENTED_EDGE ( 'NONE', *, *, #2520, .T. ) ;
#2187 = PLANE ( 'NONE',  #1792 ) ;
#2188 = DIRECTION ( 'NONE',  ( 0.000000000000000000, -1.000000000000000000, 0.000000000000000000 ) ) ;
#2189 = LINE ( 'NONE', #3344, #256 ) ;
#2190 = EDGE_LOOP ( 'NONE', ( #311, #3117, #347, #3004 ) ) ;
#2191 = ORIENTED_EDGE ( 'NONE', *, *, #1702, .F. ) ;
#2192 = CARTESIAN_POINT ( 'NONE',  ( -2.427000000000000046, -13.35599999999999987, 17.19999999999999929 ) ) ;
#2193 = CARTESIAN_POINT ( 'NONE',  ( -10.32975000000000065, 23.33250000000000313, 0.000000000000000000 ) ) ;
#2194 = FACE_OUTER_BOUND ( 'NONE', #4593, .T. ) ;
#2195 = AXIS2_PLACEMENT_3D ( 'NONE', #3403, #2312, #2022 ) ;
#2196 = EDGE_LOOP ( 'NONE', ( #259, #4725, #2563, #2813, #2949, #2026, #4638, #2405, #1768, #180, #2943, #723, #1316, #4147, #2362, #3045, #2344 ) ) ;
#2197 = DIRECTION ( 'NONE',  ( 1.000000000000000000, 0.000000000000000000, 0.000000000000000000 ) ) ;
#2198 = DIRECTION ( 'NONE',  ( 1.000000000000000000, 0.000000000000000000, 0.000000000000000000 ) ) ;
#2199 = AXIS2_PLACEMENT_3D ( 'NONE', #4455, #1173, #1991 ) ;
#2200 = ADVANCED_FACE ( 'NONE', ( #351 ), #3256, .F. ) ;
#2201 = ORIENTED_EDGE ( 'NONE', *, *, #856, .F. ) ;
#2202 = CIRCLE ( 'NONE', #3872, 1.986770457171336046 ) ;
#2203 = CARTESIAN_POINT ( 'NONE',  ( -18.73700000000000188, -41.80700000000000216, 15.19999999999999929 ) ) ;
#2204 = CARTESIAN_POINT ( 'NONE',  ( 19.41000000000000014, 22.84199999999999875, 7.620000000000000107 ) ) ;
#2205 = APPROVAL_PERSON_ORGANIZATION ( #3749, #179, #435 ) ;
#2206 = DIRECTION ( 'NONE',  ( 0.000000000000000000, 0.000000000000000000, -1.000000000000000000 ) ) ;
#2207 = EDGE_CURVE ( 'NONE', #3829, #2630, #609, .T. ) ;
#2208 = EDGE_CURVE ( 'NONE', #4271, #371, #2096, .T. ) ;
#2209 = EDGE_LOOP ( 'NONE', ( #2915, #3912, #1894, #1014 ) ) ;
#2210 = DIRECTION ( 'NONE',  ( 1.000000000000000000, 0.000000000000000000, 0.000000000000000000 ) ) ;
#2211 = PLANE ( 'NONE',  #1206 ) ;
#2212 = DIRECTION ( 'NONE',  ( 0.000000000000000000, 0.000000000000000000, 1.000000000000000000 ) ) ;
#2213 = ORIENTED_EDGE ( 'NONE', *, *, #4486, .F. ) ;
#2214 = EDGE_LOOP ( 'NONE', ( #675, #3257, #3491, #1421 ) ) ;
#2215 = VERTEX_POINT ( 'NONE', #1712 ) ;
#2216 = DIRECTION ( 'NONE',  ( 0.000000000000000000, 0.000000000000000000, 1.000000000000000000 ) ) ;
#2217 = DIRECTION ( 'NONE',  ( -0.000000000000000000, 1.000000000000000000, 0.000000000000000000 ) ) ;
#2218 = CARTESIAN_POINT ( 'NONE',  ( 8.725000000000001421, -41.22599999999999909, 15.19999999999999929 ) ) ;
#2219 = VECTOR ( 'NONE', #285, 1000.000000000000000 ) ;
#2220 = ORIENTED_EDGE ( 'NONE', *, *, #4470, .F. ) ;
#2221 = LINE ( 'NONE', #1837, #4228 ) ;
#2222 = EDGE_CURVE ( 'NONE', #1161, #2721, #3166, .T. ) ;
#2223 = CARTESIAN_POINT ( 'NONE',  ( 50.39231887641678753, -39.81971817910011424, -1.199999999999999956 ) ) ;
#2224 = AXIS2_PLACEMENT_3D ( 'NONE', #3679, #437, #1170 ) ;
#2225 = ADVANCED_FACE ( 'NONE', ( #4266 ), #2810, .T. ) ;
#2226 = ORIENTED_EDGE ( 'NONE', *, *, #623, .T. ) ;
#2227 = AXIS2_PLACEMENT_3D ( 'NONE', #3920, #4694, #1704 ) ;
#2228 = CARTESIAN_POINT ( 'NONE',  ( 8.725000000000001421, -41.22599999999999909, 0.000000000000000000 ) ) ;
#2229 = VECTOR ( 'NONE', #908, 1000.000000000000000 ) ;
#2230 = CARTESIAN_POINT ( 'NONE',  ( -18.73700000000000188, -43.80700000000000216, 0.000000000000000000 ) ) ;
#2231 = CARTESIAN_POINT ( 'NONE',  ( 0.6779999999999998250, -37.37500000000000000, 17.19999999999999929 ) ) ;
#2232 = ORIENTED_EDGE ( 'NONE', *, *, #2465, .T. ) ;
#2233 = DIRECTION ( 'NONE',  ( 1.000000000000000000, 0.000000000000000000, 0.000000000000000000 ) ) ;
#2234 = CARTESIAN_POINT ( 'NONE',  ( 64.45000000000000284, 25.59199999999999875, -1.199999999999999956 ) ) ;
#2235 = EDGE_CURVE ( 'NONE', #1713, #4357, #1087, .T. ) ;
#2236 = ADVANCED_FACE ( 'NONE', ( #1153 ), #2634, .F. ) ;
#2237 = CARTESIAN_POINT ( 'NONE',  ( -18.73683383871488317, -39.82019825501802046, 0.000000000000000000 ) ) ;
#2238 = AXIS2_PLACEMENT_3D ( 'NONE', #2035, #1337, #2526 ) ;
#2239 = EDGE_LOOP ( 'NONE', ( #36, #34, #2418, #1297 ) ) ;
#2240 = VERTEX_POINT ( 'NONE', #3660 ) ;
#2241 = EDGE_LOOP ( 'NONE', ( #298, #2533, #4031, #2098 ) ) ;
#2242 = CARTESIAN_POINT ( 'NONE',  ( 42.51167540683047719, -37.59585533463142326, 17.19999999999999929 ) ) ;
#2243 = DIRECTION ( 'NONE',  ( 1.000000000000000000, 0.000000000000000000, -0.000000000000000000 ) ) ;
#2244 = DIRECTION ( 'NONE',  ( 1.000000000000000000, 0.000000000000000000, 0.000000000000000000 ) ) ;
#2245 = ORIENTED_EDGE ( 'NONE', *, *, #1078, .T. ) ;
#2246 = DIRECTION ( 'NONE',  ( 0.000000000000000000, 0.000000000000000000, 1.000000000000000000 ) ) ;
#2247 = DIRECTION ( 'NONE',  ( 0.000000000000000000, 0.000000000000000000, 1.000000000000000000 ) ) ;
#2248 = ORIENTED_EDGE ( 'NONE', *, *, #4174, .F. ) ;
#2249 = AXIS2_PLACEMENT_3D ( 'NONE', #701, #1780, #3969 ) ;
#2250 = DIRECTION ( 'NONE',  ( 1.000000000000000000, 0.000000000000000000, 0.000000000000000000 ) ) ;
#2251 = LINE ( 'NONE', #73, #4520 ) ;
#2252 = EDGE_LOOP ( 'NONE', ( #494, #3670, #1107, #2933 ) ) ;
#2253 = DIRECTION ( 'NONE',  ( -1.000000000000000000, -0.000000000000000000, -0.000000000000000000 ) ) ;
#2254 = DIRECTION ( 'NONE',  ( 0.000000000000000000, -1.000000000000000000, 0.000000000000000000 ) ) ;
#2255 = CARTESIAN_POINT ( 'NONE',  ( -18.73680764369801466, -39.82022954201941900, 15.19999999999999929 ) ) ;
#2256 = CIRCLE ( 'NONE', #3471, 10.74999999999999645 ) ;
#2257 = EDGE_LOOP ( 'NONE', ( #169, #3381, #2317, #3181 ) ) ;
#2258 = EDGE_LOOP ( 'NONE', ( #4260, #2858, #4523, #2047 ) ) ;
#2259 = EDGE_CURVE ( 'NONE', #4316, #287, #2923, .T. ) ;
#2260 = EDGE_CURVE ( 'NONE', #2859, #3661, #3704, .T. ) ;
#2261 = EDGE_LOOP ( 'NONE', ( #2636, #4477, #2786, #4492 ) ) ;
#2262 = DIRECTION ( 'NONE',  ( -0.000000000000000000, -0.000000000000000000, -1.000000000000000000 ) ) ;
#2263 = DIRECTION ( 'NONE',  ( 1.000000000000000000, 0.000000000000000000, -0.000000000000000000 ) ) ;
#2264 = DIRECTION ( 'NONE',  ( 0.000000000000000000, 0.000000000000000000, -1.000000000000000000 ) ) ;
#2265 = ORIENTED_EDGE ( 'NONE', *, *, #125, .F. ) ;
#2266 = ORIENTED_EDGE ( 'NONE', *, *, #235, .F. ) ;
#2267 = FACE_OUTER_BOUND ( 'NONE', #4713, .T. ) ;
#2268 = FACE_BOUND ( 'NONE', #3696, .T. ) ;
#2269 = ORIENTED_EDGE ( 'NONE', *, *, #3768, .F. ) ;
#2270 = AXIS2_PLACEMENT_3D ( 'NONE', #3026, #302, #1658 ) ;
#2271 = APPLICATION_PROTOCOL_DEFINITION ( 'international standard', 'config_control_design', 1994, #2825 ) ;
#2272 = DIRECTION ( 'NONE',  ( 1.000000000000000000, 0.000000000000000000, 0.000000000000000000 ) ) ;
#2273 = DIRECTION ( 'NONE',  ( 0.9846712170135260012, -0.1744207395498071356, 0.000000000000000000 ) ) ;
#2274 = CIRCLE ( 'NONE', #2125, 2.737281905642600321 ) ;
#2275 = ORIENTED_EDGE ( 'NONE', *, *, #2980, .T. ) ;
#2276 = LINE ( 'NONE', #3725, #720 ) ;
#2277 = CARTESIAN_POINT ( 'NONE',  ( 42.51200000000000045, -37.58299999999999841, 17.19999999999999929 ) ) ;
#2278 = AXIS2_PLACEMENT_3D ( 'NONE', #2203, #1120, #3941 ) ;
#2279 = DIRECTION ( 'NONE',  ( 1.000000000000000000, 0.000000000000000000, 0.000000000000000000 ) ) ;
#2280 = CYLINDRICAL_SURFACE ( 'NONE', #3076, 2.737356642794202877 ) ;
#2281 = EDGE_CURVE ( 'NONE', #1367, #2621, #1860, .T. ) ;
#2282 = ORIENTED_EDGE ( 'NONE', *, *, #1812, .T. ) ;
#2283 = EDGE_LOOP ( 'NONE', ( #44, #3884, #3633, #3502, #4626, #1411 ) ) ;
#2284 = ORIENTED_EDGE ( 'NONE', *, *, #458, .T. ) ;
#2285 = CARTESIAN_POINT ( 'NONE',  ( 59.35300000000000153, 11.77399999999999913, 9.900000000000000355 ) ) ;
#2286 = CARTESIAN_POINT ( 'NONE',  ( 34.51144382006675926, -29.59576932379582459, -1.199999999999999956 ) ) ;
#2287 = DIRECTION ( 'NONE',  ( -0.000000000000000000, -0.000000000000000000, -1.000000000000000000 ) ) ;
#2288 = ORIENTED_EDGE ( 'NONE', *, *, #1371, .T. ) ;
#2289 = ORIENTED_EDGE ( 'NONE', *, *, #3147, .F. ) ;
#2290 = CARTESIAN_POINT ( 'NONE',  ( 64.44972621737014151, 22.85522956169267772, 15.19999999999999929 ) ) ;
#2291 = CARTESIAN_POINT ( 'NONE',  ( 50.39222757016578669, -39.81968051721862878, -1.199999999999999956 ) ) ;
#2292 = EDGE_CURVE ( 'NONE', #2820, #4286, #443, .T. ) ;
#2293 = EDGE_CURVE ( 'NONE', #28, #3859, #4382, .T. ) ;
#2294 = EDGE_LOOP ( 'NONE', ( #4067, #2301, #1033, #1285 ) ) ;
#2295 = VECTOR ( 'NONE', #1938, 1000.000000000000000 ) ;
#2296 = PERSON_AND_ORGANIZATION ( #1133, #4263 ) ;
#2297 = DIRECTION ( 'NONE',  ( 0.000000000000000000, 0.000000000000000000, -1.000000000000000000 ) ) ;
#2298 = VECTOR ( 'NONE', #4598, 1000.000000000000000 ) ;
#2299 = CARTESIAN_POINT ( 'NONE',  ( 7.320000000000001172, -42.05700000000000216, -1.199999999999999956 ) ) ;
#2300 = AXIS2_PLACEMENT_3D ( 'NONE', #960, #606, #2067 ) ;
#2301 = ORIENTED_EDGE ( 'NONE', *, *, #1617, .F. ) ;
#2302 = DIRECTION ( 'NONE',  ( 0.000000000000000000, 0.000000000000000000, -1.000000000000000000 ) ) ;
#2303 = CIRCLE ( 'NONE', #999, 1.762731697361359595 ) ;
#2304 = CARTESIAN_POINT ( 'NONE',  ( 12.15499999999999936, -29.18499999999999872, 0.000000000000000000 ) ) ;
#2305 = VECTOR ( 'NONE', #3387, 1000.000000000000114 ) ;
#2306 = CARTESIAN_POINT ( 'NONE',  ( 15.20100000000000051, -35.58299999999999841, 15.19999999999999929 ) ) ;
#2307 = DIRECTION ( 'NONE',  ( 0.000000000000000000, 0.000000000000000000, 1.000000000000000000 ) ) ;
#2308 = EDGE_CURVE ( 'NONE', #2309, #4084, #2189, .T. ) ;
#2309 = VERTEX_POINT ( 'NONE', #726 ) ;
#2310 = ORIENTED_EDGE ( 'NONE', *, *, #2005, .T. ) ;
#2311 = CARTESIAN_POINT ( 'NONE',  ( 34.51200000000000045, -27.83299999999999841, 0.000000000000000000 ) ) ;
#2312 = DIRECTION ( 'NONE',  ( 0.000000000000000000, 0.000000000000000000, 1.000000000000000000 ) ) ;
#2313 = VECTOR ( 'NONE', #4558, 1000.000000000000000 ) ;
#2314 = CARTESIAN_POINT ( 'NONE',  ( -18.73680764369801466, -39.82022954201941900, 15.19999999999999929 ) ) ;
#2315 = ADVANCED_FACE ( 'NONE', ( #791 ), #1925, .T. ) ;
#2316 = VERTEX_POINT ( 'NONE', #4041 ) ;
#2317 = ORIENTED_EDGE ( 'NONE', *, *, #1440, .T. ) ;
#2318 = CARTESIAN_POINT ( 'NONE',  ( 64.45000000000000284, 25.09199999999999875, 0.000000000000000000 ) ) ;
#2319 = AXIS2_PLACEMENT_3D ( 'NONE', #3728, #3300, #419 ) ;
#2320 = CARTESIAN_POINT ( 'NONE',  ( -13.85987517319368933, 10.57197788867645016, 1.000000000000000000 ) ) ;
#2321 = ORIENTED_EDGE ( 'NONE', *, *, #69, .T. ) ;
#2322 = ADVANCED_FACE ( 'NONE', ( #1561 ), #2280, .T. ) ;
#2323 = EDGE_CURVE ( 'NONE', #3573, #4099, #771, .T. ) ;
#2324 = DATE_AND_TIME ( #2345, #144 ) ;
#2325 = CARTESIAN_POINT ( 'NONE',  ( 23.20100000000000051, -27.83299999999999841, -1.199999999999999956 ) ) ;
#2326 = CARTESIAN_POINT ( 'NONE',  ( -7.634726217370140233, 22.85522956169267772, 15.19999999999999929 ) ) ;
#2327 = ORIENTED_EDGE ( 'NONE', *, *, #1056, .F. ) ;
#2328 = CARTESIAN_POINT ( 'NONE',  ( -20.72357811099043090, -39.82022954201941900, 0.000000000000000000 ) ) ;
#2329 = FACE_OUTER_BOUND ( 'NONE', #3760, .T. ) ;
#2330 = DIRECTION ( 'NONE',  ( 0.000000000000000000, 0.000000000000000000, 1.000000000000000000 ) ) ;
#2331 = AXIS2_PLACEMENT_3D ( 'NONE', #2505, #2575, #4052 ) ;
#2332 = ORIENTED_EDGE ( 'NONE', *, *, #823, .F. ) ;
#2333 = ORIENTED_EDGE ( 'NONE', *, *, #3776, .T. ) ;
#2334 = DIRECTION ( 'NONE',  ( 1.000000000000000000, 0.000000000000000000, 0.000000000000000000 ) ) ;
#2335 = FACE_OUTER_BOUND ( 'NONE', #4142, .T. ) ;
#2336 = AXIS2_PLACEMENT_3D ( 'NONE', #187, #524, #1236 ) ;
#2337 = DIRECTION ( 'NONE',  ( 1.000000000000000000, 0.000000000000000000, 0.000000000000000000 ) ) ;
#2338 = ORIENTED_EDGE ( 'NONE', *, *, #1458, .T. ) ;
#2339 = VECTOR ( 'NONE', #1565, 1000.000000000000000 ) ;
#2340 = ORIENTED_EDGE ( 'NONE', *, *, #2959, .T. ) ;
#2341 = FACE_OUTER_BOUND ( 'NONE', #1380, .T. ) ;
#2342 = DIRECTION ( 'NONE',  ( 0.000000000000000000, 0.000000000000000000, 1.000000000000000000 ) ) ;
#2343 = EDGE_CURVE ( 'NONE', #4358, #1981, #4140, .T. ) ;
#2344 = ORIENTED_EDGE ( 'NONE', *, *, #3046, .T. ) ;
#2345 = CALENDAR_DATE ( 2026, 13, 9 ) ;
#2346 = DIRECTION ( 'NONE',  ( -1.000000000000000000, -0.000000000000000000, 0.000000000000000000 ) ) ;
#2347 = CYLINDRICAL_SURFACE ( 'NONE', #3128, 1.986770457171336046 ) ;
#2348 = ORIENTED_EDGE ( 'NONE', *, *, #3544, .F. ) ;
#2349 = VECTOR ( 'NONE', #2359, 1000.000000000000000 ) ;
#2350 = DIRECTION ( 'NONE',  ( 0.000000000000000000, 0.000000000000000000, 1.000000000000000000 ) ) ;
#2351 = DIRECTION ( 'NONE',  ( 1.000000000000000000, 0.000000000000000000, 0.000000000000000000 ) ) ;
#2352 = ADVANCED_FACE ( 'NONE', ( #78 ), #1898, .T. ) ;
#2353 = ADVANCED_FACE ( 'NONE', ( #1830 ), #4456, .F. ) ;
#2354 = VECTOR ( 'NONE', #1557, 1000.000000000000000 ) ;
#2355 = CARTESIAN_POINT ( 'NONE',  ( 69.12439704826486775, 7.856999999999999318, 4.999999999999999112 ) ) ;
#2356 = ORIENTED_EDGE ( 'NONE', *, *, #1489, .F. ) ;
#2357 = VERTEX_POINT ( 'NONE', #3321 ) ;
#2358 = DIRECTION ( 'NONE',  ( 0.000000000000000000, 0.000000000000000000, -1.000000000000000000 ) ) ;
#2359 = DIRECTION ( 'NONE',  ( 0.000000000000000000, 0.000000000000000000, -1.000000000000000000 ) ) ;
#2360 = DIRECTION ( 'NONE',  ( 0.000000000000000000, 0.000000000000000000, 1.000000000000000000 ) ) ;
#2361 = EDGE_LOOP ( 'NONE', ( #3784, #4526, #2836, #522 ) ) ;
#2362 = ORIENTED_EDGE ( 'NONE', *, *, #148, .T. ) ;
#2363 = DIRECTION ( 'NONE',  ( -1.000000000000000000, 0.000000000000000000, 0.000000000000000000 ) ) ;
#2364 = CARTESIAN_POINT ( 'NONE',  ( 38.21000000000000085, 26.84199999999999875, 7.620000000000000107 ) ) ;
#2365 = ORIENTED_EDGE ( 'NONE', *, *, #3763, .T. ) ;
#2366 = CARTESIAN_POINT ( 'NONE',  ( 77.75525000000001796, -39.42949999999999733, 0.000000000000000000 ) ) ;
#2367 = DIRECTION ( 'NONE',  ( 1.000000000000000000, 0.000000000000000000, 0.000000000000000000 ) ) ;
#2368 = AXIS2_PLACEMENT_3D ( 'NONE', #4662, #2247, #2198 ) ;
#2369 = ORIENTED_EDGE ( 'NONE', *, *, #3494, .F. ) ;
#2370 = CARTESIAN_POINT ( 'NONE',  ( 23.20100000000000051, -29.58299999999999841, 0.000000000000000000 ) ) ;
#2371 = CARTESIAN_POINT ( 'NONE',  ( 34.51167540683048429, -29.59585533463141260, 17.19999999999999929 ) ) ;
#2372 = VECTOR ( 'NONE', #492, 1000.000000000000000 ) ;
#2373 = CARTESIAN_POINT ( 'NONE',  ( 35.75825000000000387, -28.34975000000000023, 0.000000000000000000 ) ) ;
#2374 = PLANE ( 'NONE',  #4282 ) ;
#2375 = ORIENTED_EDGE ( 'NONE', *, *, #3544, .T. ) ;
#2376 = ORIENTED_EDGE ( 'NONE', *, *, #4451, .F. ) ;
#2377 = AXIS2_PLACEMENT_3D ( 'NONE', #3244, #4712, #341 ) ;
#2378 = CARTESIAN_POINT ( 'NONE',  ( 46.95300000000000296, -35.72299999999999898, 17.19999999999999929 ) ) ;
#2379 = EDGE_CURVE ( 'NONE', #1523, #3868, #3277, .T. ) ;
#2380 = EDGE_CURVE ( 'NONE', #865, #3361, #3021, .T. ) ;
#2381 = CIRCLE ( 'NONE', #699, 2.500000000000000000 ) ;
#2382 = CYLINDRICAL_SURFACE ( 'NONE', #2195, 2.736864328693550341 ) ;
#2383 = DIRECTION ( 'NONE',  ( 1.000000000000000000, 0.000000000000000000, 0.000000000000000000 ) ) ;
#2384 = EDGE_LOOP ( 'NONE', ( #251, #4197, #971, #3788 ) ) ;
#2385 = VERTEX_POINT ( 'NONE', #8 ) ;
#2386 = CARTESIAN_POINT ( 'NONE',  ( 51.05300000000000438, -35.72299999999999898, 15.19999999999999929 ) ) ;
#2387 = CARTESIAN_POINT ( 'NONE',  ( 73.90999999999999659, -35.72299999999999898, 17.19999999999999929 ) ) ;
#2388 = VECTOR ( 'NONE', #2264, 1000.000000000000000 ) ;
#2389 = ORIENTED_EDGE ( 'NONE', *, *, #3481, .T. ) ;
#2390 = CARTESIAN_POINT ( 'NONE',  ( 8.323000000000000398, -13.35599999999999810, 15.19999999999999929 ) ) ;
#2391 = DIRECTION ( 'NONE',  ( -1.000000000000000000, 0.000000000000000000, 0.000000000000000000 ) ) ;
#2392 = DIRECTION ( 'NONE',  ( -0.000000000000000000, -0.000000000000000000, -1.000000000000000000 ) ) ;
#2393 = VERTEX_POINT ( 'NONE', #4506 ) ;
#2394 = DIRECTION ( 'NONE',  ( -1.000000000000000000, 0.000000000000000000, 0.000000000000000000 ) ) ;
#2395 = CARTESIAN_POINT ( 'NONE',  ( -15.18900000000000006, -35.72299999999999898, 17.19999999999999929 ) ) ;
#2396 = DIRECTION ( 'NONE',  ( 1.000000000000000000, 0.000000000000000000, -0.000000000000000000 ) ) ;
#2397 = ORIENTED_EDGE ( 'NONE', *, *, #4240, .F. ) ;
#2398 = ORIENTED_EDGE ( 'NONE', *, *, #4422, .T. ) ;
#2399 = DIRECTION ( 'NONE',  ( 0.000000000000000000, 0.000000000000000000, 1.000000000000000000 ) ) ;
#2400 = LINE ( 'NONE', #656, #2503 ) ;
#2401 = CIRCLE ( 'NONE', #1950, 2.500000000000000000 ) ;
#2402 = CARTESIAN_POINT ( 'NONE',  ( 59.04099999999999682, -13.35599999999999987, 17.19999999999999929 ) ) ;
#2403 = ADVANCED_FACE ( 'NONE', ( #2685 ), #1295, .F. ) ;
#2404 = EDGE_CURVE ( 'NONE', #2886, #4517, #3757, .T. ) ;
#2405 = ORIENTED_EDGE ( 'NONE', *, *, #4127, .T. ) ;
#2406 = VERTEX_POINT ( 'NONE', #1224 ) ;
#2407 = CARTESIAN_POINT ( 'NONE',  ( 8.323000000000000398, -13.35599999999999810, 17.19999999999999929 ) ) ;
#2408 = VECTOR ( 'NONE', #4046, 1000.000000000000000 ) ;
#2409 = EDGE_CURVE ( 'NONE', #3341, #3828, #4553, .T. ) ;
#2410 = DIRECTION ( 'NONE',  ( -0.000000000000000000, -0.000000000000000000, -1.000000000000000000 ) ) ;
#2411 = EDGE_CURVE ( 'NONE', #3038, #2637, #542, .T. ) ;
#2412 = EDGE_CURVE ( 'NONE', #305, #3829, #1143, .T. ) ;
#2413 = VECTOR ( 'NONE', #1929, 1000.000000000000000 ) ;
#2414 = VERTEX_POINT ( 'NONE', #533 ) ;
#2415 = CARTESIAN_POINT ( 'NONE',  ( -7.635000000000000675, 24.84199999999999875, 0.000000000000000000 ) ) ;
#2416 = CARTESIAN_POINT ( 'NONE',  ( 69.79099999999999682, -13.35599999999999810, 17.19999999999999929 ) ) ;
#2417 = CARTESIAN_POINT ( 'NONE',  ( 75.55200000000000671, -42.55700000000000216, -1.199999999999999956 ) ) ;
#2418 = ORIENTED_EDGE ( 'NONE', *, *, #2608, .T. ) ;
#2419 = DIRECTION ( 'NONE',  ( 1.000000000000000000, 0.000000000000000000, 0.000000000000000000 ) ) ;
#2420 = FACE_OUTER_BOUND ( 'NONE', #2239, .T. ) ;
#2421 = CARTESIAN_POINT ( 'NONE',  ( 66.00000000000000000, 7.856999999999997542, 17.19999999999999929 ) ) ;
#2422 = VERTEX_POINT ( 'NONE', #3849 ) ;
#2423 = ORIENTED_EDGE ( 'NONE', *, *, #3120, .T. ) ;
#2424 = CARTESIAN_POINT ( 'NONE',  ( -0.9689999999999998614, 1.614000000000000323, 15.19999999999999929 ) ) ;
#2425 = DIRECTION ( 'NONE',  ( 0.000000000000000000, 0.000000000000000000, 1.000000000000000000 ) ) ;
#2426 = EDGE_CURVE ( 'NONE', #207, #1599, #3, .T. ) ;
#2427 = CARTESIAN_POINT ( 'NONE',  ( 12.15499999999999936, -29.18499999999999872, 15.20000000000000107 ) ) ;
#2428 = ORIENTED_EDGE ( 'NONE', *, *, #4504, .F. ) ;
#2429 = VECTOR ( 'NONE', #2350, 1000.000000000000000 ) ;
#2430 = VERTEX_POINT ( 'NONE', #151 ) ;
#2431 = DIRECTION ( 'NONE',  ( 1.000000000000000000, 0.000000000000000000, 0.000000000000000000 ) ) ;
#2432 = DIRECTION ( 'NONE',  ( 1.000000000000000000, 0.000000000000000000, 0.000000000000000000 ) ) ;
#2433 = LOCAL_TIME ( 20, 54, 59.00000000000000000, #2702 ) ;
#2434 = VERTEX_POINT ( 'NONE', #2040 ) ;
#2435 = EDGE_LOOP ( 'NONE', ( #1148, #3600, #2376, #89 ) ) ;
#2436 = DIRECTION ( 'NONE',  ( -1.000000000000000000, 0.000000000000000000, 0.000000000000000000 ) ) ;
#2437 = EDGE_CURVE ( 'NONE', #2622, #794, #1764, .T. ) ;
#2438 = EDGE_CURVE ( 'NONE', #3196, #2663, #4186, .T. ) ;
#2439 = FACE_OUTER_BOUND ( 'NONE', #2638, .T. ) ;
#2440 = CYLINDRICAL_SURFACE ( 'NONE', #4362, 4.099999999999999645 ) ;
#2441 = ORIENTED_EDGE ( 'NONE', *, *, #444, .T. ) ;
#2442 = CARTESIAN_POINT ( 'NONE',  ( 75.55229909320706838, -39.81964337354579442, -1.199999999999999956 ) ) ;
#2443 = CARTESIAN_POINT ( 'NONE',  ( -7.635000000000000675, 24.84199999999999875, 15.19999999999999929 ) ) ;
#2444 = DIRECTION ( 'NONE',  ( 0.000000000000000000, 0.000000000000000000, -1.000000000000000000 ) ) ;
#2445 = ORIENTED_EDGE ( 'NONE', *, *, #14, .F. ) ;
#2446 = VERTEX_POINT ( 'NONE', #1608 ) ;
#2447 = CARTESIAN_POINT ( 'NONE',  ( 15.19223462926904844, -37.58676537073095147, 17.19999999999999929 ) ) ;
#2448 = CIRCLE ( 'NONE', #2368, 6.199999999999997513 ) ;
#2449 = DIRECTION ( 'NONE',  ( 0.000000000000000000, 0.000000000000000000, -1.000000000000000000 ) ) ;
#2450 = PLANE ( 'NONE',  #2464 ) ;
#2451 = AXIS2_PLACEMENT_3D ( 'NONE', #3398, #1585, #3043 ) ;
#2452 = UNCERTAINTY_MEASURE_WITH_UNIT (LENGTH_MEASURE( 1.000000000000000082E-05 ), #3034, 'distance_accuracy_value', 'NONE');
#2453 = ORIENTED_EDGE ( 'NONE', *, *, #796, .F. ) ;
#2454 = CIRCLE ( 'NONE', #2835, 1.250000000000001110 ) ;
#2455 = ORIENTED_EDGE ( 'NONE', *, *, #4717, .F. ) ;
#2456 = CARTESIAN_POINT ( 'NONE',  ( 7.320681123583208993, -39.81971817910010714, -1.199999999999999956 ) ) ;
#2457 = DIRECTION ( 'NONE',  ( 1.000000000000000000, 0.000000000000000000, 0.000000000000000000 ) ) ;
#2458 = AXIS2_PLACEMENT_3D ( 'NONE', #4178, #1966, #4501 ) ;
#2459 = ORIENTED_EDGE ( 'NONE', *, *, #3251, .F. ) ;
#2460 = ORIENTED_EDGE ( 'NONE', *, *, #4065, .F. ) ;
#2461 = CARTESIAN_POINT ( 'NONE',  ( 23.20155617993325237, -29.59576932379585656, 0.000000000000000000 ) ) ;
#2462 = CARTESIAN_POINT ( 'NONE',  ( 63.50000000000000000, 9.106999999999999318, 15.19999999999999929 ) ) ;
#2463 = CARTESIAN_POINT ( 'NONE',  ( -2.822000000000000508, -37.37500000000000000, 15.19999999999999929 ) ) ;
#2464 = AXIS2_PLACEMENT_3D ( 'NONE', #4361, #3973, #2070 ) ;
#2465 = EDGE_CURVE ( 'NONE', #2985, #1470, #916, .T. ) ;
#2466 = EDGE_CURVE ( 'NONE', #903, #2066, #933, .T. ) ;
#2467 = ORIENTED_EDGE ( 'NONE', *, *, #824, .T. ) ;
#2468 = AXIS2_PLACEMENT_3D ( 'NONE', #3929, #659, #1081 ) ;
#2469 = CARTESIAN_POINT ( 'NONE',  ( 23.53399999999999892, 22.85497918262948502, 0.000000000000000000 ) ) ;
#2470 = CARTESIAN_POINT ( 'NONE',  ( 59.77799999999999869, -37.37500000000000000, 17.19999999999999929 ) ) ;
#2471 = CARTESIAN_POINT ( 'NONE',  ( -10.32975000000000065, 23.33250000000000313, -1.199999999999999956 ) ) ;
#2472 = VERTEX_POINT ( 'NONE', #909 ) ;
#2473 = DIRECTION ( 'NONE',  ( 0.000000000000000000, 1.000000000000000000, -0.000000000000000000 ) ) ;
#2474 = DIRECTION ( 'NONE',  ( 0.000000000000000000, 0.000000000000000000, 1.000000000000000000 ) ) ;
#2475 = DIRECTION ( 'NONE',  ( -0.000000000000000000, -0.000000000000000000, -1.000000000000000000 ) ) ;
#2476 = CARTESIAN_POINT ( 'NONE',  ( 68.50000000000000000, 9.106999999999999318, 17.19999999999999929 ) ) ;
#2477 = EDGE_LOOP ( 'NONE', ( #1967, #4123, #3656, #928 ) ) ;
#2478 = ORIENTED_EDGE ( 'NONE', *, *, #2921, .F. ) ;
#2479 = DIRECTION ( 'NONE',  ( 0.7071067811865474617, 0.7071067811865475727, 0.000000000000000000 ) ) ;
#2480 = DIRECTION ( 'NONE',  ( -1.000000000000000000, 0.000000000000000000, 0.000000000000000000 ) ) ;
#2481 = ORIENTED_EDGE ( 'NONE', *, *, #4545, .F. ) ;
#2482 = ORIENTED_EDGE ( 'NONE', *, *, #4619, .T. ) ;
#2483 = DIRECTION ( 'NONE',  ( 0.000000000000000000, 0.000000000000000000, 1.000000000000000000 ) ) ;
#2484 = CARTESIAN_POINT ( 'NONE',  ( -10.32975000000000065, 23.33250000000000313, 0.000000000000000000 ) ) ;
#2485 = VECTOR ( 'NONE', #2363, 1000.000000000000000 ) ;
#2486 = ADVANCED_FACE ( 'NONE', ( #199 ), #2374, .F. ) ;
#2487 = DIRECTION ( 'NONE',  ( 0.000000000000000000, 0.000000000000000000, 1.000000000000000000 ) ) ;
#2488 = ORIENTED_EDGE ( 'NONE', *, *, #3948, .T. ) ;
#2489 = CARTESIAN_POINT ( 'NONE',  ( -22.66299999999999670, -39.12500000000000000, 17.19999999999999929 ) ) ;
#2490 = DIRECTION ( 'NONE',  ( -1.000000000000000000, 0.000000000000000000, 0.000000000000000000 ) ) ;
#2491 = DIRECTION ( 'NONE',  ( -0.7071067811865475727, -0.7071067811865475727, 0.000000000000000000 ) ) ;
#2492 = EDGE_LOOP ( 'NONE', ( #3570, #4654 ) ) ;
#2493 = FACE_OUTER_BOUND ( 'NONE', #2610, .T. ) ;
#2494 = CARTESIAN_POINT ( 'NONE',  ( 23.53399999999999892, -29.58299999999999841, 3.450000000000000178 ) ) ;
#2495 = EDGE_CURVE ( 'NONE', #3355, #2774, #1453, .T. ) ;
#2496 = EDGE_CURVE ( 'NONE', #4152, #185, #1949, .T. ) ;
#2497 = CARTESIAN_POINT ( 'NONE',  ( -7.634726217370140233, -5.385000000000000675, 15.19999999999999929 ) ) ;
#2498 = ORIENTED_EDGE ( 'NONE', *, *, #1944, .F. ) ;
#2499 = VERTEX_POINT ( 'NONE', #2709 ) ;
#2500 = LINE ( 'NONE', #3281, #2408 ) ;
#2501 = CIRCLE ( 'NONE', #3409, 1.987262779652235078 ) ;
#2502 = DIRECTION ( 'NONE',  ( -0.000000000000000000, -0.000000000000000000, -1.000000000000000000 ) ) ;
#2503 = VECTOR ( 'NONE', #3139, 1000.000000000000000 ) ;
#2504 = ORIENTED_EDGE ( 'NONE', *, *, #3452, .T. ) ;
#2505 = CARTESIAN_POINT ( 'NONE',  ( 23.20132459316952023, -29.59585533463140905, 17.19999999999999929 ) ) ;
#2506 = LINE ( 'NONE', #2370, #4053 ) ;
#2507 = VECTOR ( 'NONE', #3248, 1000.000000000000000 ) ;
#2508 = ADVANCED_BREP_SHAPE_REPRESENTATION ( '\X2\906563a756684e0a58f3\X0\', ( #13, #4497 ), #1594 ) ;
#2509 = PLANE ( 'NONE',  #3518 ) ;
#2510 = VERTEX_POINT ( 'NONE', #4163 ) ;
#2511 = CARTESIAN_POINT ( 'NONE',  ( 15.20100000000000051, -37.58299999999999841, 17.19999999999999929 ) ) ;
#2512 = ADVANCED_FACE ( 'NONE', ( #887, #1678 ), #4481, .F. ) ;
#2513 = DIRECTION ( 'NONE',  ( 0.000000000000000000, 0.000000000000000000, 1.000000000000000000 ) ) ;
#2514 = PLANE ( 'NONE',  #841 ) ;
#2515 = VERTEX_POINT ( 'NONE', #2355 ) ;
#2516 = LINE ( 'NONE', #3610, #2101 ) ;
#2517 = LINE ( 'NONE', #2612, #2577 ) ;
#2518 = DIRECTION ( 'NONE',  ( 1.000000000000000000, 0.000000000000000000, 0.000000000000000000 ) ) ;
#2519 = VERTEX_POINT ( 'NONE', #4113 ) ;
#2520 = EDGE_CURVE ( 'NONE', #3955, #4484, #1199, .T. ) ;
#2521 = ADVANCED_FACE ( 'NONE', ( #2875 ), #4308, .T. ) ;
#2522 = ORIENTED_EDGE ( 'NONE', *, *, #68, .F. ) ;
#2523 = DIRECTION ( 'NONE',  ( 0.000000000000000000, 0.000000000000000000, -1.000000000000000000 ) ) ;
#2524 = FACE_OUTER_BOUND ( 'NONE', #152, .T. ) ;
#2525 = CIRCLE ( 'NONE', #3667, 1.987338461654854838 ) ;
#2526 = DIRECTION ( 'NONE',  ( 1.000000000000000000, 0.000000000000000000, 0.000000000000000000 ) ) ;
#2527 = VECTOR ( 'NONE', #2474, 1000.000000000000000 ) ;
#2528 = ORIENTED_EDGE ( 'NONE', *, *, #3598, .F. ) ;
#2529 = CARTESIAN_POINT ( 'NONE',  ( 61.02799999999999869, -37.37500000000000000, 0.000000000000000000 ) ) ;
#2530 = VECTOR ( 'NONE', #1025, 1000.000000000000114 ) ;
#2531 = DIRECTION ( 'NONE',  ( -1.000000000000000000, 0.000000000000000000, -0.000000000000000000 ) ) ;
#2532 = AXIS2_PLACEMENT_3D ( 'NONE', #4566, #3888, #734 ) ;
#2533 = ORIENTED_EDGE ( 'NONE', *, *, #1703, .F. ) ;
#2534 = LINE ( 'NONE', #365, #673 ) ;
#2535 = CIRCLE ( 'NONE', #1698, 3.500000000000003109 ) ;
#2536 = CARTESIAN_POINT ( 'NONE',  ( 42.51167540683047719, -37.59585533463142326, 17.19999999999999929 ) ) ;
#2537 = DIRECTION ( 'NONE',  ( 0.000000000000000000, 0.000000000000000000, 1.000000000000000000 ) ) ;
#2538 = ORIENTED_EDGE ( 'NONE', *, *, #4657, .T. ) ;
#2539 = CARTESIAN_POINT ( 'NONE',  ( -7.635024826596096048, 22.85497918262948502, 0.000000000000000000 ) ) ;
#2540 = AXIS2_PLACEMENT_3D ( 'NONE', #4724, #4652, #2900 ) ;
#2541 = CARTESIAN_POINT ( 'NONE',  ( 13.77849001395527040, -36.17250981727301706, 15.19999999999999929 ) ) ;
#2542 = CARTESIAN_POINT ( 'NONE',  ( 12.15499999999999936, -29.18499999999999872, 0.000000000000000000 ) ) ;
#2543 = ORIENTED_EDGE ( 'NONE', *, *, #1452, .T. ) ;
#2544 = EDGE_LOOP ( 'NONE', ( #1957, #767, #3680, #1984, #4483, #3160, #560 ) ) ;
#2545 = DIRECTION ( 'NONE',  ( -0.000000000000000000, -0.000000000000000000, -1.000000000000000000 ) ) ;
#2546 = ADVANCED_FACE ( 'NONE', ( #3204, #4695 ), #2778, .F. ) ;
#2547 = DIRECTION ( 'NONE',  ( 1.000000000000000000, 0.000000000000000000, 0.000000000000000000 ) ) ;
#2548 = ADVANCED_FACE ( 'NONE', ( #1414 ), #4330, .F. ) ;
#2549 = EDGE_CURVE ( 'NONE', #3692, #535, #297, .T. ) ;
#2550 = DIRECTION ( 'NONE',  ( 1.000000000000000000, 0.000000000000000000, 0.000000000000000000 ) ) ;
#2551 = ORIENTED_EDGE ( 'NONE', *, *, #3629, .T. ) ;
#2552 = LINE ( 'NONE', #4005, #3016 ) ;
#2553 = CARTESIAN_POINT ( 'NONE',  ( 8.901750000000001606, -41.40274999999999750, -1.199999999999999956 ) ) ;
#2554 = EDGE_CURVE ( 'NONE', #3799, #4358, #3132, .T. ) ;
#2555 = EDGE_CURVE ( 'NONE', #3405, #1934, #1052, .T. ) ;
#2556 = VECTOR ( 'NONE', #714, 1000.000000000000000 ) ;
#2557 = ORIENTED_EDGE ( 'NONE', *, *, #1524, .F. ) ;
#2558 = CIRCLE ( 'NONE', #2032, 1.250000000000000222 ) ;
#2559 = CARTESIAN_POINT ( 'NONE',  ( 50.39300000000000068, -43.80700000000000216, 17.19999999999999929 ) ) ;
#2560 = CARTESIAN_POINT ( 'NONE',  ( -11.56099999999999994, 23.55000000000000071, 0.000000000000000000 ) ) ;
#2561 = CARTESIAN_POINT ( 'NONE',  ( -9.921190305139585774, 9.874294930477221399, 1.000000000000000000 ) ) ;
#2562 = VECTOR ( 'NONE', #472, 1000.000000000000000 ) ;
#2563 = ORIENTED_EDGE ( 'NONE', *, *, #2549, .T. ) ;
#2564 = DIRECTION ( 'NONE',  ( -0.1744207395498071356, -0.9846712170135260012, 0.000000000000000000 ) ) ;
#2565 = FACE_OUTER_BOUND ( 'NONE', #1390, .T. ) ;
#2566 = DIRECTION ( 'NONE',  ( 0.000000000000000000, 0.000000000000000000, 1.000000000000000000 ) ) ;
#2567 = ORIENTED_EDGE ( 'NONE', *, *, #2750, .T. ) ;
#2568 = ORIENTED_EDGE ( 'NONE', *, *, #1429, .F. ) ;
#2569 = CARTESIAN_POINT ( 'NONE',  ( -11.56099999999999994, 23.55000000000000071, 17.19999999999999929 ) ) ;
#2570 = DIRECTION ( 'NONE',  ( 0.000000000000000000, 0.000000000000000000, -1.000000000000000000 ) ) ;
#2571 = EDGE_CURVE ( 'NONE', #830, #1604, #1031, .T. ) ;
#2572 = DIRECTION ( 'NONE',  ( -0.1744207395498071911, -0.9846712170135260012, 0.000000000000000000 ) ) ;
#2573 = AXIS2_PLACEMENT_3D ( 'NONE', #2642, #2714, #1978 ) ;
#2574 = ORIENTED_EDGE ( 'NONE', *, *, #2991, .F. ) ;
#2575 = DIRECTION ( 'NONE',  ( -0.000000000000000000, -0.000000000000000000, -1.000000000000000000 ) ) ;
#2576 = LINE ( 'NONE', #1817, #836 ) ;
#2577 = VECTOR ( 'NONE', #31, 1000.000000000000000 ) ;
#2578 = ORIENTED_EDGE ( 'NONE', *, *, #248, .F. ) ;
#2579 = EDGE_CURVE ( 'NONE', #1335, #4402, #239, .T. ) ;
#2580 = EDGE_CURVE ( 'NONE', #986, #3930, #3562, .T. ) ;
#2581 = AXIS2_PLACEMENT_3D ( 'NONE', #3560, #557, #626 ) ;
#2582 = CARTESIAN_POINT ( 'NONE',  ( 12.15499999999999936, -29.18499999999999872, 0.000000000000000000 ) ) ;
#2583 = CARTESIAN_POINT ( 'NONE',  ( 59.77799999999999869, -37.37500000000000000, 0.000000000000000000 ) ) ;
#2584 = DIRECTION ( 'NONE',  ( 0.000000000000000000, 0.000000000000000000, 1.000000000000000000 ) ) ;
#2585 = ORIENTED_EDGE ( 'NONE', *, *, #3267, .T. ) ;
#2586 = DIRECTION ( 'NONE',  ( 0.000000000000000000, 0.000000000000000000, -1.000000000000000000 ) ) ;
#2587 = DIRECTION ( 'NONE',  ( 1.000000000000000000, 0.000000000000000000, 0.000000000000000000 ) ) ;
#2588 = DIRECTION ( 'NONE',  ( 0.000000000000000000, 0.000000000000000000, 1.000000000000000000 ) ) ;
#2589 = ORIENTED_EDGE ( 'NONE', *, *, #4716, .F. ) ;
#2590 = ORIENTED_EDGE ( 'NONE', *, *, #2465, .F. ) ;
#2591 = ORIENTED_EDGE ( 'NONE', *, *, #3676, .F. ) ;
#2592 = PLANE ( 'NONE',  #4472 ) ;
#2593 = CARTESIAN_POINT ( 'NONE',  ( -7.634838191436935873, 22.85513567608969865, -1.199999999999999956 ) ) ;
#2594 = CARTESIAN_POINT ( 'NONE',  ( 77.75525000000001796, -39.42949999999999733, -1.199999999999999956 ) ) ;
#2595 = AXIS2_PLACEMENT_3D ( 'NONE', #4688, #3984, #4301 ) ;
#2596 = ORIENTED_EDGE ( 'NONE', *, *, #3846, .T. ) ;
#2597 = CARTESIAN_POINT ( 'NONE',  ( 19.41000000000000014, 22.84199999999999875, 7.620000000000000107 ) ) ;
#2598 = DIRECTION ( 'NONE',  ( 0.000000000000000000, 0.000000000000000000, 1.000000000000000000 ) ) ;
#2599 = VECTOR ( 'NONE', #698, 1000.000000000000000 ) ;
#2600 = CIRCLE ( 'NONE', #3210, 4.099999999999998757 ) ;
#2601 = CIRCLE ( 'NONE', #548, 3.500000000000000000 ) ;
#2602 = VERTEX_POINT ( 'NONE', #1366 ) ;
#2603 = VECTOR ( 'NONE', #4133, 1000.000000000000000 ) ;
#2604 = APPLICATION_PROTOCOL_DEFINITION ( 'international standard', 'config_control_design', 1994, #3613 ) ;
#2605 = CIRCLE ( 'NONE', #1773, 4.099999999999999645 ) ;
#2606 = DIRECTION ( 'NONE',  ( -0.000000000000000000, -0.000000000000000000, -1.000000000000000000 ) ) ;
#2607 = ADVANCED_FACE ( 'NONE', ( #3228 ), #2514, .F. ) ;
#2608 = EDGE_CURVE ( 'NONE', #2406, #3374, #3943, .T. ) ;
#2609 = DIRECTION ( 'NONE',  ( 0.000000000000000000, 0.000000000000000000, 1.000000000000000000 ) ) ;
#2610 = EDGE_LOOP ( 'NONE', ( #2013, #4131, #3421, #1478 ) ) ;
#2611 = CARTESIAN_POINT ( 'NONE',  ( 50.39254695555556651, -39.81981245268968905, 17.19999999999999929 ) ) ;
#2612 = CARTESIAN_POINT ( 'NONE',  ( 50.39300000000000068, -41.80700000000000216, 15.19999999999999929 ) ) ;
#2613 = DIRECTION ( 'NONE',  ( 0.000000000000000000, 0.000000000000000000, -1.000000000000000000 ) ) ;
#2614 = CIRCLE ( 'NONE', #4296, 0.01285943191635038896 ) ;
#2615 = VERTEX_POINT ( 'NONE', #4258 ) ;
#2616 = ORIENTED_EDGE ( 'NONE', *, *, #384, .T. ) ;
#2617 = ORIENTED_EDGE ( 'NONE', *, *, #1868, .T. ) ;
#2618 = DIRECTION ( 'NONE',  ( 1.000000000000000000, 0.000000000000000000, 0.000000000000000000 ) ) ;
#2619 = CARTESIAN_POINT ( 'NONE',  ( 21.82649999999999935, -29.18499999999999872, 0.000000000000000000 ) ) ;
#2620 = CARTESIAN_POINT ( 'NONE',  ( 64.45000000000000284, 24.84199999999999875, 15.19999999999999929 ) ) ;
#2621 = VERTEX_POINT ( 'NONE', #957 ) ;
#2622 = VERTEX_POINT ( 'NONE', #3873 ) ;
#2623 = DIRECTION ( 'NONE',  ( 1.000000000000000000, 0.000000000000000000, 0.000000000000000000 ) ) ;
#2624 = LINE ( 'NONE', #4077, #390 ) ;
#2625 = VERTEX_POINT ( 'NONE', #2064 ) ;
#2626 = SHAPE_DEFINITION_REPRESENTATION ( #201, #2508 ) ;
#2627 = EDGE_CURVE ( 'NONE', #57, #3503, #980, .T. ) ;
#2628 = CARTESIAN_POINT ( 'NONE',  ( -7.634726217370140233, -29.18499999999999517, 15.19999999999999929 ) ) ;
#2629 = PLANE ( 'NONE',  #3358 ) ;
#2630 = VERTEX_POINT ( 'NONE', #3923 ) ;
#2631 = DIRECTION ( 'NONE',  ( 0.000000000000000000, 0.000000000000000000, -1.000000000000000000 ) ) ;
#2632 = VECTOR ( 'NONE', #4655, 1000.000000000000000 ) ;
#2633 = CARTESIAN_POINT ( 'NONE',  ( -6.989000000000000767, -35.72299999999999898, 15.19999999999999929 ) ) ;
#2634 = CYLINDRICAL_SURFACE ( 'NONE', #22, 4.100000000000006750 ) ;
#2635 = AXIS2_PLACEMENT_3D ( 'NONE', #2285, #3377, #2618 ) ;
#2636 = ORIENTED_EDGE ( 'NONE', *, *, #658, .T. ) ;
#2637 = VERTEX_POINT ( 'NONE', #1705 ) ;
#2638 = EDGE_LOOP ( 'NONE', ( #3420, #3336, #729, #4685 ) ) ;
#2639 = DIRECTION ( 'NONE',  ( -0.000000000000000000, -0.000000000000000000, -1.000000000000000000 ) ) ;
#2640 = EDGE_CURVE ( 'NONE', #1184, #4496, #2852, .T. ) ;
#2641 = EDGE_CURVE ( 'NONE', #2886, #3490, #2982, .T. ) ;
#2642 = CARTESIAN_POINT ( 'NONE',  ( 50.39222757016578669, -39.81968051721862878, 0.000000000000000000 ) ) ;
#2643 = CARTESIAN_POINT ( 'NONE',  ( 15.20100000000000051, -37.58299999999999841, 17.19999999999999929 ) ) ;
#2644 = VERTEX_POINT ( 'NONE', #271 ) ;
#2645 = ORIENTED_EDGE ( 'NONE', *, *, #608, .F. ) ;
#2646 = DIRECTION ( 'NONE',  ( -1.000000000000000000, 0.000000000000000000, 0.000000000000000000 ) ) ;
#2647 = CYLINDRICAL_SURFACE ( 'NONE', #1374, 2.236801751153642659 ) ;
#2648 = EDGE_LOOP ( 'NONE', ( #263, #376, #4490, #3940 ) ) ;
#2649 = AXIS2_PLACEMENT_3D ( 'NONE', #540, #4557, #4190 ) ;
#2650 = PERSON_AND_ORGANIZATION ( #1133, #4263 ) ;
#2651 = EDGE_CURVE ( 'NONE', #535, #1189, #4284, .T. ) ;
#2652 = CARTESIAN_POINT ( 'NONE',  ( 35.40474999999999994, -28.70324999999999704, -1.199999999999999956 ) ) ;
#2653 = DIRECTION ( 'NONE',  ( 0.000000000000000000, 0.000000000000000000, -1.000000000000000000 ) ) ;
#2654 = EDGE_LOOP ( 'NONE', ( #471, #4599, #625, #1989 ) ) ;
#2655 = CC_DESIGN_PERSON_AND_ORGANIZATION_ASSIGNMENT ( #2650, #806, ( #751 ) ) ;
#2656 = CARTESIAN_POINT ( 'NONE',  ( 66.00000000000000000, 9.106999999999999318, 17.19999999999999929 ) ) ;
#2657 = DIRECTION ( 'NONE',  ( -0.1744359722748106967, 0.9846685186277367441, 0.000000000000000000 ) ) ;
#2658 = EDGE_CURVE ( 'NONE', #2357, #1669, #3588, .T. ) ;
#2659 = CIRCLE ( 'NONE', #1435, 3.500000000000000000 ) ;
#2660 = LINE ( 'NONE', #4574, #3288 ) ;
#2661 = DIRECTION ( 'NONE',  ( -0.7071067811865472397, 0.7071067811865479058, 0.000000000000000000 ) ) ;
#2662 = VERTEX_POINT ( 'NONE', #1075 ) ;
#2663 = VERTEX_POINT ( 'NONE', #415 ) ;
#2664 = ORIENTED_EDGE ( 'NONE', *, *, #3599, .F. ) ;
#2665 = DIRECTION ( 'NONE',  ( -0.7071067811865474617, -0.7071067811865475727, 0.000000000000000000 ) ) ;
#2666 = CARTESIAN_POINT ( 'NONE',  ( 36.94700000000000273, -29.18499999999999872, 15.19999999999999929 ) ) ;
#2667 = CARTESIAN_POINT ( 'NONE',  ( -7.634726217370140233, 7.856999999999997542, 15.19999999999999929 ) ) ;
#2668 = EDGE_CURVE ( 'NONE', #4069, #305, #1528, .T. ) ;
#2669 = EDGE_CURVE ( 'NONE', #2430, #2662, #3250, .T. ) ;
#2670 = ORIENTED_EDGE ( 'NONE', *, *, #4336, .T. ) ;
#2671 = ORIENTED_EDGE ( 'NONE', *, *, #3712, .T. ) ;
#2672 = DIRECTION ( 'NONE',  ( 0.000000000000000000, 0.000000000000000000, 1.000000000000000000 ) ) ;
#2673 = DIRECTION ( 'NONE',  ( 0.7071067811865476838, -0.7071067811865474617, 0.000000000000000000 ) ) ;
#2674 = ORIENTED_EDGE ( 'NONE', *, *, #3543, .F. ) ;
#2675 = VECTOR ( 'NONE', #92, 1000.000000000000000 ) ;
#2676 =( NAMED_UNIT ( * ) PLANE_ANGLE_UNIT ( ) SI_UNIT ( $, .RADIAN. ) );
#2677 = CARTESIAN_POINT ( 'NONE',  ( 69.12439704826486775, 7.856999999999995765, 15.19999999999999929 ) ) ;
#2678 = AXIS2_PLACEMENT_3D ( 'NONE', #3419, #3110, #4575 ) ;
#2679 = CARTESIAN_POINT ( 'NONE',  ( 77.78954064933608947, -39.81970595040655070, 0.000000000000000000 ) ) ;
#2680 = VECTOR ( 'NONE', #1845, 1000.000000000000000 ) ;
#2681 = EDGE_LOOP ( 'NONE', ( #2398, #1257, #3864, #4079 ) ) ;
#2682 = AXIS2_PLACEMENT_3D ( 'NONE', #146, #1602, #3060 ) ;
#2683 = LINE ( 'NONE', #3017, #4337 ) ;
#2684 = DIRECTION ( 'NONE',  ( 0.000000000000000000, -0.000000000000000000, 1.000000000000000000 ) ) ;
#2685 = FACE_OUTER_BOUND ( 'NONE', #567, .T. ) ;
#2686 = VERTEX_POINT ( 'NONE', #3700 ) ;
#2687 = VERTEX_POINT ( 'NONE', #4718 ) ;
#2688 = FACE_OUTER_BOUND ( 'NONE', #3693, .T. ) ;
#2689 = DIRECTION ( 'NONE',  ( 1.000000000000000000, 0.000000000000000000, 0.000000000000000000 ) ) ;
#2690 = EDGE_CURVE ( 'NONE', #4701, #2316, #4199, .T. ) ;
#2691 = AXIS2_PLACEMENT_3D ( 'NONE', #1956, #3072, #4217 ) ;
#2692 = LINE ( 'NONE', #328, #481 ) ;
#2693 = EDGE_LOOP ( 'NONE', ( #1878, #1779, #4042, #434, #1277 ) ) ;
#2694 = ORIENTED_EDGE ( 'NONE', *, *, #1526, .T. ) ;
#2695 = CARTESIAN_POINT ( 'NONE',  ( 42.52076688453584552, -37.58676385692605493, 17.19999999999999929 ) ) ;
#2696 = VECTOR ( 'NONE', #579, 1000.000000000000000 ) ;
#2697 = DIRECTION ( 'NONE',  ( -0.000000000000000000, -0.000000000000000000, -1.000000000000000000 ) ) ;
#2698 = ADVANCED_FACE ( 'NONE', ( #4425 ), #4378, .F. ) ;
#2699 = VERTEX_POINT ( 'NONE', #1802 ) ;
#2700 = ADVANCED_FACE ( 'NONE', ( #3340 ), #2941, .T. ) ;
#2701 = EDGE_CURVE ( 'NONE', #575, #1162, #2071, .T. ) ;
#2702 = COORDINATED_UNIVERSAL_TIME_OFFSET ( 8, 0, .AHEAD. ) ;
#2703 = DIRECTION ( 'NONE',  ( 1.000000000000000000, 0.000000000000000000, 0.000000000000000000 ) ) ;
#2704 = CYLINDRICAL_SURFACE ( 'NONE', #3433, 3.500000000000000000 ) ;
#2705 = EDGE_LOOP ( 'NONE', ( #4600, #4088, #2042, #2065 ) ) ;
#2706 = AXIS2_PLACEMENT_3D ( 'NONE', #3197, #3479, #2843 ) ;
#2707 = CARTESIAN_POINT ( 'NONE',  ( 63.50000000000000000, 9.106999999999999318, 0.000000000000000000 ) ) ;
#2708 = CYLINDRICAL_SURFACE ( 'NONE', #3974, 4.099999999999998757 ) ;
#2709 = CARTESIAN_POINT ( 'NONE',  ( 33.73400000000000176, -29.18499999999999872, 0.000000000000000000 ) ) ;
#2710 = CIRCLE ( 'NONE', #2179, 6.199999999999997513 ) ;
#2711 = ORIENTED_EDGE ( 'NONE', *, *, #3147, .T. ) ;
#2712 = ORIENTED_EDGE ( 'NONE', *, *, #3472, .F. ) ;
#2713 = DIRECTION ( 'NONE',  ( 1.000000000000000000, 0.000000000000000000, 0.000000000000000000 ) ) ;
#2714 = DIRECTION ( 'NONE',  ( 0.000000000000000000, 0.000000000000000000, 1.000000000000000000 ) ) ;
#2715 = CIRCLE ( 'NONE', #3933, 2.500000000000002220 ) ;
#2716 = DIRECTION ( 'NONE',  ( 0.000000000000000000, 0.000000000000000000, 1.000000000000000000 ) ) ;
#2717 = ORIENTED_EDGE ( 'NONE', *, *, #2496, .F. ) ;
#2718 = ORIENTED_EDGE ( 'NONE', *, *, #3193, .T. ) ;
#2719 = CARTESIAN_POINT ( 'NONE',  ( -7.635000000000000675, 25.09199999999999875, -1.199999999999999956 ) ) ;
#2720 = LINE ( 'NONE', #1307, #3890 ) ;
#2721 = VERTEX_POINT ( 'NONE', #1460 ) ;
#2722 = FACE_OUTER_BOUND ( 'NONE', #2261, .T. ) ;
#2723 = DIRECTION ( 'NONE',  ( -1.000000000000000000, 0.000000000000000000, 0.000000000000000000 ) ) ;
#2724 = EDGE_CURVE ( 'NONE', #3996, #2615, #1892, .T. ) ;
#2725 = EDGE_CURVE ( 'NONE', #3859, #3967, #2251, .T. ) ;
#2726 = ORIENTED_EDGE ( 'NONE', *, *, #2260, .T. ) ;
#2727 = AXIS2_PLACEMENT_3D ( 'NONE', #4320, #1690, #2432 ) ;
#2728 = CARTESIAN_POINT ( 'NONE',  ( 11.76899999999999835, -35.72299999999999898, 17.19999999999999929 ) ) ;
#2729 = CARTESIAN_POINT ( 'NONE',  ( 47.57399999999999807, -42.64000000000000767, 17.19999999999999929 ) ) ;
#2730 = LINE ( 'NONE', #4183, #2229 ) ;
#2731 = VECTOR ( 'NONE', #4722, 1000.000000000000000 ) ;
#2732 = DIRECTION ( 'NONE',  ( -0.000000000000000000, -0.000000000000000000, -1.000000000000000000 ) ) ;
#2733 = ORIENTED_EDGE ( 'NONE', *, *, #1590, .T. ) ;
#2734 = ORIENTED_EDGE ( 'NONE', *, *, #3396, .F. ) ;
#2735 = CARTESIAN_POINT ( 'NONE',  ( 35.75825000000000387, -28.34975000000000023, -1.199999999999999956 ) ) ;
#2736 = CARTESIAN_POINT ( 'NONE',  ( 50.39300000000000068, -41.80700000000000216, 15.19999999999999929 ) ) ;
#2737 = FACE_OUTER_BOUND ( 'NONE', #2196, .T. ) ;
#2738 = ORIENTED_EDGE ( 'NONE', *, *, #4150, .T. ) ;
#2739 = ORIENTED_EDGE ( 'NONE', *, *, #1551, .F. ) ;
#2740 = CARTESIAN_POINT ( 'NONE',  ( -4.072000000000000064, -37.37500000000000000, 17.19999999999999929 ) ) ;
#2741 = DIRECTION ( 'NONE',  ( -0.000000000000000000, -0.000000000000000000, -1.000000000000000000 ) ) ;
#2742 = EDGE_LOOP ( 'NONE', ( #3845, #3044, #1841, #2557 ) ) ;
#2743 = DIRECTION ( 'NONE',  ( 0.000000000000000000, 0.000000000000000000, -1.000000000000000000 ) ) ;
#2744 = FACE_OUTER_BOUND ( 'NONE', #1945, .T. ) ;
#2745 = CYLINDRICAL_SURFACE ( 'NONE', #2833, 0.01285943191638508343 ) ;
#2746 = CIRCLE ( 'NONE', #2141, 2.236801744450470864 ) ;
#2747 = VERTEX_POINT ( 'NONE', #1826 ) ;
#2748 = PLANE ( 'NONE',  #2068 ) ;
#2749 = DIRECTION ( 'NONE',  ( 0.000000000000000000, 0.000000000000000000, -1.000000000000000000 ) ) ;
#2750 = EDGE_CURVE ( 'NONE', #2687, #2066, #3655, .T. ) ;
#2751 = AXIS2_PLACEMENT_3D ( 'NONE', #322, #1393, #4034 ) ;
#2752 = ADVANCED_FACE ( 'NONE', ( #3271 ), #4401, .F. ) ;
#2753 = LINE ( 'NONE', #4208, #168 ) ;
#2754 = DIRECTION ( 'NONE',  ( 1.000000000000000000, 0.000000000000000000, 0.000000000000000000 ) ) ;
#2755 = ORIENTED_EDGE ( 'NONE', *, *, #595, .T. ) ;
#2756 = ORIENTED_EDGE ( 'NONE', *, *, #1647, .F. ) ;
#2757 = VECTOR ( 'NONE', #1653, 1000.000000000000000 ) ;
#2758 = CARTESIAN_POINT ( 'NONE',  ( 65.34184081020077883, 10.16969773730954429, 12.40000000000000213 ) ) ;
#2759 = VECTOR ( 'NONE', #3866, 1000.000000000000000 ) ;
#2760 = DIRECTION ( 'NONE',  ( 0.7071067811865475727, 0.7071067811865474617, 0.000000000000000000 ) ) ;
#2761 = ADVANCED_FACE ( 'NONE', ( #2965 ), #2629, .F. ) ;
#2762 = DIRECTION ( 'NONE',  ( 1.000000000000000000, 0.000000000000000000, 0.000000000000000000 ) ) ;
#2763 = ORIENTED_EDGE ( 'NONE', *, *, #813, .T. ) ;
#2764 = EDGE_LOOP ( 'NONE', ( #3029, #422 ) ) ;
#2765 = CARTESIAN_POINT ( 'NONE',  ( -1.572000000000000286, -37.37500000000000000, 17.19999999999999929 ) ) ;
#2766 = DIRECTION ( 'NONE',  ( 0.000000000000000000, 0.000000000000000000, 1.000000000000000000 ) ) ;
#2767 = AXIS2_PLACEMENT_3D ( 'NONE', #2402, #4145, #136 ) ;
#2768 = AXIS2_PLACEMENT_3D ( 'NONE', #1442, #281, #3569 ) ;
#2769 = ORIENTED_EDGE ( 'NONE', *, *, #384, .F. ) ;
#2770 = DIRECTION ( 'NONE',  ( 0.000000000000000000, 0.000000000000000000, 1.000000000000000000 ) ) ;
#2771 = CARTESIAN_POINT ( 'NONE',  ( 7.320818115028833617, -39.81966170673926797, 15.19999999999999929 ) ) ;
#2772 = EDGE_CURVE ( 'NONE', #896, #3547, #2894, .T. ) ;
#2773 = CARTESIAN_POINT ( 'NONE',  ( 35.75825000000000387, -28.34975000000000023, 0.000000000000000000 ) ) ;
#2774 = VERTEX_POINT ( 'NONE', #1482 ) ;
#2775 = EDGE_CURVE ( 'NONE', #2510, #3828, #1070, .T. ) ;
#2776 = FACE_OUTER_BOUND ( 'NONE', #894, .T. ) ;
#2777 = DIRECTION ( 'NONE',  ( 1.000000000000000000, 0.000000000000000000, 0.000000000000000000 ) ) ;
#2778 = PLANE ( 'NONE',  #159 ) ;
#2779 = ORIENTED_EDGE ( 'NONE', *, *, #1500, .T. ) ;
#2780 = VECTOR ( 'NONE', #2631, 1000.000000000000000 ) ;
#2781 = ORIENTED_EDGE ( 'NONE', *, *, #1203, .T. ) ;
#2782 = CARTESIAN_POINT ( 'NONE',  ( 12.15499999999999936, -29.18499999999999872, 0.000000000000000000 ) ) ;
#2783 = DIRECTION ( 'NONE',  ( 1.000000000000000000, 0.000000000000000000, 0.000000000000000000 ) ) ;
#2784 = VECTOR ( 'NONE', #2887, 1000.000000000000000 ) ;
#2785 = CARTESIAN_POINT ( 'NONE',  ( 59.77799999999999869, -37.37500000000000000, 0.000000000000000000 ) ) ;
#2786 = ORIENTED_EDGE ( 'NONE', *, *, #1116, .F. ) ;
#2787 = EDGE_CURVE ( 'NONE', #236, #1884, #2525, .T. ) ;
#2788 = ADVANCED_FACE ( 'NONE', ( #3723 ), #3989, .F. ) ;
#2789 = ORIENTED_EDGE ( 'NONE', *, *, #657, .T. ) ;
#2790 = CARTESIAN_POINT ( 'NONE',  ( 69.79099999999999682, -13.35599999999999810, 17.19999999999999929 ) ) ;
#2791 = VECTOR ( 'NONE', #90, 1000.000000000000114 ) ;
#2792 = CARTESIAN_POINT ( 'NONE',  ( -18.73700000000000188, -42.55700000000000216, 0.000000000000000000 ) ) ;
#2793 = AXIS2_PLACEMENT_3D ( 'NONE', #3902, #3830, #632 ) ;
#2794 = EDGE_LOOP ( 'NONE', ( #1359, #3264 ) ) ;
#2795 = VERTEX_POINT ( 'NONE', #1917 ) ;
#2796 = CARTESIAN_POINT ( 'NONE',  ( 23.20132459316952023, -29.59585533463140905, 7.500000000000000000 ) ) ;
#2797 = DIRECTION ( 'NONE',  ( -0.000000000000000000, -0.000000000000000000, -1.000000000000000000 ) ) ;
#2798 = CARTESIAN_POINT ( 'NONE',  ( 79.47899999999999920, -39.12500000000000000, 17.19999999999999929 ) ) ;
#2799 = ORIENTED_EDGE ( 'NONE', *, *, #4422, .F. ) ;
#2800 = CARTESIAN_POINT ( 'NONE',  ( 73.90999999999999659, -35.72299999999999898, 17.19999999999999929 ) ) ;
#2801 = DIRECTION ( 'NONE',  ( -1.000000000000000000, 0.000000000000000000, 0.000000000000000000 ) ) ;
#2802 = DIRECTION ( 'NONE',  ( 0.7071067811865474617, -0.7071067811865474617, 0.000000000000000000 ) ) ;
#2803 = ADVANCED_FACE ( 'NONE', ( #4525 ), #2704, .T. ) ;
#2804 = VECTOR ( 'NONE', #3762, 1000.000000000000000 ) ;
#2805 = ORIENTED_EDGE ( 'NONE', *, *, #4, .T. ) ;
#2806 = ORIENTED_EDGE ( 'NONE', *, *, #3676, .T. ) ;
#2807 = LINE ( 'NONE', #1346, #3243 ) ;
#2808 = ADVANCED_FACE ( 'NONE', ( #1288 ), #2347, .F. ) ;
#2809 = CARTESIAN_POINT ( 'NONE',  ( 22.30825000000000102, -28.70324999999999704, -1.199999999999999956 ) ) ;
#2810 = PLANE ( 'NONE',  #2468 ) ;
#2811 = ORIENTED_EDGE ( 'NONE', *, *, #855, .F. ) ;
#2812 = AXIS2_PLACEMENT_3D ( 'NONE', #343, #695, #1095 ) ;
#2813 = ORIENTED_EDGE ( 'NONE', *, *, #4153, .T. ) ;
#2814 = PLANE ( 'NONE',  #949 ) ;
#2815 = EDGE_CURVE ( 'NONE', #4259, #1548, #4107, .T. ) ;
#2816 = CARTESIAN_POINT ( 'NONE',  ( -18.73700000000000188, -42.05700000000000216, -1.199999999999999956 ) ) ;
#2817 = EDGE_CURVE ( 'NONE', #3523, #3559, #4590, .T. ) ;
#2818 = EDGE_CURVE ( 'NONE', #1899, #2886, #97, .T. ) ;
#2819 = LOCAL_TIME ( 20, 54, 59.00000000000000000, #4473 ) ;
#2820 = VERTEX_POINT ( 'NONE', #3414 ) ;
#2821 = CARTESIAN_POINT ( 'NONE',  ( 64.75000000000000000, 9.106999999999999318, 9.900000000000000355 ) ) ;
#2822 = FACE_OUTER_BOUND ( 'NONE', #1749, .T. ) ;
#2823 = VERTEX_POINT ( 'NONE', #3013 ) ;
#2824 = DIRECTION ( 'NONE',  ( 1.000000000000000000, 0.000000000000000000, 0.000000000000000000 ) ) ;
#2825 = APPLICATION_CONTEXT ( 'configuration controlled 3d designs of mechanical parts and assemblies' ) ;
#2826 = CARTESIAN_POINT ( 'NONE',  ( 7.320453044444428237, -39.81981245268968195, 0.000000000000000000 ) ) ;
#2827 = CARTESIAN_POINT ( 'NONE',  ( 35.75825000000000387, -28.34975000000000023, -1.199999999999999956 ) ) ;
#2828 = EDGE_LOOP ( 'NONE', ( #2578, #3214, #4135, #2284 ) ) ;
#2829 = EDGE_LOOP ( 'NONE', ( #718, #2201 ) ) ;
#2830 = CARTESIAN_POINT ( 'NONE',  ( -7.635000000000000675, 25.59199999999999875, -1.199999999999999956 ) ) ;
#2831 = CARTESIAN_POINT ( 'NONE',  ( 21.95474999999999710, -28.34975000000000023, -1.199999999999999956 ) ) ;
#2832 = CARTESIAN_POINT ( 'NONE',  ( 64.78983864623027955, 8.793935313645533824, 12.40000000000000213 ) ) ;
#2833 = AXIS2_PLACEMENT_3D ( 'NONE', #1553, #2392, #461 ) ;
#2834 = VERTEX_POINT ( 'NONE', #3774 ) ;
#2835 = AXIS2_PLACEMENT_3D ( 'NONE', #345, #2513, #26 ) ;
#2836 = ORIENTED_EDGE ( 'NONE', *, *, #823, .T. ) ;
#2837 = LINE ( 'NONE', #4583, #1488 ) ;
#2838 = CARTESIAN_POINT ( 'NONE',  ( -22.72403827360087902, -39.81997918254900526, 17.19999999999999929 ) ) ;
#2839 = EDGE_CURVE ( 'NONE', #4096, #530, #400, .T. ) ;
#2840 = AXIS2_PLACEMENT_3D ( 'NONE', #3756, #3464, #1292 ) ;
#2841 = ORIENTED_EDGE ( 'NONE', *, *, #4658, .T. ) ;
#2842 = ORIENTED_EDGE ( 'NONE', *, *, #4396, .F. ) ;
#2843 = DIRECTION ( 'NONE',  ( 1.000000000000000000, 0.000000000000000000, 0.000000000000000000 ) ) ;
#2844 = DIRECTION ( 'NONE',  ( 0.000000000000000000, -1.000000000000000000, 0.000000000000000000 ) ) ;
#2845 = LINE ( 'NONE', #2773, #3818 ) ;
#2846 = AXIS2_PLACEMENT_3D ( 'NONE', #1518, #1496, #2953 ) ;
#2847 = ORIENTED_EDGE ( 'NONE', *, *, #3063, .T. ) ;
#2848 = EDGE_CURVE ( 'NONE', #425, #511, #1987, .T. ) ;
#2849 = EDGE_CURVE ( 'NONE', #57, #4502, #2912, .T. ) ;
#2850 = CYLINDRICAL_SURFACE ( 'NONE', #296, 4.099999999999999645 ) ;
#2851 = FACE_BOUND ( 'NONE', #2142, .T. ) ;
#2852 = LINE ( 'NONE', #3157, #1685 ) ;
#2853 = ORIENTED_EDGE ( 'NONE', *, *, #233, .F. ) ;
#2854 = EDGE_LOOP ( 'NONE', ( #4073, #4345 ) ) ;
#2855 = FACE_OUTER_BOUND ( 'NONE', #2828, .T. ) ;
#2856 = DIRECTION ( 'NONE',  ( 0.7071067811865474617, -0.7071067811865475727, 0.000000000000000000 ) ) ;
#2857 = DIRECTION ( 'NONE',  ( 0.000000000000000000, 0.000000000000000000, -1.000000000000000000 ) ) ;
#2858 = ORIENTED_EDGE ( 'NONE', *, *, #220, .T. ) ;
#2859 = VERTEX_POINT ( 'NONE', #832 ) ;
#2860 = DIRECTION ( 'NONE',  ( -1.000000000000000000, 0.000000000000000000, 0.000000000000000000 ) ) ;
#2861 = CARTESIAN_POINT ( 'NONE',  ( 63.50000000000000000, 9.106999999999999318, 14.90000000000000036 ) ) ;
#2862 = APPROVAL ( #2987, 'æœª' ) ;
#2863 = ORIENTED_EDGE ( 'NONE', *, *, #3452, .F. ) ;
#2864 = VERTEX_POINT ( 'NONE', #122 ) ;
#2865 = DIRECTION ( 'NONE',  ( -0.000000000000000000, -0.000000000000000000, -1.000000000000000000 ) ) ;
#2866 = EDGE_CURVE ( 'NONE', #3730, #3692, #2984, .T. ) ;
#2867 = DIRECTION ( 'NONE',  ( 0.000000000000000000, 0.000000000000000000, 1.000000000000000000 ) ) ;
#2868 = AXIS2_PLACEMENT_3D ( 'NONE', #1067, #2911, #1092 ) ;
#2869 = DIRECTION ( 'NONE',  ( -1.000000000000000000, 0.000000000000000000, 0.000000000000000000 ) ) ;
#2870 = EDGE_LOOP ( 'NONE', ( #2694, #2733, #3793, #3852, #4292, #1580 ) ) ;
#2871 = DIRECTION ( 'NONE',  ( 1.000000000000000000, 0.000000000000000000, 0.000000000000000000 ) ) ;
#2872 = DIRECTION ( 'NONE',  ( -1.000000000000000000, 0.000000000000000000, 0.000000000000000000 ) ) ;
#2873 = ADVANCED_FACE ( 'NONE', ( #1265 ), #927, .F. ) ;
#2874 = ADVANCED_FACE ( 'NONE', ( #1245 ), #3036, .F. ) ;
#2875 = FACE_OUTER_BOUND ( 'NONE', #3674, .T. ) ;
#2876 = VERTEX_POINT ( 'NONE', #2679 ) ;
#2877 = DIRECTION ( 'NONE',  ( 0.000000000000000000, -1.000000000000000000, 0.000000000000000000 ) ) ;
#2878 = DIRECTION ( 'NONE',  ( 0.000000000000000000, 0.000000000000000000, 1.000000000000000000 ) ) ;
#2879 = DIRECTION ( 'NONE',  ( 1.000000000000000000, 0.000000000000000000, 0.000000000000000000 ) ) ;
#2880 = EDGE_LOOP ( 'NONE', ( #4420, #637 ) ) ;
#2881 = EDGE_LOOP ( 'NONE', ( #2811, #3247 ) ) ;
#2882 = DIRECTION ( 'NONE',  ( -0.000000000000000000, -0.000000000000000000, -1.000000000000000000 ) ) ;
#2883 = CIRCLE ( 'NONE', #3869, 0.01285943191635385840 ) ;
#2884 = LINE ( 'NONE', #4343, #3033 ) ;
#2885 = CARTESIAN_POINT ( 'NONE',  ( 47.45499999999999829, -5.384999999999999787, 17.19999999999999929 ) ) ;
#2886 = VERTEX_POINT ( 'NONE', #2299 ) ;
#2887 = DIRECTION ( 'NONE',  ( 0.7071067811865474617, 0.7071067811865475727, 0.000000000000000000 ) ) ;
#2888 = DIRECTION ( 'NONE',  ( 0.000000000000000000, 0.000000000000000000, -1.000000000000000000 ) ) ;
#2889 = VECTOR ( 'NONE', #671, 1000.000000000000000 ) ;
#2890 = CARTESIAN_POINT ( 'NONE',  ( 34.51135267346736413, -29.59573157850275393, 0.000000000000000000 ) ) ;
#2891 = ORIENTED_EDGE ( 'NONE', *, *, #644, .T. ) ;
#2892 = DIRECTION ( 'NONE',  ( 1.000000000000000000, 0.000000000000000000, 0.000000000000000000 ) ) ;
#2893 = LINE ( 'NONE', #2940, #167 ) ;
#2894 = LINE ( 'NONE', #2561, #995 ) ;
#2895 = ORIENTED_EDGE ( 'NONE', *, *, #1117, .F. ) ;
#2896 = DIRECTION ( 'NONE',  ( 1.000000000000000000, 0.000000000000000000, 0.000000000000000000 ) ) ;
#2897 = EDGE_CURVE ( 'NONE', #305, #1669, #3751, .T. ) ;
#2898 = EDGE_CURVE ( 'NONE', #1934, #1200, #860, .T. ) ;
#2899 = DIRECTION ( 'NONE',  ( -0.000000000000000000, -0.000000000000000000, -1.000000000000000000 ) ) ;
#2900 = DIRECTION ( 'NONE',  ( -0.1744207395498072188, -0.9846712170135260012, 0.000000000000000000 ) ) ;
#2901 = ORIENTED_EDGE ( 'NONE', *, *, #2669, .T. ) ;
#2902 = VECTOR ( 'NONE', #2152, 1000.000000000000114 ) ;
#2903 = VERTEX_POINT ( 'NONE', #1649 ) ;
#2904 = DIRECTION ( 'NONE',  ( 0.000000000000000000, 0.000000000000000000, 1.000000000000000000 ) ) ;
#2905 = ADVANCED_FACE ( 'NONE', ( #3103 ), #2745, .F. ) ;
#2906 = EDGE_CURVE ( 'NONE', #3149, #2072, #4476, .T. ) ;
#2907 = DIRECTION ( 'NONE',  ( 0.000000000000000000, 0.000000000000000000, 1.000000000000000000 ) ) ;
#2908 = VECTOR ( 'NONE', #3966, 1000.000000000000000 ) ;
#2909 = DIRECTION ( 'NONE',  ( 0.000000000000000000, 0.000000000000000000, 1.000000000000000000 ) ) ;
#2910 = ORIENTED_EDGE ( 'NONE', *, *, #681, .T. ) ;
#2911 = DIRECTION ( 'NONE',  ( 0.000000000000000000, 0.000000000000000000, -1.000000000000000000 ) ) ;
#2912 = CIRCLE ( 'NONE', #3901, 4.100000000000006750 ) ;
#2913 = CARTESIAN_POINT ( 'NONE',  ( 65.70999999999999375, -35.72299999999999898, 15.19999999999999929 ) ) ;
#2914 = CIRCLE ( 'NONE', #3138, 1.250000000000000000 ) ;
#2915 = ORIENTED_EDGE ( 'NONE', *, *, #3153, .T. ) ;
#2916 = CYLINDRICAL_SURFACE ( 'NONE', #1511, 1.762731697361359595 ) ;
#2917 = AXIS2_PLACEMENT_3D ( 'NONE', #4489, #3691, #822 ) ;
#2918 = FACE_OUTER_BOUND ( 'NONE', #1513, .T. ) ;
#2919 = CARTESIAN_POINT ( 'NONE',  ( 66.00000000000000000, 9.106999999999999318, 17.19999999999999929 ) ) ;
#2920 = ORIENTED_EDGE ( 'NONE', *, *, #1106, .T. ) ;
#2921 = EDGE_CURVE ( 'NONE', #2820, #3991, #621, .T. ) ;
#2922 = VERTEX_POINT ( 'NONE', #291 ) ;
#2923 = CIRCLE ( 'NONE', #1012, 2.500000000000002220 ) ;
#2924 = DIRECTION ( 'NONE',  ( 0.000000000000000000, -0.000000000000000000, -1.000000000000000000 ) ) ;
#2925 = DIRECTION ( 'NONE',  ( 1.000000000000000000, 0.000000000000000000, 0.000000000000000000 ) ) ;
#2926 = ORIENTED_EDGE ( 'NONE', *, *, #1410, .F. ) ;
#2927 = EDGE_LOOP ( 'NONE', ( #1959, #993, #1871, #3777 ) ) ;
#2928 = CARTESIAN_POINT ( 'NONE',  ( 59.04099999999999682, -13.35599999999999987, 15.19999999999999929 ) ) ;
#2929 = CARTESIAN_POINT ( 'NONE',  ( 42.51200000000000045, -35.58299999999999841, 15.19999999999999929 ) ) ;
#2930 = CARTESIAN_POINT ( 'NONE',  ( 59.14699999999999847, 12.09699999999999953, 15.19999999999999929 ) ) ;
#2931 = ADVANCED_FACE ( 'NONE', ( #2822 ), #1774, .F. ) ;
#2932 = ADVANCED_FACE ( 'NONE', ( #668 ), #2440, .F. ) ;
#2933 = ORIENTED_EDGE ( 'NONE', *, *, #4657, .F. ) ;
#2934 = CARTESIAN_POINT ( 'NONE',  ( -18.73680764369801466, -39.82022954201941900, 0.000000000000000000 ) ) ;
#2935 = AXIS2_PLACEMENT_3D ( 'NONE', #3702, #2993, #3342 ) ;
#2936 = FACE_OUTER_BOUND ( 'NONE', #3805, .T. ) ;
#2937 = AXIS2_PLACEMENT_3D ( 'NONE', #3504, #994, #2483 ) ;
#2938 = VERTEX_POINT ( 'NONE', #3483 ) ;
#2939 = LINE ( 'NONE', #2582, #3954 ) ;
#2940 = CARTESIAN_POINT ( 'NONE',  ( 68.37600000000000477, 23.55000000000000071, 17.19999999999999929 ) ) ;
#2941 = PLANE ( 'NONE',  #4126 ) ;
#2942 = AXIS2_PLACEMENT_3D ( 'NONE', #4509, #1229, #2713 ) ;
#2943 = ORIENTED_EDGE ( 'NONE', *, *, #1665, .T. ) ;
#2944 = FACE_OUTER_BOUND ( 'NONE', #3428, .T. ) ;
#2945 = CARTESIAN_POINT ( 'NONE',  ( 75.55200000000000671, -42.05700000000000216, 0.000000000000000000 ) ) ;
#2946 = APPROVAL ( #1940, 'æœª' ) ;
#2947 = DIRECTION ( 'NONE',  ( 0.000000000000000000, 0.000000000000000000, 1.000000000000000000 ) ) ;
#2948 = ORIENTED_EDGE ( 'NONE', *, *, #3775, .T. ) ;
#2949 = ORIENTED_EDGE ( 'NONE', *, *, #29, .T. ) ;
#2950 = ORIENTED_EDGE ( 'NONE', *, *, #3388, .T. ) ;
#2951 = CARTESIAN_POINT ( 'NONE',  ( -11.89003969963638596, 10.22304907451716538, 0.9999999999999995559 ) ) ;
#2952 = PLANE ( 'NONE',  #814 ) ;
#2953 = DIRECTION ( 'NONE',  ( 1.000000000000000000, 0.000000000000000000, 0.000000000000000000 ) ) ;
#2954 = VECTOR ( 'NONE', #4369, 1000.000000000000000 ) ;
#2955 = EDGE_LOOP ( 'NONE', ( #382, #1210, #1912, #292 ) ) ;
#2956 = FACE_BOUND ( 'NONE', #2294, .T. ) ;
#2957 = DIRECTION ( 'NONE',  ( -0.7071067811865476838, 0.7071067811865474617, 0.000000000000000000 ) ) ;
#2958 = EDGE_CURVE ( 'NONE', #2903, #1184, #1073, .T. ) ;
#2959 = EDGE_CURVE ( 'NONE', #2385, #468, #3176, .T. ) ;
#2960 = AXIS2_PLACEMENT_3D ( 'NONE', #4039, #1151, #2587 ) ;
#2961 = VERTEX_POINT ( 'NONE', #3532 ) ;
#2962 = AXIS2_PLACEMENT_3D ( 'NONE', #4621, #269, #3919 ) ;
#2963 = PERSON_AND_ORGANIZATION ( #1133, #4263 ) ;
#2964 = DIRECTION ( 'NONE',  ( 1.000000000000000000, 0.000000000000000000, 0.000000000000000000 ) ) ;
#2965 = FACE_OUTER_BOUND ( 'NONE', #4426, .T. ) ;
#2966 = ORIENTED_EDGE ( 'NONE', *, *, #3921, .F. ) ;
#2967 = DIRECTION ( 'NONE',  ( -0.000000000000000000, -0.000000000000000000, -1.000000000000000000 ) ) ;
#2968 = CARTESIAN_POINT ( 'NONE',  ( 68.68151711208616916, 10.35699999999999932, 4.999999999999999112 ) ) ;
#2969 = DIRECTION ( 'NONE',  ( -0.000000000000000000, -0.000000000000000000, -1.000000000000000000 ) ) ;
#2970 = ORIENTED_EDGE ( 'NONE', *, *, #424, .F. ) ;
#2971 = VERTEX_POINT ( 'NONE', #266 ) ;
#2972 = ORIENTED_EDGE ( 'NONE', *, *, #1202, .T. ) ;
#2973 = CYLINDRICAL_SURFACE ( 'NONE', #4237, 1.250000000000001110 ) ;
#2974 = CARTESIAN_POINT ( 'NONE',  ( 12.15499999999999936, -29.18499999999999872, 17.19999999999999929 ) ) ;
#2975 = CARTESIAN_POINT ( 'NONE',  ( -8.761300203470490544, 16.42231439743007115, 1.000000000000000000 ) ) ;
#2976 = AXIS2_PLACEMENT_3D ( 'NONE', #2176, #46, #2957 ) ;
#2977 = ORIENTED_EDGE ( 'NONE', *, *, #329, .F. ) ;
#2978 = ORIENTED_EDGE ( 'NONE', *, *, #235, .T. ) ;
#2979 = DIRECTION ( 'NONE',  ( -0.1744207395498071356, -0.9846712170135260012, 0.000000000000000000 ) ) ;
#2980 = EDGE_CURVE ( 'NONE', #3936, #3142, #1723, .T. ) ;
#2981 = DIRECTION ( 'NONE',  ( 0.000000000000000000, 0.000000000000000000, 1.000000000000000000 ) ) ;
#2982 = CIRCLE ( 'NONE', #3512, 2.237319616121274279 ) ;
#2983 = VECTOR ( 'NONE', #1434, 1000.000000000000000 ) ;
#2984 = CIRCLE ( 'NONE', #1921, 3.987020817447783916 ) ;
#2985 = VERTEX_POINT ( 'NONE', #4617 ) ;
#2986 = VECTOR ( 'NONE', #3413, 1000.000000000000114 ) ;
#2987 = APPROVAL_STATUS ( 'not_yet_approved' ) ;
#2988 = DIRECTION ( 'NONE',  ( -0.000000000000000000, -0.000000000000000000, -1.000000000000000000 ) ) ;
#2989 = DIRECTION ( 'NONE',  ( 0.7071067811865476838, -0.7071067811865474617, 0.000000000000000000 ) ) ;
#2990 = EDGE_CURVE ( 'NONE', #4242, #3759, #1338, .T. ) ;
#2991 = EDGE_CURVE ( 'NONE', #884, #1933, #4664, .T. ) ;
#2992 = ORIENTED_EDGE ( 'NONE', *, *, #4184, .T. ) ;
#2993 = DIRECTION ( 'NONE',  ( -0.000000000000000000, -0.000000000000000000, -1.000000000000000000 ) ) ;
#2994 = LINE ( 'NONE', #531, #449 ) ;
#2995 = CARTESIAN_POINT ( 'NONE',  ( 75.55200000000000671, -42.05700000000000216, -1.199999999999999956 ) ) ;
#2996 = VECTOR ( 'NONE', #3002, 1000.000000000000000 ) ;
#2997 = ORIENTED_EDGE ( 'NONE', *, *, #2658, .T. ) ;
#2998 = EDGE_LOOP ( 'NONE', ( #4188, #3331, #3990, #1420, #2781 ) ) ;
#2999 = ORIENTED_EDGE ( 'NONE', *, *, #3162, .T. ) ;
#3000 = CARTESIAN_POINT ( 'NONE',  ( 23.20100000000000051, -28.33300000000000196, -1.199999999999999956 ) ) ;
#3001 = DIRECTION ( 'NONE',  ( 0.000000000000000000, 0.000000000000000000, 1.000000000000000000 ) ) ;
#3002 = DIRECTION ( 'NONE',  ( 0.000000000000000000, 0.000000000000000000, -1.000000000000000000 ) ) ;
#3003 = ORIENTED_EDGE ( 'NONE', *, *, #3162, .F. ) ;
#3004 = ORIENTED_EDGE ( 'NONE', *, *, #1990, .T. ) ;
#3005 = LINE ( 'NONE', #803, #652 ) ;
#3006 = EDGE_CURVE ( 'NONE', #4708, #4642, #4302, .T. ) ;
#3007 = CARTESIAN_POINT ( 'NONE',  ( 23.20100000000000051, -27.83299999999999841, -1.199999999999999956 ) ) ;
#3008 = AXIS2_PLACEMENT_3D ( 'NONE', #3565, #1754, #3206 ) ;
#3009 = EDGE_LOOP ( 'NONE', ( #611, #3240, #1180, #826 ) ) ;
#3010 = EDGE_CURVE ( 'NONE', #3955, #3730, #2130, .T. ) ;
#3011 = CIRCLE ( 'NONE', #3620, 1.986770457171336046 ) ;
#3012 = LINE ( 'NONE', #3817, #3746 ) ;
#3013 = CARTESIAN_POINT ( 'NONE',  ( -5.969000000000000306, 1.614000000000000101, 0.000000000000000000 ) ) ;
#3014 = VERTEX_POINT ( 'NONE', #2084 ) ;
#3015 = LINE ( 'NONE', #3369, #344 ) ;
#3016 = VECTOR ( 'NONE', #3645, 1000.000000000000000 ) ;
#3017 = CARTESIAN_POINT ( 'NONE',  ( -9.591000000000001080, 23.20200000000000529, 15.19999999999999929 ) ) ;
#3018 = ADVANCED_FACE ( 'NONE', ( #1362 ), #1672, .F. ) ;
#3019 = EDGE_CURVE ( 'NONE', #3302, #802, #4438, .T. ) ;
#3020 = FACE_OUTER_BOUND ( 'NONE', #1179, .T. ) ;
#3021 = LINE ( 'NONE', #1512, #4531 ) ;
#3022 = ORIENTED_EDGE ( 'NONE', *, *, #1647, .T. ) ;
#3023 = VERTEX_POINT ( 'NONE', #4326 ) ;
#3024 = ORIENTED_EDGE ( 'NONE', *, *, #2818, .T. ) ;
#3025 = DIRECTION ( 'NONE',  ( 0.7071067811865474617, -0.7071067811865475727, 0.000000000000000000 ) ) ;
#3026 = CARTESIAN_POINT ( 'NONE',  ( -2.822000000000000508, -37.37500000000000000, 15.19999999999999929 ) ) ;
#3027 = DIRECTION ( 'NONE',  ( -0.9846712170135260012, 0.1744207395498071356, -0.000000000000000000 ) ) ;
#3028 = ORIENTED_EDGE ( 'NONE', *, *, #3389, .T. ) ;
#3029 = ORIENTED_EDGE ( 'NONE', *, *, #3051, .F. ) ;
#3030 = LINE ( 'NONE', #4075, #2791 ) ;
#3031 = DIRECTION ( 'NONE',  ( 1.000000000000000000, 0.000000000000000000, 0.000000000000000000 ) ) ;
#3032 = ORIENTED_EDGE ( 'NONE', *, *, #329, .T. ) ;
#3033 = VECTOR ( 'NONE', #4023, 1000.000000000000000 ) ;
#3034 =( LENGTH_UNIT ( ) NAMED_UNIT ( * ) SI_UNIT ( .MILLI., .METRE. ) );
#3035 = LINE ( 'NONE', #2366, #2986 ) ;
#3036 = CYLINDRICAL_SURFACE ( 'NONE', #1998, 1.249999999999999778 ) ;
#3037 = CIRCLE ( 'NONE', #293, 2.500000000000002220 ) ;
#3038 = VERTEX_POINT ( 'NONE', #217 ) ;
#3039 = CARTESIAN_POINT ( 'NONE',  ( 23.53399999999999892, -29.58299999999999841, 0.000000000000000000 ) ) ;
#3040 = CYLINDRICAL_SURFACE ( 'NONE', #2199, 2.236801744450470864 ) ;
#3041 = PRODUCT_DEFINITION_FORMATION_WITH_SPECIFIED_SOURCE ( 'ä»', '', #685, .NOT_KNOWN. ) ;
#3042 = CARTESIAN_POINT ( 'NONE',  ( 50.39218188497116557, -39.81966170673928218, 15.19999999999999929 ) ) ;
#3043 = DIRECTION ( 'NONE',  ( -1.000000000000000000, 0.000000000000000000, 0.000000000000000000 ) ) ;
#3044 = ORIENTED_EDGE ( 'NONE', *, *, #4275, .T. ) ;
#3045 = ORIENTED_EDGE ( 'NONE', *, *, #3006, .T. ) ;
#3046 = EDGE_CURVE ( 'NONE', #4642, #3955, #696, .T. ) ;
#3047 = PLANE ( 'NONE',  #356 ) ;
#3048 = CARTESIAN_POINT ( 'NONE',  ( 42.51200000000000045, -37.58299999999999841, 7.500000000000000000 ) ) ;
#3049 = DIRECTION ( 'NONE',  ( 1.000000000000000000, 0.000000000000000000, 0.000000000000000000 ) ) ;
#3050 = ORIENTED_EDGE ( 'NONE', *, *, #4536, .T. ) ;
#3051 = EDGE_CURVE ( 'NONE', #1161, #3996, #2601, .T. ) ;
#3052 = EDGE_CURVE ( 'NONE', #4618, #252, #574, .T. ) ;
#3053 = ORIENTED_EDGE ( 'NONE', *, *, #2701, .T. ) ;
#3054 = CARTESIAN_POINT ( 'NONE',  ( -7.635000000000000675, 26.84199999999999875, 17.19999999999999929 ) ) ;
#3055 = CARTESIAN_POINT ( 'NONE',  ( 75.55224658615374267, -39.81970595040655070, 0.000000000000000000 ) ) ;
#3056 = ORIENTED_EDGE ( 'NONE', *, *, #1823, .F. ) ;
#3057 = VECTOR ( 'NONE', #3625, 1000.000000000000000 ) ;
#3058 = CARTESIAN_POINT ( 'NONE',  ( -18.73700000000000188, -42.05700000000000216, 0.000000000000000000 ) ) ;
#3059 = VECTOR ( 'NONE', #2989, 1000.000000000000000 ) ;
#3060 = DIRECTION ( 'NONE',  ( 0.000000000000000000, 0.000000000000000000, -1.000000000000000000 ) ) ;
#3061 = AXIS2_PLACEMENT_3D ( 'NONE', #3156, #3179, #4307 ) ;
#3062 = ORIENTED_EDGE ( 'NONE', *, *, #1501, .F. ) ;
#3063 = EDGE_CURVE ( 'NONE', #888, #1827, #2845, .T. ) ;
#3064 = CARTESIAN_POINT ( 'NONE',  ( 50.39300000000000068, -43.80700000000000216, 17.19999999999999929 ) ) ;
#3065 = DIRECTION ( 'NONE',  ( 0.000000000000000000, 0.000000000000000000, -1.000000000000000000 ) ) ;
#3066 = DIRECTION ( 'NONE',  ( 0.000000000000000000, 0.000000000000000000, -1.000000000000000000 ) ) ;
#3067 = ADVANCED_FACE ( 'NONE', ( #2058 ), #3506, .F. ) ;
#3068 = EDGE_LOOP ( 'NONE', ( #1358, #870, #3225, #3234, #3900, #2282 ) ) ;
#3069 = VERTEX_POINT ( 'NONE', #2154 ) ;
#3070 = CARTESIAN_POINT ( 'NONE',  ( 35.40474999999999994, -28.70324999999999704, 0.000000000000000000 ) ) ;
#3071 = DIRECTION ( 'NONE',  ( 0.000000000000000000, -0.000000000000000000, 1.000000000000000000 ) ) ;
#3072 = DIRECTION ( 'NONE',  ( 0.000000000000000000, -0.000000000000000000, 1.000000000000000000 ) ) ;
#3073 = ORIENTED_EDGE ( 'NONE', *, *, #1711, .F. ) ;
#3074 = ORIENTED_EDGE ( 'NONE', *, *, #4486, .T. ) ;
#3075 = CYLINDRICAL_SURFACE ( 'NONE', #2181, 3.500000000000000000 ) ;
#3076 = AXIS2_PLACEMENT_3D ( 'NONE', #1487, #466, #3636 ) ;
#3077 = DIRECTION ( 'NONE',  ( 0.000000000000000000, 0.000000000000000000, 1.000000000000000000 ) ) ;
#3078 = EDGE_CURVE ( 'NONE', #3325, #2834, #3672, .T. ) ;
#3079 = EDGE_CURVE ( 'NONE', #1007, #3142, #2303, .T. ) ;
#3080 = ORIENTED_EDGE ( 'NONE', *, *, #4396, .T. ) ;
#3081 = LINE ( 'NONE', #3058, #4050 ) ;
#3082 = DIRECTION ( 'NONE',  ( 1.000000000000000000, 0.000000000000000000, 0.000000000000000000 ) ) ;
#3083 = ORIENTED_EDGE ( 'NONE', *, *, #3599, .T. ) ;
#3084 = AXIS2_PLACEMENT_3D ( 'NONE', #2611, #1581, #4427 ) ;
#3085 = DIRECTION ( 'NONE',  ( 0.000000000000000000, 0.000000000000000000, 1.000000000000000000 ) ) ;
#3086 = CARTESIAN_POINT ( 'NONE',  ( -18.73700000000000188, -43.80700000000000216, 17.19999999999999929 ) ) ;
#3087 = DIRECTION ( 'NONE',  ( -1.000000000000000000, 0.000000000000000000, 0.000000000000000000 ) ) ;
#3088 = CARTESIAN_POINT ( 'NONE',  ( 7.320000000000001172, -42.05700000000000216, -1.199999999999999956 ) ) ;
#3089 = ORIENTED_EDGE ( 'NONE', *, *, #272, .T. ) ;
#3090 = ORIENTED_EDGE ( 'NONE', *, *, #3275, .F. ) ;
#3091 = CARTESIAN_POINT ( 'NONE',  ( 8.901750000000001606, -41.40274999999999750, -1.199999999999999956 ) ) ;
#3092 = LINE ( 'NONE', #134, #2804 ) ;
#3093 = AXIS2_PLACEMENT_3D ( 'NONE', #3118, #638, #612 ) ;
#3094 = LINE ( 'NONE', #3426, #1852 ) ;
#3095 = ORIENTED_EDGE ( 'NONE', *, *, #1053, .T. ) ;
#3096 = ORIENTED_EDGE ( 'NONE', *, *, #1857, .T. ) ;
#3097 = CARTESIAN_POINT ( 'NONE',  ( 22.30825000000000102, -28.70324999999999704, 0.000000000000000000 ) ) ;
#3098 = CARTESIAN_POINT ( 'NONE',  ( 65.34184081020077883, 10.16969773730954252, 14.90000000000000036 ) ) ;
#3099 = ORIENTED_EDGE ( 'NONE', *, *, #941, .F. ) ;
#3100 = ADVANCED_FACE ( 'NONE', ( #1795 ), #2509, .F. ) ;
#3101 = ADVANCED_FACE ( 'NONE', ( #491 ), #3826, .T. ) ;
#3102 = DIRECTION ( 'NONE',  ( 0.000000000000000000, 0.000000000000000000, 1.000000000000000000 ) ) ;
#3103 = FACE_OUTER_BOUND ( 'NONE', #2252, .T. ) ;
#3104 = ORIENTED_EDGE ( 'NONE', *, *, #1646, .T. ) ;
#3105 = VECTOR ( 'NONE', #1331, 1000.000000000000000 ) ;
#3106 = LINE ( 'NONE', #2484, #2902 ) ;
#3107 = DIRECTION ( 'NONE',  ( 0.000000000000000000, 0.000000000000000000, 1.000000000000000000 ) ) ;
#3108 = DIRECTION ( 'NONE',  ( -0.000000000000000000, -1.000000000000000000, -0.000000000000000000 ) ) ;
#3109 = AXIS2_PLACEMENT_3D ( 'NONE', #3493, #4603, #255 ) ;
#3110 = DIRECTION ( 'NONE',  ( 0.000000000000000000, 0.000000000000000000, 1.000000000000000000 ) ) ;
#3111 = ORIENTED_EDGE ( 'NONE', *, *, #2116, .T. ) ;
#3112 = ORIENTED_EDGE ( 'NONE', *, *, #1971, .F. ) ;
#3113 = CARTESIAN_POINT ( 'NONE',  ( -6.322000000000000064, -37.37500000000000000, 15.19999999999999929 ) ) ;
#3114 = CYLINDRICAL_SURFACE ( 'NONE', #1893, 4.099999999999998757 ) ;
#3115 = FACE_BOUND ( 'NONE', #2829, .T. ) ;
#3116 = ORIENTED_EDGE ( 'NONE', *, *, #2005, .F. ) ;
#3117 = ORIENTED_EDGE ( 'NONE', *, *, #4030, .T. ) ;
#3118 = CARTESIAN_POINT ( 'NONE',  ( 75.55224658615374267, -39.81970595040655070, 0.000000000000000000 ) ) ;
#3119 = LINE ( 'NONE', #4563, #3663 ) ;
#3120 = EDGE_CURVE ( 'NONE', #2622, #534, #837, .T. ) ;
#3121 = ORIENTED_EDGE ( 'NONE', *, *, #2959, .F. ) ;
#3122 = DIRECTION ( 'NONE',  ( 0.1744207395498071356, 0.9846712170135260012, 0.000000000000000000 ) ) ;
#3123 = DIRECTION ( 'NONE',  ( 0.000000000000000000, 0.000000000000000000, 1.000000000000000000 ) ) ;
#3124 = DIRECTION ( 'NONE',  ( 0.000000000000000000, 0.000000000000000000, 1.000000000000000000 ) ) ;
#3125 = CIRCLE ( 'NONE', #3584, 1.262769446279045304 ) ;
#3126 = ORIENTED_EDGE ( 'NONE', *, *, #3245, .T. ) ;
#3127 = DIRECTION ( 'NONE',  ( 1.000000000000000000, 0.000000000000000000, 0.000000000000000000 ) ) ;
#3128 = AXIS2_PLACEMENT_3D ( 'NONE', #2326, #4547, #3797 ) ;
#3129 = DIRECTION ( 'NONE',  ( 0.000000000000000000, 0.000000000000000000, 1.000000000000000000 ) ) ;
#3130 = EDGE_CURVE ( 'NONE', #3991, #2876, #2016, .T. ) ;
#3131 = EDGE_CURVE ( 'NONE', #3490, #207, #2730, .T. ) ;
#3132 = LINE ( 'NONE', #250, #2908 ) ;
#3133 = AXIS2_PLACEMENT_3D ( 'NONE', #2826, #4283, #3942 ) ;
#3134 = ORIENTED_EDGE ( 'NONE', *, *, #4470, .T. ) ;
#3135 = ORIENTED_EDGE ( 'NONE', *, *, #2090, .F. ) ;
#3136 = AXIS2_PLACEMENT_3D ( 'NONE', #863, #4505, #103 ) ;
#3137 = DIRECTION ( 'NONE',  ( 0.000000000000000000, 0.000000000000000000, 1.000000000000000000 ) ) ;
#3138 = AXIS2_PLACEMENT_3D ( 'NONE', #901, #1264, #2272 ) ;
#3139 = DIRECTION ( 'NONE',  ( 1.000000000000000000, 0.000000000000000000, 0.000000000000000000 ) ) ;
#3140 = CYLINDRICAL_SURFACE ( 'NONE', #2767, 10.74999999999999645 ) ;
#3141 = ORIENTED_EDGE ( 'NONE', *, *, #4596, .T. ) ;
#3142 = VERTEX_POINT ( 'NONE', #2373 ) ;
#3143 = CARTESIAN_POINT ( 'NONE',  ( 23.53399999999999892, -25.58299999999999841, 3.450000000000000178 ) ) ;
#3144 = CARTESIAN_POINT ( 'NONE',  ( -20.93925000000000125, -39.42949999999999022, -1.199999999999999956 ) ) ;
#3145 = VECTOR ( 'NONE', #4439, 1000.000000000000000 ) ;
#3146 = ORIENTED_EDGE ( 'NONE', *, *, #3641, .T. ) ;
#3147 = EDGE_CURVE ( 'NONE', #903, #1785, #1691, .T. ) ;
#3148 = AXIS2_PLACEMENT_3D ( 'NONE', #635, #2165, #3187 ) ;
#3149 = VERTEX_POINT ( 'NONE', #2306 ) ;
#3150 = LINE ( 'NONE', #3219, #874 ) ;
#3151 = DIRECTION ( 'NONE',  ( 1.000000000000000000, 0.000000000000000000, 0.000000000000000000 ) ) ;
#3152 = DIRECTION ( 'NONE',  ( 0.000000000000000000, 0.000000000000000000, 1.000000000000000000 ) ) ;
#3153 = EDGE_CURVE ( 'NONE', #4099, #4286, #886, .T. ) ;
#3154 = VERTEX_POINT ( 'NONE', #465 ) ;
#3155 = DIRECTION ( 'NONE',  ( 0.000000000000000000, 0.000000000000000000, 1.000000000000000000 ) ) ;
#3156 = CARTESIAN_POINT ( 'NONE',  ( 59.14699999999999847, 12.09699999999999953, 17.19999999999999929 ) ) ;
#3157 = CARTESIAN_POINT ( 'NONE',  ( 55.15299999999999869, -35.72299999999999898, 17.19999999999999929 ) ) ;
#3158 = ORIENTED_EDGE ( 'NONE', *, *, #3535, .F. ) ;
#3159 = AXIS2_PLACEMENT_3D ( 'NONE', #676, #2877, #3319 ) ;
#3160 = ORIENTED_EDGE ( 'NONE', *, *, #4446, .F. ) ;
#3161 = CARTESIAN_POINT ( 'NONE',  ( 77.75525000000001796, -39.42950000000000443, 0.000000000000000000 ) ) ;
#3162 = EDGE_CURVE ( 'NONE', #2180, #4152, #2660, .T. ) ;
#3163 = ADVANCED_FACE ( 'NONE', ( #3020 ), #2708, .F. ) ;
#3164 = FACE_OUTER_BOUND ( 'NONE', #2998, .T. ) ;
#3165 = VECTOR ( 'NONE', #1657, 1000.000000000000000 ) ;
#3166 = LINE ( 'NONE', #4630, #485 ) ;
#3167 = ORIENTED_EDGE ( 'NONE', *, *, #3352, .F. ) ;
#3168 = ORIENTED_EDGE ( 'NONE', *, *, #154, .T. ) ;
#3169 = FACE_OUTER_BOUND ( 'NONE', #447, .T. ) ;
#3170 = VECTOR ( 'NONE', #1085, 1000.000000000000000 ) ;
#3171 = CYLINDRICAL_SURFACE ( 'NONE', #3330, 2.500000000000002220 ) ;
#3172 = AXIS2_PLACEMENT_3D ( 'NONE', #519, #3761, #1540 ) ;
#3173 = ORIENTED_EDGE ( 'NONE', *, *, #4030, .F. ) ;
#3174 = ORIENTED_EDGE ( 'NONE', *, *, #3052, .F. ) ;
#3175 = DIRECTION ( 'NONE',  ( -0.000000000000000000, -1.000000000000000000, -0.000000000000000000 ) ) ;
#3176 = LINE ( 'NONE', #3223, #1770 ) ;
#3177 = ORIENTED_EDGE ( 'NONE', *, *, #1711, .T. ) ;
#3178 = DIRECTION ( 'NONE',  ( 0.000000000000000000, 0.000000000000000000, 1.000000000000000000 ) ) ;
#3179 = DIRECTION ( 'NONE',  ( 0.000000000000000000, 0.000000000000000000, -1.000000000000000000 ) ) ;
#3180 = DIRECTION ( 'NONE',  ( 0.000000000000000000, 0.000000000000000000, 1.000000000000000000 ) ) ;
#3181 = ORIENTED_EDGE ( 'NONE', *, *, #3571, .F. ) ;
#3182 = ADVANCED_FACE ( 'NONE', ( #513 ), #3803, .F. ) ;
#3183 = LINE ( 'NONE', #747, #497 ) ;
#3184 = DIRECTION ( 'NONE',  ( 0.000000000000000000, 0.000000000000000000, -1.000000000000000000 ) ) ;
#3185 = DIRECTION ( 'NONE',  ( 0.000000000000000000, 0.000000000000000000, 1.000000000000000000 ) ) ;
#3186 = CIRCLE ( 'NONE', #3794, 4.100000000000006750 ) ;
#3187 = DIRECTION ( 'NONE',  ( 1.000000000000000000, 0.000000000000000000, 0.000000000000000000 ) ) ;
#3188 = ORIENTED_EDGE ( 'NONE', *, *, #3494, .T. ) ;
#3189 = VECTOR ( 'NONE', #1364, 1000.000000000000000 ) ;
#3190 = VERTEX_POINT ( 'NONE', #1972 ) ;
#3191 = DIRECTION ( 'NONE',  ( 0.000000000000000000, 0.000000000000000000, 1.000000000000000000 ) ) ;
#3192 = CARTESIAN_POINT ( 'NONE',  ( 75.55229909320706838, -39.81964337354579442, 0.000000000000000000 ) ) ;
#3193 = EDGE_CURVE ( 'NONE', #2519, #4193, #2753, .T. ) ;
#3194 = ADVANCED_FACE ( 'NONE', ( #1223 ), #3372, .T. ) ;
#3195 = ORIENTED_EDGE ( 'NONE', *, *, #711, .T. ) ;
#3196 = VERTEX_POINT ( 'NONE', #4112 ) ;
#3197 = CARTESIAN_POINT ( 'NONE',  ( -2.427000000000000046, -13.35599999999999987, 15.19999999999999929 ) ) ;
#3198 = CARTESIAN_POINT ( 'NONE',  ( 56.27799999999999159, -37.37500000000000000, 0.000000000000000000 ) ) ;
#3199 = DIRECTION ( 'NONE',  ( -1.000000000000000000, 0.000000000000000000, 0.000000000000000000 ) ) ;
#3200 = EDGE_LOOP ( 'NONE', ( #4206, #3905, #1628, #2389 ) ) ;
#3201 = DIRECTION ( 'NONE',  ( -1.000000000000000000, 0.000000000000000000, 0.000000000000000000 ) ) ;
#3202 = CYLINDRICAL_SURFACE ( 'NONE', #1530, 2.012712820494644284 ) ;
#3203 = AXIS2_PLACEMENT_3D ( 'NONE', #433, #3717, #385 ) ;
#3204 = FACE_BOUND ( 'NONE', #1865, .T. ) ;
#3205 = ORIENTED_EDGE ( 'NONE', *, *, #4389, .T. ) ;
#3206 = DIRECTION ( 'NONE',  ( 1.000000000000000000, 0.000000000000000000, 0.000000000000000000 ) ) ;
#3207 = DIRECTION ( 'NONE',  ( 0.000000000000000000, -0.000000000000000000, 1.000000000000000000 ) ) ;
#3208 = AXIS2_PLACEMENT_3D ( 'NONE', #3804, #2330, #864 ) ;
#3209 = DIRECTION ( 'NONE',  ( 1.000000000000000000, 0.000000000000000000, 0.000000000000000000 ) ) ;
#3210 = AXIS2_PLACEMENT_3D ( 'NONE', #1481, #2183, #4033 ) ;
#3211 = PLANE ( 'NONE',  #709 ) ;
#3212 = VECTOR ( 'NONE', #243, 1000.000000000000000 ) ;
#3213 = EDGE_LOOP ( 'NONE', ( #2365, #3028, #4453, #3935 ) ) ;
#3214 = ORIENTED_EDGE ( 'NONE', *, *, #1145, .F. ) ;
#3215 = DIRECTION ( 'NONE',  ( 0.7071067811865475727, 0.7071067811865474617, 0.000000000000000000 ) ) ;
#3216 = CARTESIAN_POINT ( 'NONE',  ( 59.04099999999999682, -13.35599999999999987, 15.19999999999999929 ) ) ;
#3217 = VERTEX_POINT ( 'NONE', #177 ) ;
#3218 = ORIENTED_EDGE ( 'NONE', *, *, #1090, .F. ) ;
#3219 = CARTESIAN_POINT ( 'NONE',  ( 66.65225000000000932, 23.24549999999999983, -1.199999999999999956 ) ) ;
#3220 = FACE_OUTER_BOUND ( 'NONE', #2241, .T. ) ;
#3221 = EDGE_CURVE ( 'NONE', #4648, #4068, #320, .T. ) ;
#3222 = ADVANCED_FACE ( 'NONE', ( #2329 ), #3780, .F. ) ;
#3223 = CARTESIAN_POINT ( 'NONE',  ( 61.02799999999999869, -37.37500000000000000, 17.19999999999999929 ) ) ;
#3224 = AXIS2_PLACEMENT_3D ( 'NONE', #3531, #4615, #1065 ) ;
#3225 = ORIENTED_EDGE ( 'NONE', *, *, #539, .F. ) ;
#3226 = LINE ( 'NONE', #2132, #3648 ) ;
#3227 = PLANE ( 'NONE',  #2227 ) ;
#3228 = FACE_OUTER_BOUND ( 'NONE', #153, .T. ) ;
#3229 = ORIENTED_EDGE ( 'NONE', *, *, #327, .F. ) ;
#3230 = EDGE_LOOP ( 'NONE', ( #3752, #1083 ) ) ;
#3231 = DIRECTION ( 'NONE',  ( 1.000000000000000000, 0.000000000000000000, -0.000000000000000000 ) ) ;
#3232 = LINE ( 'NONE', #3879, #2085 ) ;
#3233 = VERTEX_POINT ( 'NONE', #150 ) ;
#3234 = ORIENTED_EDGE ( 'NONE', *, *, #1765, .F. ) ;
#3235 = CARTESIAN_POINT ( 'NONE',  ( 23.20100000000000051, -28.33300000000000196, 0.000000000000000000 ) ) ;
#3236 = DIRECTION ( 'NONE',  ( 0.000000000000000000, 0.000000000000000000, 1.000000000000000000 ) ) ;
#3237 = AXIS2_PLACEMENT_3D ( 'NONE', #4015, #1034, #2210 ) ;
#3238 = DIRECTION ( 'NONE',  ( 0.000000000000000000, 0.000000000000000000, -1.000000000000000000 ) ) ;
#3239 = VECTOR ( 'NONE', #2008, 1000.000000000000000 ) ;
#3240 = ORIENTED_EDGE ( 'NONE', *, *, #1468, .F. ) ;
#3241 = CARTESIAN_POINT ( 'NONE',  ( 17.19600000000000861, -35.58299999999999841, 7.500000000000000000 ) ) ;
#3242 = DIRECTION ( 'NONE',  ( 0.000000000000000000, -0.000000000000000000, 1.000000000000000000 ) ) ;
#3243 = VECTOR ( 'NONE', #4288, 1000.000000000000000 ) ;
#3244 = CARTESIAN_POINT ( 'NONE',  ( 77.75525000000001796, -39.42949999999999733, -1.199999999999999956 ) ) ;
#3245 = EDGE_CURVE ( 'NONE', #3982, #530, #4529, .T. ) ;
#3246 = EDGE_CURVE ( 'NONE', #3466, #2961, #1631, .T. ) ;
#3247 = ORIENTED_EDGE ( 'NONE', *, *, #4513, .F. ) ;
#3248 = DIRECTION ( 'NONE',  ( 0.000000000000000000, 0.000000000000000000, -1.000000000000000000 ) ) ;
#3249 = CARTESIAN_POINT ( 'NONE',  ( 34.52100000000000080, -29.58699999999999974, 7.500000000000000000 ) ) ;
#3250 = LINE ( 'NONE', #1529, #618 ) ;
#3251 = EDGE_CURVE ( 'NONE', #1877, #3510, #2506, .T. ) ;
#3252 = EDGE_CURVE ( 'NONE', #2422, #2644, #2605, .T. ) ;
#3253 = ORIENTED_EDGE ( 'NONE', *, *, #4174, .T. ) ;
#3254 = ORIENTED_EDGE ( 'NONE', *, *, #2409, .F. ) ;
#3255 = DIRECTION ( 'NONE',  ( 0.1744207395498071356, 0.9846712170135260012, 0.000000000000000000 ) ) ;
#3256 = PLANE ( 'NONE',  #2540 ) ;
#3257 = ORIENTED_EDGE ( 'NONE', *, *, #154, .F. ) ;
#3258 = ORIENTED_EDGE ( 'NONE', *, *, #3892, .T. ) ;
#3259 = CARTESIAN_POINT ( 'NONE',  ( 68.16506350946110615, 10.35699999999999399, 17.19999999999999929 ) ) ;
#3260 = AXIS2_PLACEMENT_3D ( 'NONE', #3192, #3236, #2457 ) ;
#3261 = DIRECTION ( 'NONE',  ( 0.000000000000000000, 0.000000000000000000, -1.000000000000000000 ) ) ;
#3262 = CARTESIAN_POINT ( 'NONE',  ( 66.00000000000000000, 9.106999999999999318, 14.90000000000000036 ) ) ;
#3263 = AXIS2_PLACEMENT_3D ( 'NONE', #1806, #3255, #1439 ) ;
#3264 = ORIENTED_EDGE ( 'NONE', *, *, #1943, .F. ) ;
#3265 = DIRECTION ( 'NONE',  ( 1.000000000000000000, 0.000000000000000000, 0.000000000000000000 ) ) ;
#3266 = DIRECTION ( 'NONE',  ( 0.000000000000000000, 0.000000000000000000, 1.000000000000000000 ) ) ;
#3267 = EDGE_CURVE ( 'NONE', #3686, #2499, #555, .T. ) ;
#3268 = ORIENTED_EDGE ( 'NONE', *, *, #763, .T. ) ;
#3269 = PLANE ( 'NONE',  #2278 ) ;
#3270 = LINE ( 'NONE', #3964, #1147 ) ;
#3271 = FACE_OUTER_BOUND ( 'NONE', #4674, .T. ) ;
#3272 = ORIENTED_EDGE ( 'NONE', *, *, #4364, .F. ) ;
#3273 = CARTESIAN_POINT ( 'NONE',  ( 21.11949999999999861, -29.18499999999999872, 0.000000000000000000 ) ) ;
#3274 = DIRECTION ( 'NONE',  ( 0.000000000000000000, 0.000000000000000000, -1.000000000000000000 ) ) ;
#3275 = EDGE_CURVE ( 'NONE', #3538, #4074, #3824, .T. ) ;
#3276 = EDGE_CURVE ( 'NONE', #105, #4152, #3462, .T. ) ;
#3277 = LINE ( 'NONE', #55, #3985 ) ;
#3278 = EDGE_LOOP ( 'NONE', ( #402, #866, #587, #3564 ) ) ;
#3279 = AXIS2_PLACEMENT_3D ( 'NONE', #3055, #3477, #851 ) ;
#3280 = ORIENTED_EDGE ( 'NONE', *, *, #4348, .T. ) ;
#3281 = CARTESIAN_POINT ( 'NONE',  ( -22.66299999999999670, -39.12500000000000000, 17.19999999999999929 ) ) ;
#3282 = CARTESIAN_POINT ( 'NONE',  ( 50.39300000000000068, -42.05700000000000216, -1.199999999999999956 ) ) ;
#3283 = VECTOR ( 'NONE', #2732, 1000.000000000000000 ) ;
#3284 = DIRECTION ( 'NONE',  ( -1.000000000000000000, 0.000000000000000000, 0.000000000000000000 ) ) ;
#3285 = CIRCLE ( 'NONE', #3439, 0.01285943191636773619 ) ;
#3286 = ORIENTED_EDGE ( 'NONE', *, *, #4450, .T. ) ;
#3287 = DIRECTION ( 'NONE',  ( 0.000000000000000000, 0.000000000000000000, 1.000000000000000000 ) ) ;
#3288 = VECTOR ( 'NONE', #3108, 1000.000000000000000 ) ;
#3289 = LINE ( 'NONE', #456, #538 ) ;
#3290 = ORIENTED_EDGE ( 'NONE', *, *, #3763, .F. ) ;
#3291 = ADVANCED_FACE ( 'NONE', ( #3602 ), #338, .T. ) ;
#3292 = CARTESIAN_POINT ( 'NONE',  ( 50.39300000000000068, -42.55700000000000216, -1.199999999999999956 ) ) ;
#3293 = AXIS2_PLACEMENT_3D ( 'NONE', #1979, #2360, #2762 ) ;
#3294 = LINE ( 'NONE', #4400, #619 ) ;
#3295 = DIRECTION ( 'NONE',  ( 1.000000000000000000, 0.000000000000000000, 0.000000000000000000 ) ) ;
#3296 = VERTEX_POINT ( 'NONE', #1407 ) ;
#3297 = DIRECTION ( 'NONE',  ( 0.000000000000000000, 0.000000000000000000, -1.000000000000000000 ) ) ;
#3298 = AXIS2_PLACEMENT_3D ( 'NONE', #678, #1059, #2518 ) ;
#3299 = PLANE ( 'NONE',  #3568 ) ;
#3300 = DIRECTION ( 'NONE',  ( -0.000000000000000000, -0.000000000000000000, -1.000000000000000000 ) ) ;
#3301 = ORIENTED_EDGE ( 'NONE', *, *, #954, .F. ) ;
#3302 = VERTEX_POINT ( 'NONE', #4181 ) ;
#3303 = EDGE_CURVE ( 'NONE', #3930, #4051, #3106, .T. ) ;
#3304 = ADVANCED_FACE ( 'NONE', ( #2128 ), #4274, .T. ) ;
#3305 = ORIENTED_EDGE ( 'NONE', *, *, #2343, .F. ) ;
#3306 = CARTESIAN_POINT ( 'NONE',  ( 23.20100000000000051, -29.58299999999999841, 7.500000000000000000 ) ) ;
#3307 = CARTESIAN_POINT ( 'NONE',  ( -18.73700000000000188, -41.80700000000000216, 15.19999999999999929 ) ) ;
#3308 = DIRECTION ( 'NONE',  ( 1.000000000000000000, 0.000000000000000000, 0.000000000000000000 ) ) ;
#3309 = ORIENTED_EDGE ( 'NONE', *, *, #2775, .T. ) ;
#3310 = CARTESIAN_POINT ( 'NONE',  ( -9.591000000000001080, 23.20200000000000529, 15.19999999999999929 ) ) ;
#3311 = CARTESIAN_POINT ( 'NONE',  ( 20.76599999999999824, -29.18499999999999872, 15.19999999999999929 ) ) ;
#3312 = AXIS2_PLACEMENT_3D ( 'NONE', #4027, #3960, #1521 ) ;
#3313 = ORIENTED_EDGE ( 'NONE', *, *, #1056, .T. ) ;
#3314 = CIRCLE ( 'NONE', #1722, 1.250000000000000000 ) ;
#3315 = DIRECTION ( 'NONE',  ( 1.000000000000000000, 0.000000000000000000, 0.000000000000000000 ) ) ;
#3316 = CARTESIAN_POINT ( 'NONE',  ( 75.55200000000000671, -43.80700000000000216, 17.19999999999999929 ) ) ;
#3317 = DIRECTION ( 'NONE',  ( 1.000000000000000000, 0.000000000000000000, 0.000000000000000000 ) ) ;
#3318 = EDGE_LOOP ( 'NONE', ( #4310, #4108, #2269, #230, #2289, #1026, #1171, #3637, #4392, #163, #793, #4339, #64, #65, #2498, #700, #2674, #653, #752, #3634, #861, #4554 ) ) ;
#3319 = DIRECTION ( 'NONE',  ( 0.000000000000000000, -0.000000000000000000, -1.000000000000000000 ) ) ;
#3320 = FACE_BOUND ( 'NONE', #112, .T. ) ;
#3321 = CARTESIAN_POINT ( 'NONE',  ( 67.25000000000000000, 9.106999999999999318, 0.000000000000000000 ) ) ;
#3322 = ADVANCED_FACE ( 'NONE', ( #1651 ), #2748, .T. ) ;
#3323 = EDGE_LOOP ( 'NONE', ( #2428, #2769 ) ) ;
#3324 = ORIENTED_EDGE ( 'NONE', *, *, #1078, .F. ) ;
#3325 = VERTEX_POINT ( 'NONE', #1023 ) ;
#3326 = CARTESIAN_POINT ( 'NONE',  ( 15.20100000000000051, -35.58299999999999841, 7.500000000000000000 ) ) ;
#3327 = PLANE ( 'NONE',  #1740 ) ;
#3328 = DIRECTION ( 'NONE',  ( 0.000000000000000000, 0.000000000000000000, 1.000000000000000000 ) ) ;
#3329 = EDGE_LOOP ( 'NONE', ( #2789, #2805, #738, #1350 ) ) ;
#3330 = AXIS2_PLACEMENT_3D ( 'NONE', #1377, #1041, #2124 ) ;
#3331 = ORIENTED_EDGE ( 'NONE', *, *, #608, .T. ) ;
#3332 = DIRECTION ( 'NONE',  ( 0.000000000000000000, 0.000000000000000000, -1.000000000000000000 ) ) ;
#3333 = CARTESIAN_POINT ( 'NONE',  ( -10.73014959796729073, 16.77106854147001513, 15.19999999999999929 ) ) ;
#3334 = ADVANCED_FACE ( 'NONE', ( #174 ), #1384, .T. ) ;
#3335 = EDGE_CURVE ( 'NONE', #805, #1901, #1045, .T. ) ;
#3336 = ORIENTED_EDGE ( 'NONE', *, *, #2178, .F. ) ;
#3337 = VECTOR ( 'NONE', #3127, 1000.000000000000000 ) ;
#3338 = PERSON_AND_ORGANIZATION_ROLE ( 'design_owner' ) ;
#3339 = CARTESIAN_POINT ( 'NONE',  ( 68.16506350946110615, 10.35699999999999399, 5.000000000000000888 ) ) ;
#3340 = FACE_OUTER_BOUND ( 'NONE', #964, .T. ) ;
#3341 = VERTEX_POINT ( 'NONE', #2462 ) ;
#3342 = DIRECTION ( 'NONE',  ( -1.000000000000000000, 0.000000000000000000, 0.000000000000000000 ) ) ;
#3343 = LINE ( 'NONE', #2304, #2354 ) ;
#3344 = CARTESIAN_POINT ( 'NONE',  ( -8.761300203470490544, 16.42231439743007115, 5.599999999999999645 ) ) ;
#3345 = ADVANCED_FACE ( 'NONE', ( #3220 ), #4324, .T. ) ;
#3346 = ORIENTED_EDGE ( 'NONE', *, *, #514, .T. ) ;
#3347 = ORIENTED_EDGE ( 'NONE', *, *, #1812, .F. ) ;
#3348 = ORIENTED_EDGE ( 'NONE', *, *, #1703, .T. ) ;
#3349 = DIRECTION ( 'NONE',  ( 0.7071067811865474617, 0.7071067811865475727, 0.000000000000000000 ) ) ;
#3350 = CARTESIAN_POINT ( 'NONE',  ( 47.45499999999999829, -29.18499999999999872, 15.20000000000000107 ) ) ;
#3351 = CARTESIAN_POINT ( 'NONE',  ( 63.97474880521637886, 7.641272331561034470, 9.900000000000000355 ) ) ;
#3352 = EDGE_CURVE ( 'NONE', #4464, #3014, #760, .T. ) ;
#3353 = CIRCLE ( 'NONE', #913, 2.237319616121259624 ) ;
#3354 = ORIENTED_EDGE ( 'NONE', *, *, #3063, .F. ) ;
#3355 = VERTEX_POINT ( 'NONE', #4347 ) ;
#3356 = CARTESIAN_POINT ( 'NONE',  ( -13.17700000000000138, -13.35599999999999987, 15.19999999999999929 ) ) ;
#3357 = DIRECTION ( 'NONE',  ( 1.000000000000000000, 0.000000000000000000, 0.000000000000000000 ) ) ;
#3358 = AXIS2_PLACEMENT_3D ( 'NONE', #4083, #1098, #2273 ) ;
#3359 = VECTOR ( 'NONE', #2399, 1000.000000000000000 ) ;
#3360 = VECTOR ( 'NONE', #2279, 1000.000000000000000 ) ;
#3361 = VERTEX_POINT ( 'NONE', #313 ) ;
#3362 = EDGE_CURVE ( 'NONE', #4576, #827, #1068, .T. ) ;
#3363 = EDGE_CURVE ( 'NONE', #4051, #3759, #4355, .T. ) ;
#3364 = AXIS2_PLACEMENT_3D ( 'NONE', #96, #508, #1601 ) ;
#3365 = DIRECTION ( 'NONE',  ( 0.000000000000000000, 0.000000000000000000, 1.000000000000000000 ) ) ;
#3366 = CYLINDRICAL_SURFACE ( 'NONE', #4592, 6.199999999999997513 ) ;
#3367 = DIRECTION ( 'NONE',  ( 1.000000000000000000, 0.000000000000000000, 0.000000000000000000 ) ) ;
#3368 = ORIENTED_EDGE ( 'NONE', *, *, #2555, .F. ) ;
#3369 = CARTESIAN_POINT ( 'NONE',  ( -11.89003969963638596, 10.22304907451716893, 15.19999999999999929 ) ) ;
#3370 = AXIS2_PLACEMENT_3D ( 'NONE', #4537, #2024, #3473 ) ;
#3371 = LINE ( 'NONE', #1947, #142 ) ;
#3372 = PLANE ( 'NONE',  #3136 ) ;
#3373 = CARTESIAN_POINT ( 'NONE',  ( 23.20100000000000051, -29.58299999999999841, 17.19999999999999929 ) ) ;
#3374 = VERTEX_POINT ( 'NONE', #3198 ) ;
#3375 = ORIENTED_EDGE ( 'NONE', *, *, #2308, .T. ) ;
#3376 = ORIENTED_EDGE ( 'NONE', *, *, #484, .T. ) ;
#3377 = DIRECTION ( 'NONE',  ( 0.000000000000000000, 0.000000000000000000, 1.000000000000000000 ) ) ;
#3378 = CARTESIAN_POINT ( 'NONE',  ( 47.45499999999999829, -29.18499999999999872, 17.19999999999999929 ) ) ;
#3379 = CARTESIAN_POINT ( 'NONE',  ( 38.21000000000000085, 24.84199999999999875, 15.15000000000000036 ) ) ;
#3380 = ORIENTED_EDGE ( 'NONE', *, *, #1617, .T. ) ;
#3381 = ORIENTED_EDGE ( 'NONE', *, *, #4559, .T. ) ;
#3382 = DIRECTION ( 'NONE',  ( -0.1744207395498071911, -0.9846712170135260012, 0.000000000000000000 ) ) ;
#3383 = LINE ( 'NONE', #1215, #1759 ) ;
#3384 = ORIENTED_EDGE ( 'NONE', *, *, #2991, .T. ) ;
#3385 = COORDINATED_UNIVERSAL_TIME_OFFSET ( 8, 0, .AHEAD. ) ;
#3386 = VECTOR ( 'NONE', #973, 1000.000000000000000 ) ;
#3387 = DIRECTION ( 'NONE',  ( -0.1744359722748104746, 0.9846685186277367441, 0.000000000000000000 ) ) ;
#3388 = EDGE_CURVE ( 'NONE', #724, #2630, #2448, .T. ) ;
#3389 = EDGE_CURVE ( 'NONE', #1431, #1220, #2624, .T. ) ;
#3390 = CARTESIAN_POINT ( 'NONE',  ( 69.81000000000000227, -35.72299999999999898, 17.19999999999999929 ) ) ;
#3391 = ORIENTED_EDGE ( 'NONE', *, *, #765, .T. ) ;
#3392 = CARTESIAN_POINT ( 'NONE',  ( 15.19223462926904489, -37.58676537073095147, 7.500000000000000000 ) ) ;
#3393 = AXIS2_PLACEMENT_3D ( 'NONE', #2456, #3907, #2431 ) ;
#3394 = CARTESIAN_POINT ( 'NONE',  ( -20.93925000000000480, -39.42950000000001864, 0.000000000000000000 ) ) ;
#3395 = DIRECTION ( 'NONE',  ( 0.000000000000000000, 0.000000000000000000, 1.000000000000000000 ) ) ;
#3396 = EDGE_CURVE ( 'NONE', #206, #2519, #3125, .T. ) ;
#3397 = ADVANCED_FACE ( 'NONE', ( #2268, #1522 ), #3647, .F. ) ;
#3398 = CARTESIAN_POINT ( 'NONE',  ( 34.51144382006675926, -29.59576932379582459, -1.199999999999999956 ) ) ;
#3399 = CIRCLE ( 'NONE', #2185, 2.737356642794202877 ) ;
#3400 = EDGE_LOOP ( 'NONE', ( #342, #2460, #1490, #3348 ) ) ;
#3401 = ORIENTED_EDGE ( 'NONE', *, *, #3251, .T. ) ;
#3402 = CARTESIAN_POINT ( 'NONE',  ( 10.13899999999999935, -42.64000000000000767, 17.19999999999999929 ) ) ;
#3403 = CARTESIAN_POINT ( 'NONE',  ( 64.44983819143689630, 22.85513567608967378, -1.199999999999999956 ) ) ;
#3404 = CARTESIAN_POINT ( 'NONE',  ( 15.20100000000000051, -35.58299999999999841, 15.19999999999999929 ) ) ;
#3405 = VERTEX_POINT ( 'NONE', #1838 ) ;
#3406 = EDGE_LOOP ( 'NONE', ( #4247, #3906, #3083, #4089, #1333, #3627 ) ) ;
#3407 = DIRECTION ( 'NONE',  ( -1.000000000000000000, 0.000000000000000000, 0.000000000000000000 ) ) ;
#3408 = CARTESIAN_POINT ( 'NONE',  ( 64.44972621737014151, 22.85522956169267772, 0.000000000000000000 ) ) ;
#3409 = AXIS2_PLACEMENT_3D ( 'NONE', #1207, #3001, #3470 ) ;
#3410 = ORIENTED_EDGE ( 'NONE', *, *, #2579, .T. ) ;
#3411 = CIRCLE ( 'NONE', #2960, 2.500000000000002220 ) ;
#3412 = ADVANCED_FACE ( 'NONE', ( #2936 ), #2647, .F. ) ;
#3413 = DIRECTION ( 'NONE',  ( -0.1744359722748107244, 0.9846685186277367441, 0.000000000000000000 ) ) ;
#3414 = CARTESIAN_POINT ( 'NONE',  ( 75.55200000000000671, -42.05700000000000216, -1.199999999999999956 ) ) ;
#3415 = APPROVAL_PERSON_ORGANIZATION ( #4105, #2946, #507 ) ;
#3416 = EDGE_LOOP ( 'NONE', ( #3649, #775, #2863, #3268 ) ) ;
#3417 = CARTESIAN_POINT ( 'NONE',  ( -2.822000000000000508, -37.37500000000000000, 17.19999999999999929 ) ) ;
#3418 = DIRECTION ( 'NONE',  ( 0.000000000000000000, 0.000000000000000000, -1.000000000000000000 ) ) ;
#3419 = CARTESIAN_POINT ( 'NONE',  ( 66.00000000000000000, 9.106999999999999318, 9.900000000000000355 ) ) ;
#3420 = ORIENTED_EDGE ( 'NONE', *, *, #1765, .T. ) ;
#3421 = ORIENTED_EDGE ( 'NONE', *, *, #1106, .F. ) ;
#3422 = LINE ( 'NONE', #1902, #4629 ) ;
#3423 = EDGE_CURVE ( 'NONE', #3296, #2309, #4054, .T. ) ;
#3424 = EDGE_CURVE ( 'NONE', #1599, #3014, #804, .T. ) ;
#3425 = FACE_OUTER_BOUND ( 'NONE', #4625, .T. ) ;
#3426 = CARTESIAN_POINT ( 'NONE',  ( 78.28965573600127925, -39.81964337354579442, -1.199999999999999956 ) ) ;
#3427 = ORIENTED_EDGE ( 'NONE', *, *, #853, .F. ) ;
#3428 = EDGE_LOOP ( 'NONE', ( #2080, #500, #2113, #517 ) ) ;
#3429 = LINE ( 'NONE', #1908, #2028 ) ;
#3430 = CARTESIAN_POINT ( 'NONE',  ( -18.73683383871488317, -39.82019825501802046, -1.199999999999999956 ) ) ;
#3431 = VECTOR ( 'NONE', #737, 1000.000000000000000 ) ;
#3432 = EDGE_LOOP ( 'NONE', ( #959, #2092 ) ) ;
#3433 = AXIS2_PLACEMENT_3D ( 'NONE', #1219, #1579, #529 ) ;
#3434 = AXIS2_PLACEMENT_3D ( 'NONE', #3988, #1097, #4424 ) ;
#3435 =( NAMED_UNIT ( * ) SI_UNIT ( $, .STERADIAN. ) SOLID_ANGLE_UNIT ( ) );
#3436 = DIRECTION ( 'NONE',  ( 0.000000000000000000, 0.000000000000000000, 1.000000000000000000 ) ) ;
#3437 = AXIS2_PLACEMENT_3D ( 'NONE', #510, #2012, #3367 ) ;
#3438 = CARTESIAN_POINT ( 'NONE',  ( 68.16506350946109194, 7.856999999999997542, 17.19999999999999929 ) ) ;
#3439 = AXIS2_PLACEMENT_3D ( 'NONE', #2536, #4329, #4354 ) ;
#3440 = ORIENTED_EDGE ( 'NONE', *, *, #467, .T. ) ;
#3441 = DIRECTION ( 'NONE',  ( -1.000000000000000000, 0.000000000000000000, 0.000000000000000000 ) ) ;
#3442 = VECTOR ( 'NONE', #689, 1000.000000000000000 ) ;
#3443 = CARTESIAN_POINT ( 'NONE',  ( 48.81125000000000114, -41.40274999999999750, -1.199999999999999956 ) ) ;
#3444 = DIRECTION ( 'NONE',  ( 0.000000000000000000, 0.000000000000000000, -1.000000000000000000 ) ) ;
#3445 = DIRECTION ( 'NONE',  ( 1.000000000000000000, 0.000000000000000000, 0.000000000000000000 ) ) ;
#3446 = ORIENTED_EDGE ( 'NONE', *, *, #4559, .F. ) ;
#3447 = ORIENTED_EDGE ( 'NONE', *, *, #3388, .F. ) ;
#3448 = FACE_OUTER_BOUND ( 'NONE', #2361, .T. ) ;
#3449 = CARTESIAN_POINT ( 'NONE',  ( -9.837249999999999162, 23.24549999999999983, 0.000000000000000000 ) ) ;
#3450 = CIRCLE ( 'NONE', #3293, 1.987338461654837518 ) ;
#3451 = FACE_BOUND ( 'NONE', #756, .T. ) ;
#3452 = EDGE_CURVE ( 'NONE', #568, #1927, #2746, .T. ) ;
#3453 = EDGE_CURVE ( 'NONE', #1539, #35, #3289, .T. ) ;
#3454 = ORIENTED_EDGE ( 'NONE', *, *, #873, .T. ) ;
#3455 = VERTEX_POINT ( 'NONE', #361 ) ;
#3456 = CARTESIAN_POINT ( 'NONE',  ( -10.32975000000000065, 23.33250000000000313, -1.199999999999999956 ) ) ;
#3457 = DIRECTION ( 'NONE',  ( 0.000000000000000000, 0.000000000000000000, 1.000000000000000000 ) ) ;
#3458 = ORIENTED_EDGE ( 'NONE', *, *, #4633, .F. ) ;
#3459 = DIRECTION ( 'NONE',  ( 0.7071067811865474617, -0.7071067811865475727, 0.000000000000000000 ) ) ;
#3460 = DIRECTION ( 'NONE',  ( 0.000000000000000000, 0.000000000000000000, 1.000000000000000000 ) ) ;
#3461 = EDGE_LOOP ( 'NONE', ( #1066, #2004, #610, #4222 ) ) ;
#3462 = LINE ( 'NONE', #2014, #3442 ) ;
#3463 = FACE_OUTER_BOUND ( 'NONE', #4432, .T. ) ;
#3464 = DIRECTION ( 'NONE',  ( 0.000000000000000000, 0.000000000000000000, -1.000000000000000000 ) ) ;
#3465 = DIRECTION ( 'NONE',  ( 0.000000000000000000, -0.000000000000000000, 1.000000000000000000 ) ) ;
#3466 = VERTEX_POINT ( 'NONE', #21 ) ;
#3467 = ORIENTED_EDGE ( 'NONE', *, *, #214, .F. ) ;
#3468 = EDGE_CURVE ( 'NONE', #4259, #848, #1477, .T. ) ;
#3469 = CARTESIAN_POINT ( 'NONE',  ( 7.319999999999998508, -43.80700000000000216, 17.19999999999999929 ) ) ;
#3470 = DIRECTION ( 'NONE',  ( 1.000000000000000000, 0.000000000000000000, 0.000000000000000000 ) ) ;
#3471 = AXIS2_PLACEMENT_3D ( 'NONE', #231, #4293, #3860 ) ;
#3472 = EDGE_CURVE ( 'NONE', #468, #1855, #3965, .T. ) ;
#3473 = DIRECTION ( 'NONE',  ( -1.000000000000000000, 0.000000000000000000, 0.000000000000000000 ) ) ;
#3474 = ORIENTED_EDGE ( 'NONE', *, *, #2030, .T. ) ;
#3475 = ORIENTED_EDGE ( 'NONE', *, *, #2651, .T. ) ;
#3476 = LINE ( 'NONE', #3882, #117 ) ;
#3477 = DIRECTION ( 'NONE',  ( 0.000000000000000000, 0.000000000000000000, 1.000000000000000000 ) ) ;
#3478 = ORIENTED_EDGE ( 'NONE', *, *, #2849, .F. ) ;
#3479 = DIRECTION ( 'NONE',  ( -0.000000000000000000, -0.000000000000000000, -1.000000000000000000 ) ) ;
#3480 = ADVANCED_FACE ( 'NONE', ( #1188 ), #758, .T. ) ;
#3481 = EDGE_CURVE ( 'NONE', #4441, #1827, #4101, .T. ) ;
#3482 = CARTESIAN_POINT ( 'NONE',  ( -7.635000000000000675, 25.09199999999999875, 0.000000000000000000 ) ) ;
#3483 = CARTESIAN_POINT ( 'NONE',  ( -11.89003969963638596, 10.22304907451716538, 5.599999999999999645 ) ) ;
#3484 = ORIENTED_EDGE ( 'NONE', *, *, #4616, .F. ) ;
#3485 = CIRCLE ( 'NONE', #1046, 10.74999999999999645 ) ;
#3486 = DIRECTION ( 'NONE',  ( 1.000000000000000000, 0.000000000000000000, 0.000000000000000000 ) ) ;
#3487 = CYLINDRICAL_SURFACE ( 'NONE', #1455, 2.237294063182349024 ) ;
#3488 = AXIS2_PLACEMENT_3D ( 'NONE', #2442, #3178, #3534 ) ;
#3489 = DIRECTION ( 'NONE',  ( 0.000000000000000000, 0.000000000000000000, -1.000000000000000000 ) ) ;
#3490 = VERTEX_POINT ( 'NONE', #2553 ) ;
#3491 = ORIENTED_EDGE ( 'NONE', *, *, #3949, .F. ) ;
#3492 = CARTESIAN_POINT ( 'NONE',  ( -18.73700000000000188, -43.80700000000000216, 0.000000000000000000 ) ) ;
#3493 = CARTESIAN_POINT ( 'NONE',  ( -7.634726217370140233, 22.85522956169267772, 15.19999999999999929 ) ) ;
#3494 = EDGE_CURVE ( 'NONE', #1663, #3523, #2576, .T. ) ;
#3495 = FACE_BOUND ( 'NONE', #1832, .T. ) ;
#3496 = ORIENTED_EDGE ( 'NONE', *, *, #2627, .T. ) ;
#3497 = VERTEX_POINT ( 'NONE', #1864 ) ;
#3498 = CARTESIAN_POINT ( 'NONE',  ( 64.45000000000000284, 25.59199999999999875, -1.199999999999999956 ) ) ;
#3499 = CC_DESIGN_PERSON_AND_ORGANIZATION_ASSIGNMENT ( #2963, #4423, ( #3041 ) ) ;
#3500 = CARTESIAN_POINT ( 'NONE',  ( 33.73400000000000176, -29.18499999999999872, 3.449999999999999734 ) ) ;
#3501 = EDGE_CURVE ( 'NONE', #2795, #986, #3735, .T. ) ;
#3502 = ORIENTED_EDGE ( 'NONE', *, *, #3949, .T. ) ;
#3503 = VERTEX_POINT ( 'NONE', #2913 ) ;
#3504 = CARTESIAN_POINT ( 'NONE',  ( 64.45000000000000284, 25.59199999999999875, -1.199999999999999956 ) ) ;
#3505 = CARTESIAN_POINT ( 'NONE',  ( 8.901750000000001606, -41.40274999999999750, 0.000000000000000000 ) ) ;
#3506 = PLANE ( 'NONE',  #2377 ) ;
#3507 = ADVANCED_FACE ( 'NONE', ( #4373 ), #1093, .T. ) ;
#3508 = CIRCLE ( 'NONE', #4736, 1.262769446279073060 ) ;
#3509 = EDGE_CURVE ( 'NONE', #2699, #2414, #410, .T. ) ;
#3510 = VERTEX_POINT ( 'NONE', #547 ) ;
#3511 = CARTESIAN_POINT ( 'NONE',  ( -1.572000000000000286, -37.37500000000000000, 0.000000000000000000 ) ) ;
#3512 = AXIS2_PLACEMENT_3D ( 'NONE', #2091, #3537, #3585 ) ;
#3513 = DIRECTION ( 'NONE',  ( 0.000000000000000000, 0.000000000000000000, 1.000000000000000000 ) ) ;
#3514 = DIRECTION ( 'NONE',  ( -0.9846712170135260012, 0.1744207395498071911, 0.000000000000000000 ) ) ;
#3515 = AXIS2_PLACEMENT_3D ( 'NONE', #4313, #301, #3927 ) ;
#3516 = ORIENTED_EDGE ( 'NONE', *, *, #2579, .F. ) ;
#3517 = ORIENTED_EDGE ( 'NONE', *, *, #1637, .F. ) ;
#3518 = AXIS2_PLACEMENT_3D ( 'NONE', #3727, #558, #2684 ) ;
#3519 = CARTESIAN_POINT ( 'NONE',  ( 62.74699999999999989, 12.09699999999999953, 15.19999999999999929 ) ) ;
#3520 = FACE_BOUND ( 'NONE', #1129, .T. ) ;
#3521 = CARTESIAN_POINT ( 'NONE',  ( 78.24775000000001057, -39.34250000000000114, -1.199999999999999956 ) ) ;
#3522 = ORIENTED_EDGE ( 'NONE', *, *, #4446, .T. ) ;
#3523 = VERTEX_POINT ( 'NONE', #3739 ) ;
#3524 = CARTESIAN_POINT ( 'NONE',  ( -7.634726217370140233, 22.85522956169267772, 7.500000000000000000 ) ) ;
#3525 = DIRECTION ( 'NONE',  ( -0.000000000000000000, -0.000000000000000000, -1.000000000000000000 ) ) ;
#3526 = AXIS2_PLACEMENT_3D ( 'NONE', #2930, #1568, #3308 ) ;
#3527 = EDGE_LOOP ( 'NONE', ( #1491, #401, #4673, #3840 ) ) ;
#3528 = AXIS2_PLACEMENT_3D ( 'NONE', #1654, #516, #2661 ) ;
#3529 = ORIENTED_EDGE ( 'NONE', *, *, #3276, .T. ) ;
#3530 = LINE ( 'NONE', #1695, #4000 ) ;
#3531 = CARTESIAN_POINT ( 'NONE',  ( -3.468999999999999861, 1.614000000000000101, 17.19999999999999929 ) ) ;
#3532 = CARTESIAN_POINT ( 'NONE',  ( 7.319999999999998508, -42.55700000000000216, 0.000000000000000000 ) ) ;
#3533 = ORIENTED_EDGE ( 'NONE', *, *, #2549, .F. ) ;
#3534 = DIRECTION ( 'NONE',  ( 1.000000000000000000, 0.000000000000000000, 0.000000000000000000 ) ) ;
#3535 = EDGE_CURVE ( 'NONE', #4502, #330, #4584, .T. ) ;
#3536 = PLANE ( 'NONE',  #3898 ) ;
#3537 = DIRECTION ( 'NONE',  ( 0.000000000000000000, 0.000000000000000000, 1.000000000000000000 ) ) ;
#3538 = VERTEX_POINT ( 'NONE', #3098 ) ;
#3539 = CIRCLE ( 'NONE', #2175, 4.099999999999998757 ) ;
#3540 = ORIENTED_EDGE ( 'NONE', *, *, #3362, .F. ) ;
#3541 = CARTESIAN_POINT ( 'NONE',  ( 22.30825000000000102, -28.70324999999999704, -1.199999999999999956 ) ) ;
#3542 = CARTESIAN_POINT ( 'NONE',  ( 23.20100000000000051, -28.33300000000000196, -1.199999999999999956 ) ) ;
#3543 = EDGE_CURVE ( 'NONE', #4014, #3684, #875, .T. ) ;
#3544 = EDGE_CURVE ( 'NONE', #1261, #3217, #3119, .T. ) ;
#3545 = VECTOR ( 'NONE', #3937, 1000.000000000000000 ) ;
#3546 = CARTESIAN_POINT ( 'NONE',  ( 19.40999999999999659, 26.84199999999999875, 15.15000000000000036 ) ) ;
#3547 = VERTEX_POINT ( 'NONE', #2320 ) ;
#3548 = ORIENTED_EDGE ( 'NONE', *, *, #1018, .T. ) ;
#3549 = DIRECTION ( 'NONE',  ( 0.000000000000000000, -0.000000000000000000, -1.000000000000000000 ) ) ;
#3550 = CIRCLE ( 'NONE', #3093, 2.237294063182349024 ) ;
#3551 = CARTESIAN_POINT ( 'NONE',  ( 64.78983864623027955, 8.793935313645537377, 9.900000000000000355 ) ) ;
#3552 = VECTOR ( 'NONE', #3025, 1000.000000000000000 ) ;
#3553 = VERTEX_POINT ( 'NONE', #480 ) ;
#3554 = ORIENTED_EDGE ( 'NONE', *, *, #1577, .T. ) ;
#3555 = FACE_OUTER_BOUND ( 'NONE', #3400, .T. ) ;
#3556 = DIRECTION ( 'NONE',  ( -0.000000000000000000, -0.000000000000000000, -1.000000000000000000 ) ) ;
#3557 = EDGE_CURVE ( 'NONE', #511, #2515, #921, .T. ) ;
#3558 = DIRECTION ( 'NONE',  ( -0.9846685186277367441, -0.1744359722748104746, 0.000000000000000000 ) ) ;
#3559 = VERTEX_POINT ( 'NONE', #165 ) ;
#3560 = CARTESIAN_POINT ( 'NONE',  ( 66.00000000000000000, 9.106999999999999318, 5.000000000000000888 ) ) ;
#3561 = DIRECTION ( 'NONE',  ( 0.000000000000000000, 0.000000000000000000, -1.000000000000000000 ) ) ;
#3562 = LINE ( 'NONE', #2471, #394 ) ;
#3563 = AXIS2_PLACEMENT_3D ( 'NONE', #1326, #2425, #4579 ) ;
#3564 = ORIENTED_EDGE ( 'NONE', *, *, #3768, .T. ) ;
#3565 = CARTESIAN_POINT ( 'NONE',  ( 7.320772429834212502, -39.81968051721861457, -1.199999999999999956 ) ) ;
#3566 = PLANE ( 'NONE',  #1687 ) ;
#3567 = CARTESIAN_POINT ( 'NONE',  ( 8.901750000000001606, -41.40274999999999750, -1.199999999999999956 ) ) ;
#3568 = AXIS2_PLACEMENT_3D ( 'NONE', #3993, #2188, #2924 ) ;
#3569 = DIRECTION ( 'NONE',  ( -1.000000000000000000, 0.000000000000000000, 0.000000000000000000 ) ) ;
#3570 = ORIENTED_EDGE ( 'NONE', *, *, #2116, .F. ) ;
#3571 = EDGE_CURVE ( 'NONE', #530, #4096, #4040, .T. ) ;
#3572 = EDGE_CURVE ( 'NONE', #3799, #1899, #234, .T. ) ;
#3573 = VERTEX_POINT ( 'NONE', #1622 ) ;
#3574 = PLANE ( 'NONE',  #4319 ) ;
#3575 = DIRECTION ( 'NONE',  ( -0.1744359722748106967, 0.9846685186277367441, 0.000000000000000000 ) ) ;
#3576 = ORIENTED_EDGE ( 'NONE', *, *, #3654, .F. ) ;
#3577 = ORIENTED_EDGE ( 'NONE', *, *, #1943, .T. ) ;
#3578 = LINE ( 'NONE', #2127, #3386 ) ;
#3579 = DIRECTION ( 'NONE',  ( -0.000000000000000000, -0.000000000000000000, -1.000000000000000000 ) ) ;
#3580 = DIRECTION ( 'NONE',  ( -1.000000000000000000, 0.000000000000000000, 0.000000000000000000 ) ) ;
#3581 = VERTEX_POINT ( 'NONE', #1643 ) ;
#3582 = CARTESIAN_POINT ( 'NONE',  ( 50.39231887641678753, -39.81971817910011424, -1.199999999999999956 ) ) ;
#3583 = CYLINDRICAL_SURFACE ( 'NONE', #998, 3.500000000000003109 ) ;
#3584 = AXIS2_PLACEMENT_3D ( 'NONE', #1138, #3695, #4419 ) ;
#3585 = DIRECTION ( 'NONE',  ( 1.000000000000000000, 0.000000000000000000, 0.000000000000000000 ) ) ;
#3586 = VERTEX_POINT ( 'NONE', #209 ) ;
#3587 = CARTESIAN_POINT ( 'NONE',  ( 12.15499999999999936, -29.18499999999999872, 0.000000000000000000 ) ) ;
#3588 = CIRCLE ( 'NONE', #2751, 1.250000000000001110 ) ;
#3589 = DIRECTION ( 'NONE',  ( 0.000000000000000000, 0.000000000000000000, 1.000000000000000000 ) ) ;
#3590 = VECTOR ( 'NONE', #1323, 1000.000000000000114 ) ;
#3591 = DIRECTION ( 'NONE',  ( 0.000000000000000000, 0.000000000000000000, 1.000000000000000000 ) ) ;
#3592 = VECTOR ( 'NONE', #193, 1000.000000000000000 ) ;
#3593 = ORIENTED_EDGE ( 'NONE', *, *, #2817, .F. ) ;
#3594 = CIRCLE ( 'NONE', #1535, 1.250000000000000000 ) ;
#3595 = ORIENTED_EDGE ( 'NONE', *, *, #2438, .F. ) ;
#3596 = CARTESIAN_POINT ( 'NONE',  ( 34.51200000000000045, -29.58299999999999841, 7.500000000000000000 ) ) ;
#3597 = FACE_OUTER_BOUND ( 'NONE', #4272, .T. ) ;
#3598 = EDGE_CURVE ( 'NONE', #4165, #4141, #3508, .T. ) ;
#3599 = EDGE_CURVE ( 'NONE', #3190, #2446, #3383, .T. ) ;
#3600 = ORIENTED_EDGE ( 'NONE', *, *, #595, .F. ) ;
#3601 = LINE ( 'NONE', #1863, #2556 ) ;
#3602 = FACE_OUTER_BOUND ( 'NONE', #1634, .T. ) ;
#3603 = DIRECTION ( 'NONE',  ( -1.000000000000000000, 0.000000000000000000, 0.000000000000000000 ) ) ;
#3604 = CIRCLE ( 'NONE', #4216, 1.986770457171341153 ) ;
#3605 = ORIENTED_EDGE ( 'NONE', *, *, #1090, .T. ) ;
#3606 = DIRECTION ( 'NONE',  ( 1.000000000000000000, 0.000000000000000000, 0.000000000000000000 ) ) ;
#3607 = LINE ( 'NONE', #3316, #4667 ) ;
#3608 = CARTESIAN_POINT ( 'NONE',  ( -10.32975000000000065, 23.33250000000000313, -1.199999999999999956 ) ) ;
#3609 = ORIENTED_EDGE ( 'NONE', *, *, #1324, .F. ) ;
#3610 = CARTESIAN_POINT ( 'NONE',  ( 12.15499999999999936, 22.85522956169267772, 15.19999999999999929 ) ) ;
#3611 = DIRECTION ( 'NONE',  ( -1.000000000000000000, 0.000000000000000000, 0.000000000000000000 ) ) ;
#3612 = CARTESIAN_POINT ( 'NONE',  ( 23.53399999999999892, -29.18499999999999872, 3.450000000000000178 ) ) ;
#3613 = APPLICATION_CONTEXT ( 'configuration controlled 3d designs of mechanical parts and assemblies' ) ;
#3614 = CIRCLE ( 'NONE', #2249, 2.737281905642589663 ) ;
#3615 = ORIENTED_EDGE ( 'NONE', *, *, #396, .F. ) ;
#3616 = ORIENTED_EDGE ( 'NONE', *, *, #4504, .T. ) ;
#3617 = CARTESIAN_POINT ( 'NONE',  ( 36.59350000000000591, -29.18499999999999872, 0.000000000000000000 ) ) ;
#3618 = DIRECTION ( 'NONE',  ( -0.9846712170135260012, 0.1744207395498071356, -0.000000000000000000 ) ) ;
#3619 = EDGE_CURVE ( 'NONE', #2876, #1251, #3659, .T. ) ;
#3620 = AXIS2_PLACEMENT_3D ( 'NONE', #736, #1449, #3265 ) ;
#3621 = DIRECTION ( 'NONE',  ( -0.000000000000000000, -0.000000000000000000, -1.000000000000000000 ) ) ;
#3622 = VECTOR ( 'NONE', #1352, 1000.000000000000000 ) ;
#3623 = ORIENTED_EDGE ( 'NONE', *, *, #1029, .F. ) ;
#3624 = DIRECTION ( 'NONE',  ( 1.000000000000000000, 0.000000000000000000, 0.000000000000000000 ) ) ;
#3625 = DIRECTION ( 'NONE',  ( 0.000000000000000000, 0.000000000000000000, 1.000000000000000000 ) ) ;
#3626 = VECTOR ( 'NONE', #3349, 1000.000000000000000 ) ;
#3627 = ORIENTED_EDGE ( 'NONE', *, *, #2466, .T. ) ;
#3628 = EDGE_CURVE ( 'NONE', #3692, #2637, #1281, .T. ) ;
#3629 = EDGE_CURVE ( 'NONE', #1927, #4026, #2720, .T. ) ;
#3630 = DIRECTION ( 'NONE',  ( 1.000000000000000000, 0.000000000000000000, 0.000000000000000000 ) ) ;
#3631 = CARTESIAN_POINT ( 'NONE',  ( 63.27799999999999869, -37.37500000000000000, 15.19999999999999929 ) ) ;
#3632 = DIRECTION ( 'NONE',  ( 1.000000000000000000, 0.000000000000000000, -0.000000000000000000 ) ) ;
#3633 = ORIENTED_EDGE ( 'NONE', *, *, #2055, .T. ) ;
#3634 = ORIENTED_EDGE ( 'NONE', *, *, #907, .F. ) ;
#3635 = CARTESIAN_POINT ( 'NONE',  ( 78.24775000000001057, -39.34250000000000114, -1.199999999999999956 ) ) ;
#3636 = DIRECTION ( 'NONE',  ( 1.000000000000000000, 0.000000000000000000, 0.000000000000000000 ) ) ;
#3637 = ORIENTED_EDGE ( 'NONE', *, *, #2055, .F. ) ;
#3638 = ORIENTED_EDGE ( 'NONE', *, *, #1212, .T. ) ;
#3639 = LINE ( 'NONE', #1131, #876 ) ;
#3640 = CARTESIAN_POINT ( 'NONE',  ( 7.668999999999999595, -35.72299999999999898, 15.19999999999999929 ) ) ;
#3641 = EDGE_CURVE ( 'NONE', #1200, #830, #525, .T. ) ;
#3642 = FACE_OUTER_BOUND ( 'NONE', #23, .T. ) ;
#3643 = AXIS2_PLACEMENT_3D ( 'NONE', #3567, #2856, #2760 ) ;
#3644 = ORIENTED_EDGE ( 'NONE', *, *, #1964, .T. ) ;
#3645 = DIRECTION ( 'NONE',  ( 0.000000000000000000, 0.000000000000000000, -1.000000000000000000 ) ) ;
#3646 = EDGE_CURVE ( 'NONE', #4441, #3573, #3353, .T. ) ;
#3647 = PLANE ( 'NONE',  #3203 ) ;
#3648 = VECTOR ( 'NONE', #3987, 1000.000000000000114 ) ;
#3649 = ORIENTED_EDGE ( 'NONE', *, *, #3748, .T. ) ;
#3650 = EDGE_CURVE ( 'NONE', #802, #903, #116, .T. ) ;
#3651 = LINE ( 'NONE', #4693, #2507 ) ;
#3652 = DIRECTION ( 'NONE',  ( -0.000000000000000000, 1.000000000000000000, -0.000000000000000000 ) ) ;
#3653 = EDGE_CURVE ( 'NONE', #1400, #4442, #4125, .T. ) ;
#3654 = EDGE_CURVE ( 'NONE', #1980, #1375, #1299, .T. ) ;
#3655 = LINE ( 'NONE', #1870, #3059 ) ;
#3656 = ORIENTED_EDGE ( 'NONE', *, *, #853, .T. ) ;
#3657 = CARTESIAN_POINT ( 'NONE',  ( 42.51200000000000045, -37.58299999999999841, 17.19999999999999929 ) ) ;
#3658 = CYLINDRICAL_SURFACE ( 'NONE', #3951, 3.987020817447808341 ) ;
#3659 = CIRCLE ( 'NONE', #3279, 2.237294063182349024 ) ;
#3660 = CARTESIAN_POINT ( 'NONE',  ( 47.45499999999999829, -29.18499999999999872, 17.19999999999999929 ) ) ;
#3661 = VERTEX_POINT ( 'NONE', #3813 ) ;
#3662 = ORIENTED_EDGE ( 'NONE', *, *, #3822, .T. ) ;
#3663 = VECTOR ( 'NONE', #4195, 1000.000000000000000 ) ;
#3664 = VERTEX_POINT ( 'NONE', #1598 ) ;
#3665 = CARTESIAN_POINT ( 'NONE',  ( 38.21000000000000085, 26.84199999999999875, 7.620000000000000107 ) ) ;
#3666 = DIRECTION ( 'NONE',  ( 0.000000000000000000, 0.000000000000000000, -1.000000000000000000 ) ) ;
#3667 = AXIS2_PLACEMENT_3D ( 'NONE', #744, #2609, #27 ) ;
#3668 = DIRECTION ( 'NONE',  ( 1.000000000000000000, 0.000000000000000000, 0.000000000000000000 ) ) ;
#3669 = AXIS2_PLACEMENT_3D ( 'NONE', #672, #1342, #321 ) ;
#3670 = ORIENTED_EDGE ( 'NONE', *, *, #1309, .T. ) ;
#3671 = PLANE ( 'NONE',  #3312 ) ;
#3672 = CIRCLE ( 'NONE', #2151, 2.500000000000002220 ) ;
#3673 = DIRECTION ( 'NONE',  ( 1.000000000000000000, 0.000000000000000000, 0.000000000000000000 ) ) ;
#3674 = EDGE_LOOP ( 'NONE', ( #1575, #2120, #1693, #2806 ) ) ;
#3675 = CARTESIAN_POINT ( 'NONE',  ( 75.55200000000000671, -42.55700000000000216, -1.199999999999999956 ) ) ;
#3676 = EDGE_CURVE ( 'NONE', #3233, #4051, #4519, .T. ) ;
#3677 = VECTOR ( 'NONE', #4049, 1000.000000000000114 ) ;
#3678 = LINE ( 'NONE', #389, #2680 ) ;
#3679 = CARTESIAN_POINT ( 'NONE',  ( -9.921190305139585774, 9.874294930477221399, 5.599999999999999645 ) ) ;
#3680 = ORIENTED_EDGE ( 'NONE', *, *, #3911, .T. ) ;
#3681 = LINE ( 'NONE', #101, #4542 ) ;
#3682 = DIRECTION ( 'NONE',  ( 0.000000000000000000, 0.000000000000000000, 1.000000000000000000 ) ) ;
#3683 = DIRECTION ( 'NONE',  ( 1.000000000000000000, 0.000000000000000000, 0.000000000000000000 ) ) ;
#3684 = VERTEX_POINT ( 'NONE', #3791 ) ;
#3685 = ORIENTED_EDGE ( 'NONE', *, *, #2147, .F. ) ;
#3686 = VERTEX_POINT ( 'NONE', #3500 ) ;
#3687 = LINE ( 'NONE', #426, #280 ) ;
#3688 = EDGE_CURVE ( 'NONE', #371, #3523, #333, .T. ) ;
#3689 = EDGE_CURVE ( 'NONE', #2393, #1980, #3934, .T. ) ;
#3690 = LINE ( 'NONE', #3307, #370 ) ;
#3691 = DIRECTION ( 'NONE',  ( 0.000000000000000000, 0.000000000000000000, 1.000000000000000000 ) ) ;
#3692 = VERTEX_POINT ( 'NONE', #1787 ) ;
#3693 = EDGE_LOOP ( 'NONE', ( #3121, #4733, #3376, #2712 ) ) ;
#3694 = CARTESIAN_POINT ( 'NONE',  ( -3.468999999999999861, 1.614000000000000101, 0.000000000000000000 ) ) ;
#3695 = DIRECTION ( 'NONE',  ( -0.000000000000000000, -0.000000000000000000, -1.000000000000000000 ) ) ;
#3696 = EDGE_LOOP ( 'NONE', ( #4686, #616 ) ) ;
#3697 = VECTOR ( 'NONE', #140, 1000.000000000000000 ) ;
#3698 = PERSON_AND_ORGANIZATION ( #1133, #4263 ) ;
#3699 = CARTESIAN_POINT ( 'NONE',  ( 34.51167540683048429, -29.59585533463141260, 0.000000000000000000 ) ) ;
#3700 = CARTESIAN_POINT ( 'NONE',  ( 23.19200000000000017, -29.58699999999999974, 0.000000000000000000 ) ) ;
#3701 = ORIENTED_EDGE ( 'NONE', *, *, #1843, .F. ) ;
#3702 = CARTESIAN_POINT ( 'NONE',  ( 42.51130710209186958, -37.59571270122587805, 7.500000000000000000 ) ) ;
#3703 = LINE ( 'NONE', #441, #1049 ) ;
#3704 = LINE ( 'NONE', #1536, #634 ) ;
#3705 = EDGE_LOOP ( 'NONE', ( #3475, #11, #1226, #160 ) ) ;
#3706 = ORIENTED_EDGE ( 'NONE', *, *, #1441, .F. ) ;
#3707 = VERTEX_POINT ( 'NONE', #4244 ) ;
#3708 = FACE_OUTER_BOUND ( 'NONE', #2648, .T. ) ;
#3709 = LINE ( 'NONE', #61, #2954 ) ;
#3710 = LINE ( 'NONE', #1881, #334 ) ;
#3711 = EDGE_CURVE ( 'NONE', #4242, #3466, #3861, .T. ) ;
#3712 = EDGE_CURVE ( 'NONE', #4068, #2985, #232, .T. ) ;
#3713 = ORIENTED_EDGE ( 'NONE', *, *, #537, .T. ) ;
#3714 = VECTOR ( 'NONE', #3618, 1000.000000000000000 ) ;
#3715 = ORIENTED_EDGE ( 'NONE', *, *, #69, .F. ) ;
#3716 = LINE ( 'NONE', #1545, #4549 ) ;
#3717 = DIRECTION ( 'NONE',  ( 0.000000000000000000, 0.000000000000000000, 1.000000000000000000 ) ) ;
#3718 = VECTOR ( 'NONE', #2475, 1000.000000000000000 ) ;
#3719 = ORIENTED_EDGE ( 'NONE', *, *, #1673, .F. ) ;
#3720 = AXIS2_PLACEMENT_3D ( 'NONE', #2371, #4229, #601 ) ;
#3721 = APPROVAL_DATE_TIME ( #2324, #179 ) ;
#3722 = DIRECTION ( 'NONE',  ( 1.000000000000000000, 0.000000000000000000, 0.000000000000000000 ) ) ;
#3723 = FACE_OUTER_BOUND ( 'NONE', #2870, .T. ) ;
#3724 = ORIENTED_EDGE ( 'NONE', *, *, #475, .T. ) ;
#3725 = CARTESIAN_POINT ( 'NONE',  ( 77.50900000000001455, -39.47299999999999898, 4.999999999999999112 ) ) ;
#3726 = LINE ( 'NONE', #3779, #374 ) ;
#3727 = CARTESIAN_POINT ( 'NONE',  ( -18.73700000000000188, -43.80700000000000216, 17.19999999999999929 ) ) ;
#3728 = CARTESIAN_POINT ( 'NONE',  ( 7.320453044444428237, -39.81981245268968195, 17.19999999999999929 ) ) ;
#3729 = ORIENTED_EDGE ( 'NONE', *, *, #2495, .T. ) ;
#3730 = VERTEX_POINT ( 'NONE', #614 ) ;
#3731 = ORIENTED_EDGE ( 'NONE', *, *, #2958, .F. ) ;
#3732 = CARTESIAN_POINT ( 'NONE',  ( 78.28965573600127925, -39.81964337354579442, 0.000000000000000000 ) ) ;
#3733 = DIRECTION ( 'NONE',  ( 1.000000000000000000, 0.000000000000000000, 0.000000000000000000 ) ) ;
#3734 = CARTESIAN_POINT ( 'NONE',  ( -18.73700000000000188, -42.05700000000000216, -1.199999999999999956 ) ) ;
#3735 = CIRCLE ( 'NONE', #4663, 2.736864328693513038 ) ;
#3736 = ORIENTED_EDGE ( 'NONE', *, *, #3802, .T. ) ;
#3737 = ORIENTED_EDGE ( 'NONE', *, *, #765, .F. ) ;
#3738 = PLANE ( 'NONE',  #2336 ) ;
#3739 = CARTESIAN_POINT ( 'NONE',  ( 67.14475000000000193, 23.33250000000000313, 0.000000000000000000 ) ) ;
#3740 = ADVANCED_FACE ( 'NONE', ( #590 ), #2144, .T. ) ;
#3741 = AXIS2_PLACEMENT_3D ( 'NONE', #3608, #3514, #674 ) ;
#3742 = EDGE_CURVE ( 'NONE', #2309, #2938, #944, .T. ) ;
#3743 = VECTOR ( 'NONE', #3137, 1000.000000000000000 ) ;
#3744 = VECTOR ( 'NONE', #2036, 1000.000000000000000 ) ;
#3745 = ORIENTED_EDGE ( 'NONE', *, *, #4275, .F. ) ;
#3746 = VECTOR ( 'NONE', #4475, 1000.000000000000000 ) ;
#3747 = ADVANCED_FACE ( 'NONE', ( #1762 ), #307, .T. ) ;
#3748 = EDGE_CURVE ( 'NONE', #1805, #4026, #210, .T. ) ;
#3749 = PERSON_AND_ORGANIZATION ( #1133, #4263 ) ;
#3750 = DIRECTION ( 'NONE',  ( -1.000000000000000000, 0.000000000000000000, 0.000000000000000000 ) ) ;
#3751 = LINE ( 'NONE', #4134, #166 ) ;
#3752 = ORIENTED_EDGE ( 'NONE', *, *, #2701, .F. ) ;
#3753 = FACE_OUTER_BOUND ( 'NONE', #106, .T. ) ;
#3754 = AXIS2_PLACEMENT_3D ( 'NONE', #184, #1301, #1255 ) ;
#3755 = DIRECTION ( 'NONE',  ( 0.000000000000000000, 0.000000000000000000, -1.000000000000000000 ) ) ;
#3756 = CARTESIAN_POINT ( 'NONE',  ( -11.08900000000000041, -35.72299999999999898, 17.19999999999999929 ) ) ;
#3757 = LINE ( 'NONE', #3088, #2696 ) ;
#3758 = AXIS2_PLACEMENT_3D ( 'NONE', #2255, #2566, #3683 ) ;
#3759 = VERTEX_POINT ( 'NONE', #2792 ) ;
#3760 = EDGE_LOOP ( 'NONE', ( #3458, #1256, #2423, #2978 ) ) ;
#3761 = DIRECTION ( 'NONE',  ( -0.000000000000000000, -0.000000000000000000, -1.000000000000000000 ) ) ;
#3762 = DIRECTION ( 'NONE',  ( 0.000000000000000000, 0.000000000000000000, 1.000000000000000000 ) ) ;
#3763 = EDGE_CURVE ( 'NONE', #2406, #1431, #135, .T. ) ;
#3764 = DIRECTION ( 'NONE',  ( 0.000000000000000000, 0.000000000000000000, 1.000000000000000000 ) ) ;
#3765 = EDGE_LOOP ( 'NONE', ( #4061, #3706, #2137, #100 ) ) ;
#3766 = ORIENTED_EDGE ( 'NONE', *, *, #969, .T. ) ;
#3767 = DIRECTION ( 'NONE',  ( -0.000000000000000000, -0.000000000000000000, -1.000000000000000000 ) ) ;
#3768 = EDGE_CURVE ( 'NONE', #2430, #88, #667, .T. ) ;
#3769 = CARTESIAN_POINT ( 'NONE',  ( -3.468999999999999861, 1.614000000000000101, 0.000000000000000000 ) ) ;
#3770 = ORIENTED_EDGE ( 'NONE', *, *, #3893, .T. ) ;
#3771 = PERSON_AND_ORGANIZATION_ROLE ( 'creator' ) ;
#3772 = VECTOR ( 'NONE', #3175, 1000.000000000000000 ) ;
#3773 = CARTESIAN_POINT ( 'NONE',  ( 69.79099999999999682, -13.35599999999999810, 15.19999999999999929 ) ) ;
#3774 = CARTESIAN_POINT ( 'NONE',  ( 63.50000000000000000, 9.106999999999999318, 9.900000000000000355 ) ) ;
#3775 = EDGE_CURVE ( 'NONE', #1899, #1981, #684, .T. ) ;
#3776 = EDGE_CURVE ( 'NONE', #1562, #2434, #3485, .T. ) ;
#3777 = ORIENTED_EDGE ( 'NONE', *, *, #3641, .F. ) ;
#3778 = CIRCLE ( 'NONE', #1799, 10.75000000000000000 ) ;
#3779 = CARTESIAN_POINT ( 'NONE',  ( 55.54699999999999704, 12.09699999999999953, 17.19999999999999929 ) ) ;
#3780 = CYLINDRICAL_SURFACE ( 'NONE', #2002, 10.75000000000000000 ) ;
#3781 = DIRECTION ( 'NONE',  ( -0.000000000000000000, -0.000000000000000000, -1.000000000000000000 ) ) ;
#3782 = AXIS2_PLACEMENT_3D ( 'NONE', #4143, #2262, #1158 ) ;
#3783 = ORIENTED_EDGE ( 'NONE', *, *, #2627, .F. ) ;
#3784 = ORIENTED_EDGE ( 'NONE', *, *, #3468, .F. ) ;
#3785 = CARTESIAN_POINT ( 'NONE',  ( 10.13899999999999935, -42.64000000000000767, 7.500000000000000000 ) ) ;
#3786 = CARTESIAN_POINT ( 'NONE',  ( 77.78954064933608947, -39.81970595040655070, -1.199999999999999956 ) ) ;
#3787 = CARTESIAN_POINT ( 'NONE',  ( 77.75525000000001796, -39.42949999999999733, -1.199999999999999956 ) ) ;
#3788 = ORIENTED_EDGE ( 'NONE', *, *, #3246, .T. ) ;
#3789 = EDGE_LOOP ( 'NONE', ( #3253, #4248, #3529, #3003 ) ) ;
#3790 = CARTESIAN_POINT ( 'NONE',  ( -2.822000000000000508, -37.37500000000000000, 17.19999999999999929 ) ) ;
#3791 = CARTESIAN_POINT ( 'NONE',  ( -7.635000000000000675, 24.84199999999999875, 15.19999999999999929 ) ) ;
#3792 = CIRCLE ( 'NONE', #4405, 4.099999999999999645 ) ;
#3793 = ORIENTED_EDGE ( 'NONE', *, *, #4692, .F. ) ;
#3794 = AXIS2_PLACEMENT_3D ( 'NONE', #4161, #490, #4137 ) ;
#3795 = DATE_AND_TIME ( #1190, #2819 ) ;
#3796 = CARTESIAN_POINT ( 'NONE',  ( 66.00000000000000000, 9.106999999999999318, 5.000000000000000888 ) ) ;
#3797 = DIRECTION ( 'NONE',  ( -1.000000000000000000, 0.000000000000000000, 0.000000000000000000 ) ) ;
#3798 = LOCAL_TIME ( 20, 54, 59.00000000000000000, #3385 ) ;
#3799 = VERTEX_POINT ( 'NONE', #3144 ) ;
#3800 = DIRECTION ( 'NONE',  ( -1.000000000000000000, 0.000000000000000000, 0.000000000000000000 ) ) ;
#3801 = ADVANCED_FACE ( 'NONE', ( #261 ), #3171, .T. ) ;
#3802 = EDGE_CURVE ( 'NONE', #252, #972, #591, .T. ) ;
#3803 = CYLINDRICAL_SURFACE ( 'NONE', #2840, 4.099999999999999645 ) ;
#3804 = CARTESIAN_POINT ( 'NONE',  ( 64.45002482659612042, 22.85497918262950279, 0.000000000000000000 ) ) ;
#3805 = EDGE_LOOP ( 'NONE', ( #2109, #3874, #2053, #833 ) ) ;
#3806 = ORIENTED_EDGE ( 'NONE', *, *, #711, .F. ) ;
#3807 = FACE_OUTER_BOUND ( 'NONE', #499, .T. ) ;
#3808 = CARTESIAN_POINT ( 'NONE',  ( 64.75000000000000000, 9.106999999999999318, 14.90000000000000036 ) ) ;
#3809 = LINE ( 'NONE', #3857, #2313 ) ;
#3810 = ORIENTED_EDGE ( 'NONE', *, *, #1849, .T. ) ;
#3811 = ORIENTED_EDGE ( 'NONE', *, *, #3130, .F. ) ;
#3812 = CYLINDRICAL_SURFACE ( 'NONE', #4078, 1.986770457171334270 ) ;
#3813 = CARTESIAN_POINT ( 'NONE',  ( 47.57399999999999807, -42.64000000000000767, 0.000000000000000000 ) ) ;
#3814 = AXIS2_PLACEMENT_3D ( 'NONE', #4394, #2981, #4468 ) ;
#3815 = ORIENTED_EDGE ( 'NONE', *, *, #1238, .T. ) ;
#3816 = VECTOR ( 'NONE', #3489, 1000.000000000000000 ) ;
#3817 = CARTESIAN_POINT ( 'NONE',  ( -9.591000000000001080, 23.20200000000000529, 0.9999999999999991118 ) ) ;
#3818 = VECTOR ( 'NONE', #4226, 1000.000000000000114 ) ;
#3819 = DIRECTION ( 'NONE',  ( 0.000000000000000000, 0.000000000000000000, -1.000000000000000000 ) ) ;
#3820 = AXIS2_PLACEMENT_3D ( 'NONE', #4224, #2797, #1312 ) ;
#3821 = ORIENTED_EDGE ( 'NONE', *, *, #3153, .F. ) ;
#3822 = EDGE_CURVE ( 'NONE', #2316, #4074, #4636, .T. ) ;
#3823 = DIRECTION ( 'NONE',  ( 0.000000000000000000, 0.000000000000000000, 1.000000000000000000 ) ) ;
#3824 = CIRCLE ( 'NONE', #772, 1.250000000000001110 ) ;
#3825 = CARTESIAN_POINT ( 'NONE',  ( 75.55224658615374267, -39.81970595040655070, -1.199999999999999956 ) ) ;
#3826 = CYLINDRICAL_SURFACE ( 'NONE', #9, 2.012712820494649613 ) ;
#3827 = CARTESIAN_POINT ( 'NONE',  ( 23.53399999999999892, -29.58299999999999841, 3.450000000000000178 ) ) ;
#3828 = VERTEX_POINT ( 'NONE', #2861 ) ;
#3829 = VERTEX_POINT ( 'NONE', #3551 ) ;
#3830 = DIRECTION ( 'NONE',  ( 0.000000000000000000, -1.000000000000000000, 0.000000000000000000 ) ) ;
#3831 = CYLINDRICAL_SURFACE ( 'NONE', #2649, 3.599999999999999201 ) ;
#3832 = AXIS2_PLACEMENT_3D ( 'NONE', #1287, #2909, #4344 ) ;
#3833 = PLANE ( 'NONE',  #2691 ) ;
#3834 = ORIENTED_EDGE ( 'NONE', *, *, #2466, .F. ) ;
#3835 = EDGE_CURVE ( 'NONE', #849, #1539, #2883, .T. ) ;
#3836 = ADVANCED_FACE ( 'NONE', ( #3597 ), #1423, .F. ) ;
#3837 = EDGE_LOOP ( 'NONE', ( #2645, #705, #4379, #1303, #3918, #1401, #2718, #3286, #2589, #816, #3959, #3167 ) ) ;
#3838 = DIRECTION ( 'NONE',  ( 0.7071067811865474617, 0.7071067811865475727, -0.000000000000000000 ) ) ;
#3839 = CARTESIAN_POINT ( 'NONE',  ( 66.00000000000000000, 7.856999999999997542, 5.000000000000000000 ) ) ;
#3840 = ORIENTED_EDGE ( 'NONE', *, *, #3543, .T. ) ;
#3841 = FACE_OUTER_BOUND ( 'NONE', #137, .T. ) ;
#3842 = CYLINDRICAL_SURFACE ( 'NONE', #3224, 1.250000000000000222 ) ;
#3843 = AXIS2_PLACEMENT_3D ( 'NONE', #4312, #349, #1828 ) ;
#3844 = CARTESIAN_POINT ( 'NONE',  ( 42.51130710209186958, -37.59571270122587805, 15.19999999999999929 ) ) ;
#3845 = ORIENTED_EDGE ( 'NONE', *, *, #1911, .T. ) ;
#3846 = EDGE_CURVE ( 'NONE', #1162, #202, #3709, .T. ) ;
#3847 = LINE ( 'NONE', #1318, #1507 ) ;
#3848 = DIRECTION ( 'NONE',  ( 0.000000000000000000, 0.000000000000000000, -1.000000000000000000 ) ) ;
#3849 = CARTESIAN_POINT ( 'NONE',  ( -15.18900000000000006, -35.72299999999999898, 17.19999999999999929 ) ) ;
#3850 = ADVANCED_FACE ( 'NONE', ( #1517 ), #2952, .T. ) ;
#3851 = AXIS2_PLACEMENT_3D ( 'NONE', #383, #3287, #1476 ) ;
#3852 = ORIENTED_EDGE ( 'NONE', *, *, #537, .F. ) ;
#3853 = ORIENTED_EDGE ( 'NONE', *, *, #1193, .F. ) ;
#3854 = DIRECTION ( 'NONE',  ( 1.000000000000000000, 0.000000000000000000, 0.000000000000000000 ) ) ;
#3855 = ADVANCED_FACE ( 'NONE', ( #1880 ), #4413, .F. ) ;
#3856 = FACE_BOUND ( 'NONE', #1060, .T. ) ;
#3857 = CARTESIAN_POINT ( 'NONE',  ( -1.572000000000000286, -37.37500000000000000, 17.19999999999999929 ) ) ;
#3858 = ORIENTED_EDGE ( 'NONE', *, *, #1211, .T. ) ;
#3859 = VERTEX_POINT ( 'NONE', #2619 ) ;
#3860 = DIRECTION ( 'NONE',  ( 1.000000000000000000, 0.000000000000000000, 0.000000000000000000 ) ) ;
#3861 = LINE ( 'NONE', #4611, #4429 ) ;
#3862 = EDGE_CURVE ( 'NONE', #2938, #3023, #1132, .T. ) ;
#3863 = ADVANCED_FACE ( 'NONE', ( #357, #38 ), #405, .F. ) ;
#3864 = ORIENTED_EDGE ( 'NONE', *, *, #3911, .F. ) ;
#3865 = CARTESIAN_POINT ( 'NONE',  ( 59.35300000000000153, 11.77399999999999913, 9.900000000000000355 ) ) ;
#3866 = DIRECTION ( 'NONE',  ( 0.000000000000000000, 0.000000000000000000, -1.000000000000000000 ) ) ;
#3867 = DIRECTION ( 'NONE',  ( 0.000000000000000000, 0.000000000000000000, -1.000000000000000000 ) ) ;
#3868 = VERTEX_POINT ( 'NONE', #1086 ) ;
#3869 = AXIS2_PLACEMENT_3D ( 'NONE', #1017, #2502, #3957 ) ;
#3870 = DIRECTION ( 'NONE',  ( 0.000000000000000000, 0.000000000000000000, 1.000000000000000000 ) ) ;
#3871 = DIRECTION ( 'NONE',  ( -0.000000000000000000, -0.000000000000000000, -1.000000000000000000 ) ) ;
#3872 = AXIS2_PLACEMENT_3D ( 'NONE', #1247, #885, #176 ) ;
#3873 = CARTESIAN_POINT ( 'NONE',  ( -13.17700000000000138, -13.35599999999999987, 17.19999999999999929 ) ) ;
#3874 = ORIENTED_EDGE ( 'NONE', *, *, #3775, .F. ) ;
#3875 = EDGE_LOOP ( 'NONE', ( #482, #1497, #3454, #1266 ) ) ;
#3876 = PLANE ( 'NONE',  #2793 ) ;
#3877 = CIRCLE ( 'NONE', #1825, 3.987187573048923905 ) ;
#3878 = FACE_OUTER_BOUND ( 'NONE', #493, .T. ) ;
#3879 = CARTESIAN_POINT ( 'NONE',  ( 33.73400000000000176, 22.85497918262948502, 0.000000000000000000 ) ) ;
#3880 = ORIENTED_EDGE ( 'NONE', *, *, #796, .T. ) ;
#3881 = ORIENTED_EDGE ( 'NONE', *, *, #2292, .T. ) ;
#3882 = CARTESIAN_POINT ( 'NONE',  ( 33.73400000000000176, -29.58299999999999841, -1.550000000000000266 ) ) ;
#3883 = DIRECTION ( 'NONE',  ( 0.000000000000000000, 0.000000000000000000, 1.000000000000000000 ) ) ;
#3884 = ORIENTED_EDGE ( 'NONE', *, *, #2906, .F. ) ;
#3885 = ORIENTED_EDGE ( 'NONE', *, *, #681, .F. ) ;
#3886 = DIRECTION ( 'NONE',  ( -0.1744359722748106967, 0.9846685186277367441, 0.000000000000000000 ) ) ;
#3887 = ADVANCED_FACE ( 'NONE', ( #2524 ), #3327, .F. ) ;
#3888 = DIRECTION ( 'NONE',  ( -0.000000000000000000, -0.000000000000000000, -1.000000000000000000 ) ) ;
#3889 = DIRECTION ( 'NONE',  ( 0.000000000000000000, 0.000000000000000000, 1.000000000000000000 ) ) ;
#3890 = VECTOR ( 'NONE', #2766, 1000.000000000000000 ) ;
#3891 = ORIENTED_EDGE ( 'NONE', *, *, #4110, .F. ) ;
#3892 = EDGE_CURVE ( 'NONE', #2621, #2747, #3690, .T. ) ;
#3893 = EDGE_CURVE ( 'NONE', #3573, #2820, #1495, .T. ) ;
#3894 = CARTESIAN_POINT ( 'NONE',  ( 79.47899999999999920, -39.12500000000000000, 0.000000000000000000 ) ) ;
#3895 = VECTOR ( 'NONE', #3066, 1000.000000000000000 ) ;
#3896 = CARTESIAN_POINT ( 'NONE',  ( 15.19223311546414834, -37.58676385692606203, 17.19999999999999929 ) ) ;
#3897 = CARTESIAN_POINT ( 'NONE',  ( 38.21000000000000085, 24.84199999999999875, 15.19999999999999929 ) ) ;
#3898 = AXIS2_PLACEMENT_3D ( 'NONE', #2133, #1005, #956 ) ;
#3899 = ORIENTED_EDGE ( 'NONE', *, *, #2437, .T. ) ;
#3900 = ORIENTED_EDGE ( 'NONE', *, *, #1914, .T. ) ;
#3901 = AXIS2_PLACEMENT_3D ( 'NONE', #3390, #902, #2367 ) ;
#3902 = CARTESIAN_POINT ( 'NONE',  ( 66.00000000000000000, 10.35699999999999399, 17.19999999999999929 ) ) ;
#3903 = FACE_BOUND ( 'NONE', #3461, .T. ) ;
#3904 = CYLINDRICAL_SURFACE ( 'NONE', #2768, 1.250000000000001110 ) ;
#3905 = ORIENTED_EDGE ( 'NONE', *, *, #2323, .F. ) ;
#3906 = ORIENTED_EDGE ( 'NONE', *, *, #3981, .T. ) ;
#3907 = DIRECTION ( 'NONE',  ( 0.000000000000000000, 0.000000000000000000, 1.000000000000000000 ) ) ;
#3908 = CARTESIAN_POINT ( 'NONE',  ( 64.75000000000000000, 9.106999999999999318, 17.19999999999999929 ) ) ;
#3909 = ADVANCED_FACE ( 'NONE', ( #3999 ), #1811, .F. ) ;
#3910 = VECTOR ( 'NONE', #3027, 1000.000000000000000 ) ;
#3911 = EDGE_CURVE ( 'NONE', #3497, #3455, #4048, .T. ) ;
#3912 = ORIENTED_EDGE ( 'NONE', *, *, #2292, .F. ) ;
#3913 = VECTOR ( 'NONE', #257, 1000.000000000000000 ) ;
#3914 = VERTEX_POINT ( 'NONE', #3350 ) ;
#3915 = CARTESIAN_POINT ( 'NONE',  ( 75.55200000000000671, -42.55700000000000216, 0.000000000000000000 ) ) ;
#3916 = DIRECTION ( 'NONE',  ( 0.000000000000000000, -0.000000000000000000, -1.000000000000000000 ) ) ;
#3917 = CARTESIAN_POINT ( 'NONE',  ( 75.55222033766041534, -39.81973723256273701, 15.19999999999999929 ) ) ;
#3918 = ORIENTED_EDGE ( 'NONE', *, *, #883, .T. ) ;
#3919 = DIRECTION ( 'NONE',  ( 1.000000000000000000, 0.000000000000000000, 0.000000000000000000 ) ) ;
#3920 = CARTESIAN_POINT ( 'NONE',  ( -11.56099999999999994, 23.55000000000000071, 17.19999999999999929 ) ) ;
#3921 = EDGE_CURVE ( 'NONE', #2637, #1189, #2884, .T. ) ;
#3922 = EDGE_CURVE ( 'NONE', #802, #2446, #754, .T. ) ;
#3923 = CARTESIAN_POINT ( 'NONE',  ( 64.78983864623027955, 8.793935313645537377, 14.90000000000000036 ) ) ;
#3924 = ORIENTED_EDGE ( 'NONE', *, *, #2980, .F. ) ;
#3925 = AXIS2_PLACEMENT_3D ( 'NONE', #2656, #4478, #1195 ) ;
#3926 = CARTESIAN_POINT ( 'NONE',  ( 77.50900000000001455, -39.47299999999999898, 15.19999999999999929 ) ) ;
#3927 = DIRECTION ( 'NONE',  ( 1.000000000000000000, 0.000000000000000000, 0.000000000000000000 ) ) ;
#3928 = PLANE ( 'NONE',  #3643 ) ;
#3929 = CARTESIAN_POINT ( 'NONE',  ( 8.725000000000001421, -41.22599999999999909, 15.19999999999999929 ) ) ;
#3930 = VERTEX_POINT ( 'NONE', #2193 ) ;
#3931 = ORIENTED_EDGE ( 'NONE', *, *, #3423, .T. ) ;
#3932 = LINE ( 'NONE', #4562, #3622 ) ;
#3933 = AXIS2_PLACEMENT_3D ( 'NONE', #872, #3767, #4171 ) ;
#3934 = LINE ( 'NONE', #1354, #2219 ) ;
#3935 = ORIENTED_EDGE ( 'NONE', *, *, #2608, .F. ) ;
#3936 = VERTEX_POINT ( 'NONE', #4728 ) ;
#3937 = DIRECTION ( 'NONE',  ( 0.7071067811865474617, 0.7071067811865475727, 0.000000000000000000 ) ) ;
#3938 = DIRECTION ( 'NONE',  ( -0.000000000000000000, 1.000000000000000000, 0.000000000000000000 ) ) ;
#3939 = CARTESIAN_POINT ( 'NONE',  ( 35.75825000000000387, -28.34975000000000023, -1.199999999999999956 ) ) ;
#3940 = ORIENTED_EDGE ( 'NONE', *, *, #4544, .T. ) ;
#3941 = DIRECTION ( 'NONE',  ( 0.000000000000000000, -0.000000000000000000, 1.000000000000000000 ) ) ;
#3942 = DIRECTION ( 'NONE',  ( 1.000000000000000000, 0.000000000000000000, 0.000000000000000000 ) ) ;
#3943 = LINE ( 'NONE', #4623, #2298 ) ;
#3944 = EDGE_CURVE ( 'NONE', #3233, #4242, #4491, .T. ) ;
#3945 = AXIS2_PLACEMENT_3D ( 'NONE', #4535, #520, #496 ) ;
#3946 = ORIENTED_EDGE ( 'NONE', *, *, #1857, .F. ) ;
#3947 = PLANE ( 'NONE',  #3159 ) ;
#3948 = EDGE_CURVE ( 'NONE', #827, #2663, #970, .T. ) ;
#3949 = EDGE_CURVE ( 'NONE', #3302, #1963, #1472, .T. ) ;
#3950 = FACE_BOUND ( 'NONE', #3230, .T. ) ;
#3951 = AXIS2_PLACEMENT_3D ( 'NONE', #2164, #418, #350 ) ;
#3952 = CARTESIAN_POINT ( 'NONE',  ( 48.45775000000000432, -41.75625000000000142, -1.199999999999999956 ) ) ;
#3953 = EDGE_LOOP ( 'NONE', ( #661, #4187, #3368, #331 ) ) ;
#3954 = VECTOR ( 'NONE', #1866, 1000.000000000000000 ) ;
#3955 = VERTEX_POINT ( 'NONE', #183 ) ;
#3956 = CARTESIAN_POINT ( 'NONE',  ( -3.468999999999999861, 1.614000000000000101, 17.19999999999999929 ) ) ;
#3957 = DIRECTION ( 'NONE',  ( 1.000000000000000000, 0.000000000000000000, 0.000000000000000000 ) ) ;
#3958 = ORIENTED_EDGE ( 'NONE', *, *, #2172, .F. ) ;
#3959 = ORIENTED_EDGE ( 'NONE', *, *, #1560, .F. ) ;
#3960 = DIRECTION ( 'NONE',  ( 0.000000000000000000, -1.000000000000000000, -0.000000000000000000 ) ) ;
#3961 = DIRECTION ( 'NONE',  ( 1.000000000000000000, 0.000000000000000000, 0.000000000000000000 ) ) ;
#3962 = CARTESIAN_POINT ( 'NONE',  ( 66.00000000000000000, 9.106999999999999318, 9.900000000000000355 ) ) ;
#3963 = VERTEX_POINT ( 'NONE', #1930 ) ;
#3964 = CARTESIAN_POINT ( 'NONE',  ( -20.69300000000000139, -39.47299999999999898, 15.19999999999999929 ) ) ;
#3965 = CIRCLE ( 'NONE', #3814, 1.250000000000001110 ) ;
#3966 = DIRECTION ( 'NONE',  ( 0.000000000000000000, 0.000000000000000000, 1.000000000000000000 ) ) ;
#3967 = VERTEX_POINT ( 'NONE', #1636 ) ;
#3968 = EDGE_CURVE ( 'NONE', #3154, #1007, #3092, .T. ) ;
#3969 = DIRECTION ( 'NONE',  ( 1.000000000000000000, 0.000000000000000000, 0.000000000000000000 ) ) ;
#3970 = VECTOR ( 'NONE', #2112, 1000.000000000000000 ) ;
#3971 = CARTESIAN_POINT ( 'NONE',  ( -18.73700000000000188, -42.55700000000000216, -1.199999999999999956 ) ) ;
#3972 = AXIS2_PLACEMENT_3D ( 'NONE', #1413, #650, #2872 ) ;
#3973 = DIRECTION ( 'NONE',  ( 0.7071067811865475727, -0.7071067811865474617, 0.000000000000000000 ) ) ;
#3974 = AXIS2_PLACEMENT_3D ( 'NONE', #1924, #3065, #4162 ) ;
#3975 = ORIENTED_EDGE ( 'NONE', *, *, #4705, .F. ) ;
#3976 = ORIENTED_EDGE ( 'NONE', *, *, #2412, .F. ) ;
#3977 = CARTESIAN_POINT ( 'NONE',  ( 38.21000000000000085, 22.84199999999999875, 15.15000000000000036 ) ) ;
#3978 = CARTESIAN_POINT ( 'NONE',  ( -7.635024826596096048, 22.85497918262948502, 0.000000000000000000 ) ) ;
#3979 = CARTESIAN_POINT ( 'NONE',  ( 48.81125000000000114, -41.40274999999999750, 0.000000000000000000 ) ) ;
#3980 = ADVANCED_FACE ( 'NONE', ( #3425 ), #3831, .F. ) ;
#3981 = EDGE_CURVE ( 'NONE', #2687, #3190, #914, .T. ) ;
#3982 = VERTEX_POINT ( 'NONE', #1274 ) ;
#3983 = FACE_OUTER_BOUND ( 'NONE', #3527, .T. ) ;
#3984 = DIRECTION ( 'NONE',  ( 0.000000000000000000, 0.000000000000000000, 1.000000000000000000 ) ) ;
#3985 = VECTOR ( 'NONE', #1176, 1000.000000000000000 ) ;
#3986 = ORIENTED_EDGE ( 'NONE', *, *, #3130, .T. ) ;
#3987 = DIRECTION ( 'NONE',  ( 0.7071067811865474617, -0.7071067811865474617, 0.000000000000000000 ) ) ;
#3988 = CARTESIAN_POINT ( 'NONE',  ( 64.45002482659612042, 22.85497918262950279, 17.19999999999999929 ) ) ;
#3989 = PLANE ( 'NONE',  #1611 ) ;
#3990 = ORIENTED_EDGE ( 'NONE', *, *, #4185, .F. ) ;
#3991 = VERTEX_POINT ( 'NONE', #3786 ) ;
#3992 = EDGE_CURVE ( 'NONE', #1785, #2430, #563, .T. ) ;
#3993 = CARTESIAN_POINT ( 'NONE',  ( 64.45000000000000284, 26.84199999999999875, 17.19999999999999929 ) ) ;
#3994 = DIRECTION ( 'NONE',  ( -1.000000000000000000, 0.000000000000000000, 0.000000000000000000 ) ) ;
#3995 = EDGE_CURVE ( 'NONE', #1094, #3497, #1353, .T. ) ;
#3996 = VERTEX_POINT ( 'NONE', #845 ) ;
#3997 = ORIENTED_EDGE ( 'NONE', *, *, #1202, .F. ) ;
#3998 = CARTESIAN_POINT ( 'NONE',  ( -2.822000000000000508, -37.37500000000000000, 0.000000000000000000 ) ) ;
#3999 = FACE_OUTER_BOUND ( 'NONE', #51, .T. ) ;
#4000 = VECTOR ( 'NONE', #3886, 1000.000000000000114 ) ;
#4001 = CARTESIAN_POINT ( 'NONE',  ( 9.255250000000000199, -41.75625000000000142, -1.199999999999999956 ) ) ;
#4002 = ADVANCED_FACE ( 'NONE', ( #4488 ), #2382, .T. ) ;
#4003 = AXIS2_PLACEMENT_3D ( 'NONE', #3143, #589, #662 ) ;
#4004 = ORIENTED_EDGE ( 'NONE', *, *, #3453, .F. ) ;
#4005 = CARTESIAN_POINT ( 'NONE',  ( 58.52799999999999869, -37.37500000000000000, 17.19999999999999929 ) ) ;
#4006 = DIRECTION ( 'NONE',  ( 0.000000000000000000, 0.000000000000000000, 1.000000000000000000 ) ) ;
#4007 = EDGE_CURVE ( 'NONE', #211, #534, #4250, .T. ) ;
#4008 = EDGE_CURVE ( 'NONE', #2662, #4700, #2501, .T. ) ;
#4009 = AXIS2_PLACEMENT_3D ( 'NONE', #12, #2882, #1471 ) ;
#4010 = ORIENTED_EDGE ( 'NONE', *, *, #1458, .F. ) ;
#4011 = DIRECTION ( 'NONE',  ( 0.000000000000000000, 0.000000000000000000, 1.000000000000000000 ) ) ;
#4012 = LINE ( 'NONE', #2204, #694 ) ;
#4013 = DIRECTION ( 'NONE',  ( -0.9846712170135260012, 0.1744207395498071356, -0.000000000000000000 ) ) ;
#4014 = VERTEX_POINT ( 'NONE', #4144 ) ;
#4015 = CARTESIAN_POINT ( 'NONE',  ( 75.55229909320706838, -39.81964337354579442, -1.199999999999999956 ) ) ;
#4016 = FACE_OUTER_BOUND ( 'NONE', #2955, .T. ) ;
#4017 = VECTOR ( 'NONE', #891, 1000.000000000000000 ) ;
#4018 = CARTESIAN_POINT ( 'NONE',  ( 7.320681123583208993, -39.81971817910010714, -1.199999999999999956 ) ) ;
#4019 = ORIENTED_EDGE ( 'NONE', *, *, #3981, .F. ) ;
#4020 = ORIENTED_EDGE ( 'NONE', *, *, #213, .T. ) ;
#4021 = DIRECTION ( 'NONE',  ( 1.000000000000000000, 0.000000000000000000, 0.000000000000000000 ) ) ;
#4022 = AXIS2_PLACEMENT_3D ( 'NONE', #4289, #677, #4651 ) ;
#4023 = DIRECTION ( 'NONE',  ( -1.000000000000000000, 0.000000000000000000, 0.000000000000000000 ) ) ;
#4024 = DIRECTION ( 'NONE',  ( 0.000000000000000000, 0.000000000000000000, 1.000000000000000000 ) ) ;
#4025 = CIRCLE ( 'NONE', #2129, 4.100000000000006750 ) ;
#4026 = VERTEX_POINT ( 'NONE', #3449 ) ;
#4027 = CARTESIAN_POINT ( 'NONE',  ( 64.45000000000000284, 24.84199999999999875, 15.19999999999999929 ) ) ;
#4028 = EDGE_CURVE ( 'NONE', #1604, #2126, #1541, .T. ) ;
#4029 = DIRECTION ( 'NONE',  ( 0.000000000000000000, 0.000000000000000000, 1.000000000000000000 ) ) ;
#4030 = EDGE_CURVE ( 'NONE', #1184, #2903, #3792, .T. ) ;
#4031 = ORIENTED_EDGE ( 'NONE', *, *, #128, .T. ) ;
#4032 = LINE ( 'NONE', #3292, #1897 ) ;
#4033 = DIRECTION ( 'NONE',  ( 1.000000000000000000, 0.000000000000000000, 0.000000000000000000 ) ) ;
#4034 = DIRECTION ( 'NONE',  ( 1.000000000000000000, 0.000000000000000000, 0.000000000000000000 ) ) ;
#4035 = EDGE_CURVE ( 'NONE', #1827, #4099, #1968, .T. ) ;
#4036 = EDGE_CURVE ( 'NONE', #1375, #324, #868, .T. ) ;
#4037 = ORIENTED_EDGE ( 'NONE', *, *, #4277, .T. ) ;
#4038 = DIRECTION ( 'NONE',  ( 1.000000000000000000, 0.000000000000000000, 0.000000000000000000 ) ) ;
#4039 = CARTESIAN_POINT ( 'NONE',  ( 66.00000000000000000, 9.106999999999999318, 14.90000000000000036 ) ) ;
#4040 = CIRCLE ( 'NONE', #1606, 1.250000000000000222 ) ;
#4041 = CARTESIAN_POINT ( 'NONE',  ( 64.75000000000000000, 9.106999999999999318, 17.19999999999999929 ) ) ;
#4042 = ORIENTED_EDGE ( 'NONE', *, *, #1637, .T. ) ;
#4043 = ORIENTED_EDGE ( 'NONE', *, *, #3275, .T. ) ;
#4044 = AXIS2_PLACEMENT_3D ( 'NONE', #4209, #178, #3445 ) ;
#4045 = VERTEX_POINT ( 'NONE', #1592 ) ;
#4046 = DIRECTION ( 'NONE',  ( -0.000000000000000000, -0.000000000000000000, -1.000000000000000000 ) ) ;
#4047 = CIRCLE ( 'NONE', #1995, 1.250000000000001110 ) ;
#4048 = LINE ( 'NONE', #450, #2123 ) ;
#4049 = DIRECTION ( 'NONE',  ( -0.1744359722748107244, 0.9846685186277367441, 0.000000000000000000 ) ) ;
#4050 = VECTOR ( 'NONE', #4177, 1000.000000000000000 ) ;
#4051 = VERTEX_POINT ( 'NONE', #821 ) ;
#4052 = DIRECTION ( 'NONE',  ( -1.000000000000000000, 0.000000000000000000, 0.000000000000000000 ) ) ;
#4053 = VECTOR ( 'NONE', #4572, 1000.000000000000000 ) ;
#4054 = LINE ( 'NONE', #3333, #1451 ) ;
#4055 = PRODUCT_RELATED_PRODUCT_CATEGORY ( 'detail', '', ( #685 ) ) ;
#4056 = VERTEX_POINT ( 'NONE', #3048 ) ;
#4057 = COORDINATED_UNIVERSAL_TIME_OFFSET ( 8, 0, .AHEAD. ) ;
#4058 = CIRCLE ( 'NONE', #2163, 4.099999999999999645 ) ;
#4059 = LINE ( 'NONE', #786, #1766 ) ;
#4060 = DIRECTION ( 'NONE',  ( 1.000000000000000000, 0.000000000000000000, 0.000000000000000000 ) ) ;
#4061 = ORIENTED_EDGE ( 'NONE', *, *, #1667, .T. ) ;
#4062 = CARTESIAN_POINT ( 'NONE',  ( -6.989000000000000767, -35.72299999999999898, 17.19999999999999929 ) ) ;
#4063 = PLANE ( 'NONE',  #4257 ) ;
#4064 = ADVANCED_FACE ( 'NONE', ( #2335 ), #4510, .F. ) ;
#4065 = EDGE_CURVE ( 'NONE', #2240, #3914, #473, .T. ) ;
#4066 = DIRECTION ( 'NONE',  ( 0.000000000000000000, 0.000000000000000000, 1.000000000000000000 ) ) ;
#4067 = ORIENTED_EDGE ( 'NONE', *, *, #3423, .F. ) ;
#4068 = VERTEX_POINT ( 'NONE', #1231 ) ;
#4069 = VERTEX_POINT ( 'NONE', #109 ) ;
#4070 = LINE ( 'NONE', #3785, #2413 ) ;
#4071 = DIRECTION ( 'NONE',  ( -0.000000000000000000, 0.000000000000000000, -1.000000000000000000 ) ) ;
#4072 = CARTESIAN_POINT ( 'NONE',  ( -18.73700000000000188, -42.05700000000000216, 0.000000000000000000 ) ) ;
#4073 = ORIENTED_EDGE ( 'NONE', *, *, #1646, .F. ) ;
#4074 = VERTEX_POINT ( 'NONE', #3808 ) ;
#4075 = CARTESIAN_POINT ( 'NONE',  ( 77.50900000000001455, -39.47299999999999898, 15.19999999999999929 ) ) ;
#4076 = CIRCLE ( 'NONE', #3237, 2.737356642794202877 ) ;
#4077 = CARTESIAN_POINT ( 'NONE',  ( 63.27799999999999869, -37.37500000000000000, 17.19999999999999929 ) ) ;
#4078 = AXIS2_PLACEMENT_3D ( 'NONE', #2290, #4518, #1258 ) ;
#4079 = ORIENTED_EDGE ( 'NONE', *, *, #3995, .F. ) ;
#4080 = CIRCLE ( 'NONE', #4624, 4.099999999999999645 ) ;
#4081 = PERSON_AND_ORGANIZATION ( #1133, #4263 ) ;
#4082 = CARTESIAN_POINT ( 'NONE',  ( -7.634838191436935873, 22.85513567608969865, 0.000000000000000000 ) ) ;
#4083 = CARTESIAN_POINT ( 'NONE',  ( -9.921190305139585774, 9.874294930477221399, 1.000000000000000000 ) ) ;
#4084 = VERTEX_POINT ( 'NONE', #1566 ) ;
#4085 = CYLINDRICAL_SURFACE ( 'NONE', #1867, 1.986770467292415354 ) ;
#4086 = DIRECTION ( 'NONE',  ( 1.000000000000000000, 0.000000000000000000, 0.000000000000000000 ) ) ;
#4087 = DIRECTION ( 'NONE',  ( 1.000000000000000000, 0.000000000000000000, 0.000000000000000000 ) ) ;
#4088 = ORIENTED_EDGE ( 'NONE', *, *, #299, .F. ) ;
#4089 = ORIENTED_EDGE ( 'NONE', *, *, #3922, .F. ) ;
#4090 = EDGE_CURVE ( 'NONE', #3996, #1161, #4331, .T. ) ;
#4091 = ADVANCED_FACE ( 'NONE', ( #4314 ), #4215, .F. ) ;
#4092 = ORIENTED_EDGE ( 'NONE', *, *, #3424, .F. ) ;
#4093 = CARTESIAN_POINT ( 'NONE',  ( 19.40999999999999659, 24.84199999999999875, 15.19999999999999929 ) ) ;
#4094 = DIRECTION ( 'NONE',  ( 0.000000000000000000, 0.000000000000000000, 1.000000000000000000 ) ) ;
#4095 = PLANE ( 'NONE',  #556 ) ;
#4096 = VERTEX_POINT ( 'NONE', #1709 ) ;
#4097 = ADVANCED_FACE ( 'NONE', ( #3878 ), #3114, .F. ) ;
#4098 = VECTOR ( 'NONE', #3883, 1000.000000000000000 ) ;
#4099 = VERTEX_POINT ( 'NONE', #1300 ) ;
#4100 = FACE_OUTER_BOUND ( 'NONE', #2209, .T. ) ;
#4101 = LINE ( 'NONE', #1115, #3057 ) ;
#4102 = AXIS2_PLACEMENT_3D ( 'NONE', #3825, #3155, #3486 ) ;
#4103 = ORIENTED_EDGE ( 'NONE', *, *, #3921, .T. ) ;
#4104 = CIRCLE ( 'NONE', #2052, 2.737281905642589663 ) ;
#4105 = PERSON_AND_ORGANIZATION ( #1133, #4263 ) ;
#4106 = CARTESIAN_POINT ( 'NONE',  ( 64.75000000000000000, 9.106999999999999318, 0.000000000000000000 ) ) ;
#4107 = LINE ( 'NONE', #1627, #1992 ) ;
#4108 = ORIENTED_EDGE ( 'NONE', *, *, #515, .F. ) ;
#4109 = CARTESIAN_POINT ( 'NONE',  ( -18.73680764369801466, -39.82022954201941900, 15.19999999999999929 ) ) ;
#4110 = EDGE_CURVE ( 'NONE', #1431, #2406, #1357, .T. ) ;
#4111 = LINE ( 'NONE', #1268, #1742 ) ;
#4112 = CARTESIAN_POINT ( 'NONE',  ( 3.569000000000000838, -35.72299999999999898, 17.19999999999999929 ) ) ;
#4113 = CARTESIAN_POINT ( 'NONE',  ( 35.40474999999999994, -28.70324999999999704, 0.000000000000000000 ) ) ;
#4114 = ADVANCED_FACE ( 'NONE', ( #3164 ), #3928, .F. ) ;
#4115 = ORIENTED_EDGE ( 'NONE', *, *, #1410, .T. ) ;
#4116 = ORIENTED_EDGE ( 'NONE', *, *, #1618, .F. ) ;
#4117 = ORIENTED_EDGE ( 'NONE', *, *, #3079, .T. ) ;
#4118 = LINE ( 'NONE', #4093, #2562 ) ;
#4119 = CARTESIAN_POINT ( 'NONE',  ( 64.45000000000000284, 24.84199999999999875, 0.000000000000000000 ) ) ;
#4120 = CARTESIAN_POINT ( 'NONE',  ( -3.468999999999999861, 1.614000000000000101, 0.000000000000000000 ) ) ;
#4121 = AXIS2_PLACEMENT_3D ( 'NONE', #2223, #4006, #3673 ) ;
#4122 = ORIENTED_EDGE ( 'NONE', *, *, #3501, .F. ) ;
#4123 = ORIENTED_EDGE ( 'NONE', *, *, #1726, .T. ) ;
#4124 = LINE ( 'NONE', #1960, #3697 ) ;
#4125 = LINE ( 'NONE', #503, #314 ) ;
#4126 = AXIS2_PLACEMENT_3D ( 'NONE', #787, #1436, #391 ) ;
#4127 = EDGE_CURVE ( 'NONE', #4375, #1094, #2400, .T. ) ;
#4128 = ADVANCED_FACE ( 'NONE', ( #1036 ), #4628, .F. ) ;
#4129 = CIRCLE ( 'NONE', #7, 0.01285943191638508343 ) ;
#4130 = AXIS2_PLACEMENT_3D ( 'NONE', #1558, #1197, #1948 ) ;
#4131 = ORIENTED_EDGE ( 'NONE', *, *, #3968, .F. ) ;
#4132 = CALENDAR_DATE ( 2026, 13, 9 ) ;
#4133 = DIRECTION ( 'NONE',  ( 0.000000000000000000, 0.000000000000000000, -1.000000000000000000 ) ) ;
#4134 = CARTESIAN_POINT ( 'NONE',  ( 64.75000000000000000, 9.106999999999999318, 17.19999999999999929 ) ) ;
#4135 = ORIENTED_EDGE ( 'NONE', *, *, #3598, .T. ) ;
#4136 = AXIS2_PLACEMENT_3D ( 'NONE', #1807, #4290, #2879 ) ;
#4137 = DIRECTION ( 'NONE',  ( 1.000000000000000000, 0.000000000000000000, 0.000000000000000000 ) ) ;
#4138 = CARTESIAN_POINT ( 'NONE',  ( 15.20169289790814204, -37.59571270122588516, 15.19999999999999929 ) ) ;
#4139 = CARTESIAN_POINT ( 'NONE',  ( 50.39300000000000068, -43.80700000000000216, 17.19999999999999929 ) ) ;
#4140 = CIRCLE ( 'NONE', #1317, 2.236801751153642659 ) ;
#4141 = VERTEX_POINT ( 'NONE', #3542 ) ;
#4142 = EDGE_LOOP ( 'NONE', ( #2734, #1862, #3729, #1155 ) ) ;
#4143 = CARTESIAN_POINT ( 'NONE',  ( 15.20169289790814204, -37.59571270122588516, 15.19999999999999929 ) ) ;
#4144 = CARTESIAN_POINT ( 'NONE',  ( 64.45000000000000284, 24.84199999999999875, 15.19999999999999929 ) ) ;
#4145 = DIRECTION ( 'NONE',  ( 0.000000000000000000, 0.000000000000000000, -1.000000000000000000 ) ) ;
#4146 = VERTEX_POINT ( 'NONE', #1398 ) ;
#4147 = ORIENTED_EDGE ( 'NONE', *, *, #3653, .T. ) ;
#4148 = DIRECTION ( 'NONE',  ( -0.000000000000000000, -0.000000000000000000, -1.000000000000000000 ) ) ;
#4149 = CARTESIAN_POINT ( 'NONE',  ( -21.43175000000000097, -39.34250000000000114, -1.199999999999999956 ) ) ;
#4150 = EDGE_CURVE ( 'NONE', #1539, #2859, #4236, .T. ) ;
#4151 = CIRCLE ( 'NONE', #1254, 3.987020817447808341 ) ;
#4152 = VERTEX_POINT ( 'NONE', #2494 ) ;
#4153 = EDGE_CURVE ( 'NONE', #535, #865, #4723, .T. ) ;
#4154 = ADVANCED_FACE ( 'NONE', ( #227, #4677, #1347, #3950, #3856, #2118, #1011, #1683, #2138, #3520, #2044, #3903 ), #2069, .F. ) ;
#4155 = DATE_AND_TIME ( #4132, #2433 ) ;
#4156 = VECTOR ( 'NONE', #3122, 1000.000000000000114 ) ;
#4157 = CARTESIAN_POINT ( 'NONE',  ( 15.20132459316953266, -37.59585533463144458, 17.19999999999999929 ) ) ;
#4158 = CARTESIAN_POINT ( 'NONE',  ( -2.822000000000000508, -37.37500000000000000, 17.19999999999999929 ) ) ;
#4159 = ORIENTED_EDGE ( 'NONE', *, *, #4008, .T. ) ;
#4160 = AXIS2_PLACEMENT_3D ( 'NONE', #1330, #1761, #966 ) ;
#4161 = CARTESIAN_POINT ( 'NONE',  ( 69.81000000000000227, -35.72299999999999898, 15.19999999999999929 ) ) ;
#4162 = DIRECTION ( 'NONE',  ( -1.000000000000000000, 0.000000000000000000, 0.000000000000000000 ) ) ;
#4163 = CARTESIAN_POINT ( 'NONE',  ( 65.54951257916475527, 11.56607728298018500, 14.90000000000000036 ) ) ;
#4164 = ORIENTED_EDGE ( 'NONE', *, *, #3711, .F. ) ;
#4165 = VERTEX_POINT ( 'NONE', #2809 ) ;
#4166 = CARTESIAN_POINT ( 'NONE',  ( 59.77799999999999869, -37.37500000000000000, 17.19999999999999929 ) ) ;
#4167 = DIRECTION ( 'NONE',  ( 0.000000000000000000, 0.000000000000000000, 1.000000000000000000 ) ) ;
#4168 = FACE_BOUND ( 'NONE', #1508, .T. ) ;
#4169 = EDGE_LOOP ( 'NONE', ( #3158, #664, #3496, #3111 ) ) ;
#4170 = EDGE_LOOP ( 'NONE', ( #4564, #258 ) ) ;
#4171 = DIRECTION ( 'NONE',  ( 1.000000000000000000, -2.081668171172166541E-15, 0.000000000000000000 ) ) ;
#4172 = DIRECTION ( 'NONE',  ( -0.000000000000000000, -0.000000000000000000, -1.000000000000000000 ) ) ;
#4173 = AXIS2_PLACEMENT_3D ( 'NONE', #4270, #1741, #4295 ) ;
#4174 = EDGE_CURVE ( 'NONE', #2180, #3686, #4264, .T. ) ;
#4175 = ORIENTED_EDGE ( 'NONE', *, *, #2641, .F. ) ;
#4176 = AXIS2_PLACEMENT_3D ( 'NONE', #1756, #937, #2783 ) ;
#4177 = DIRECTION ( 'NONE',  ( 1.000000000000000000, 0.000000000000000000, 0.000000000000000000 ) ) ;
#4178 = CARTESIAN_POINT ( 'NONE',  ( -3.468999999999999861, 1.614000000000000101, 0.000000000000000000 ) ) ;
#4179 = CIRCLE ( 'NONE', #2581, 2.500000000000002220 ) ;
#4180 = ORIENTED_EDGE ( 'NONE', *, *, #2496, .T. ) ;
#4181 = CARTESIAN_POINT ( 'NONE',  ( 42.51200000000000045, -35.58299999999999841, 15.19999999999999929 ) ) ;
#4182 = FACE_OUTER_BOUND ( 'NONE', #1641, .T. ) ;
#4183 = CARTESIAN_POINT ( 'NONE',  ( 8.901750000000001606, -41.40274999999999750, -1.199999999999999956 ) ) ;
#4184 = EDGE_CURVE ( 'NONE', #2834, #1885, #3037, .T. ) ;
#4185 = EDGE_CURVE ( 'NONE', #207, #4464, #1370, .T. ) ;
#4186 = LINE ( 'NONE', #4530, #2372 ) ;
#4187 = ORIENTED_EDGE ( 'NONE', *, *, #624, .F. ) ;
#4188 = ORIENTED_EDGE ( 'NONE', *, *, #941, .T. ) ;
#4189 = DIRECTION ( 'NONE',  ( 0.000000000000000000, 0.000000000000000000, 1.000000000000000000 ) ) ;
#4190 = DIRECTION ( 'NONE',  ( -1.000000000000000000, 0.000000000000000000, 0.000000000000000000 ) ) ;
#4191 = FACE_OUTER_BOUND ( 'NONE', #3875, .T. ) ;
#4192 = VERTEX_POINT ( 'NONE', #4404 ) ;
#4193 = VERTEX_POINT ( 'NONE', #4334 ) ;
#4194 = LINE ( 'NONE', #920, #2107 ) ;
#4195 = DIRECTION ( 'NONE',  ( 1.000000000000000000, 0.000000000000000000, 0.000000000000000000 ) ) ;
#4196 = AXIS2_PLACEMENT_3D ( 'NONE', #1290, #3579, #3441 ) ;
#4197 = ORIENTED_EDGE ( 'NONE', *, *, #2990, .F. ) ;
#4198 = CARTESIAN_POINT ( 'NONE',  ( 34.51200000000000045, -28.33300000000000196, 0.000000000000000000 ) ) ;
#4199 = CIRCLE ( 'NONE', #764, 1.250000000000001110 ) ;
#4200 = CIRCLE ( 'NONE', #3133, 3.987187573048927458 ) ;
#4201 = CYLINDRICAL_SURFACE ( 'NONE', #1164, 3.987513128313524557 ) ;
#4202 = AXIS2_PLACEMENT_3D ( 'NONE', #4278, #1047, #1000 ) ;
#4203 = CARTESIAN_POINT ( 'NONE',  ( -18.73700000000000188, -42.05700000000000216, -1.199999999999999956 ) ) ;
#4204 = ADVANCED_FACE ( 'NONE', ( #1463 ), #1418, .T. ) ;
#4205 = CIRCLE ( 'NONE', #4366, 6.199999999999997513 ) ;
#4206 = ORIENTED_EDGE ( 'NONE', *, *, #4035, .T. ) ;
#4207 = CARTESIAN_POINT ( 'NONE',  ( 69.81000000000000227, -35.72299999999999898, 17.19999999999999929 ) ) ;
#4208 = CARTESIAN_POINT ( 'NONE',  ( 35.40474999999999994, -28.70324999999999704, 0.000000000000000000 ) ) ;
#4209 = CARTESIAN_POINT ( 'NONE',  ( -18.73701745611166558, -39.81997918254900526, 0.000000000000000000 ) ) ;
#4210 = ORIENTED_EDGE ( 'NONE', *, *, #1552, .T. ) ;
#4211 = ORIENTED_EDGE ( 'NONE', *, *, #2060, .T. ) ;
#4212 = LINE ( 'NONE', #2782, #4436 ) ;
#4213 = ADVANCED_FACE ( 'NONE', ( #1850 ), #725, .F. ) ;
#4214 = EDGE_CURVE ( 'NONE', #2961, #2864, #2274, .T. ) ;
#4215 = PLANE ( 'NONE',  #3563 ) ;
#4216 = AXIS2_PLACEMENT_3D ( 'NONE', #428, #4415, #3668 ) ;
#4217 = DIRECTION ( 'NONE',  ( 1.000000000000000000, 0.000000000000000000, -0.000000000000000000 ) ) ;
#4218 = ORIENTED_EDGE ( 'NONE', *, *, #4364, .T. ) ;
#4219 = ORIENTED_EDGE ( 'NONE', *, *, #3472, .T. ) ;
#4220 = LINE ( 'NONE', #3498, #1644 ) ;
#4221 = DIRECTION ( 'NONE',  ( 1.000000000000000000, 0.000000000000000000, 0.000000000000000000 ) ) ;
#4222 = ORIENTED_EDGE ( 'NONE', *, *, #2166, .F. ) ;
#4223 = DIRECTION ( 'NONE',  ( -0.000000000000000000, -0.000000000000000000, -1.000000000000000000 ) ) ;
#4224 = CARTESIAN_POINT ( 'NONE',  ( 66.00000000000000000, 9.106999999999999318, 15.19999999999999929 ) ) ;
#4225 = AXIS2_PLACEMENT_3D ( 'NONE', #1555, #439, #2233 ) ;
#4226 = DIRECTION ( 'NONE',  ( 0.7071067811865474617, -0.7071067811865474617, 0.000000000000000000 ) ) ;
#4227 = ORIENTED_EDGE ( 'NONE', *, *, #1030, .T. ) ;
#4228 = VECTOR ( 'NONE', #3332, 1000.000000000000000 ) ;
#4229 = DIRECTION ( 'NONE',  ( -0.000000000000000000, -0.000000000000000000, -1.000000000000000000 ) ) ;
#4230 = FACE_OUTER_BOUND ( 'NONE', #2214, .T. ) ;
#4231 = DIRECTION ( 'NONE',  ( 0.000000000000000000, -0.000000000000000000, 1.000000000000000000 ) ) ;
#4232 = VECTOR ( 'NONE', #4148, 1000.000000000000000 ) ;
#4233 = ORIENTED_EDGE ( 'NONE', *, *, #4127, .F. ) ;
#4234 = ORIENTED_EDGE ( 'NONE', *, *, #1700, .F. ) ;
#4235 = DIRECTION ( 'NONE',  ( -0.1744359722748106967, 0.9846685186277367441, 0.000000000000000000 ) ) ;
#4236 = LINE ( 'NONE', #204, #3718 ) ;
#4237 = AXIS2_PLACEMENT_3D ( 'NONE', #4166, #2358, #59 ) ;
#4238 = LINE ( 'NONE', #3404, #2157 ) ;
#4239 = EDGE_CURVE ( 'NONE', #2922, #3559, #1058, .T. ) ;
#4240 = EDGE_CURVE ( 'NONE', #1785, #477, #2517, .T. ) ;
#4241 = ORIENTED_EDGE ( 'NONE', *, *, #4150, .F. ) ;
#4242 = VERTEX_POINT ( 'NONE', #3971 ) ;
#4243 = DIRECTION ( 'NONE',  ( 0.000000000000000000, 0.000000000000000000, 1.000000000000000000 ) ) ;
#4244 = CARTESIAN_POINT ( 'NONE',  ( 66.65225000000000932, 23.24549999999999983, 0.000000000000000000 ) ) ;
#4245 = ADVANCED_FACE ( 'NONE', ( #702 ), #3658, .T. ) ;
#4246 = ADVANCED_FACE ( 'NONE', ( #748 ), #1102, .F. ) ;
#4247 = ORIENTED_EDGE ( 'NONE', *, *, #2750, .F. ) ;
#4248 = ORIENTED_EDGE ( 'NONE', *, *, #362, .T. ) ;
#4249 = PLANE ( 'NONE',  #2937 ) ;
#4250 = CIRCLE ( 'NONE', #3945, 10.75000000000000000 ) ;
#4251 = PLANE ( 'NONE',  #3832 ) ;
#4252 = CARTESIAN_POINT ( 'NONE',  ( 79.47899999999999920, -39.12500000000000000, 17.19999999999999929 ) ) ;
#4253 = VERTEX_POINT ( 'NONE', #2541 ) ;
#4254 = AXIS2_PLACEMENT_3D ( 'NONE', #157, #4094, #1253 ) ;
#4255 = DIRECTION ( 'NONE',  ( 0.000000000000000000, -1.000000000000000000, 0.000000000000000000 ) ) ;
#4256 = CYLINDRICAL_SURFACE ( 'NONE', #3972, 2.500000000000002220 ) ;
#4257 = AXIS2_PLACEMENT_3D ( 'NONE', #790, #3589, #3231 ) ;
#4258 = CARTESIAN_POINT ( 'NONE',  ( 0.6779999999999998250, -37.37500000000000000, 0.000000000000000000 ) ) ;
#4259 = VERTEX_POINT ( 'NONE', #2968 ) ;
#4260 = ORIENTED_EDGE ( 'NONE', *, *, #3252, .T. ) ;
#4261 = EDGE_CURVE ( 'NONE', #3828, #724, #3411, .T. ) ;
#4262 = LINE ( 'NONE', #2758, #1570 ) ;
#4263 = ORGANIZATION ( 'æœª', 'æœª', '' ) ;
#4264 = LINE ( 'NONE', #984, #4643 ) ;
#4265 = ADVANCED_FACE ( 'NONE', ( #1125, #1873 ), #3299, .F. ) ;
#4266 = FACE_OUTER_BOUND ( 'NONE', #3068, .T. ) ;
#4267 = ORIENTED_EDGE ( 'NONE', *, *, #2690, .F. ) ;
#4268 = ORIENTED_EDGE ( 'NONE', *, *, #3968, .T. ) ;
#4269 = LINE ( 'NONE', #988, #2632 ) ;
#4270 = CARTESIAN_POINT ( 'NONE',  ( -7.634763541015092692, 22.85519826804792132, 0.000000000000000000 ) ) ;
#4271 = VERTEX_POINT ( 'NONE', #3635 ) ;
#4272 = EDGE_LOOP ( 'NONE', ( #1694, #2340, #1227, #200 ) ) ;
#4273 = DIRECTION ( 'NONE',  ( 0.000000000000000000, 0.000000000000000000, 1.000000000000000000 ) ) ;
#4274 = CYLINDRICAL_SURFACE ( 'NONE', #4196, 2.500000000000000444 ) ;
#4275 = EDGE_CURVE ( 'NONE', #1367, #4357, #53, .T. ) ;
#4276 = VECTOR ( 'NONE', #2673, 1000.000000000000000 ) ;
#4277 = EDGE_CURVE ( 'NONE', #2102, #1246, #1486, .T. ) ;
#4278 = CARTESIAN_POINT ( 'NONE',  ( 75.55243039011578787, -39.81948689491345306, 17.19999999999999929 ) ) ;
#4279 = AXIS2_PLACEMENT_3D ( 'NONE', #559, #2017, #2396 ) ;
#4280 = ORIENTED_EDGE ( 'NONE', *, *, #4214, .T. ) ;
#4281 = CARTESIAN_POINT ( 'NONE',  ( -3.468999999999999861, 1.614000000000000101, 17.19999999999999929 ) ) ;
#4282 = AXIS2_PLACEMENT_3D ( 'NONE', #4139, #223, #3465 ) ;
#4283 = DIRECTION ( 'NONE',  ( 0.000000000000000000, 0.000000000000000000, 1.000000000000000000 ) ) ;
#4284 = LINE ( 'NONE', #651, #3970 ) ;
#4285 = VECTOR ( 'NONE', #936, 1000.000000000000000 ) ;
#4286 = VERTEX_POINT ( 'NONE', #2945 ) ;
#4287 = DIRECTION ( 'NONE',  ( -0.000000000000000000, 1.000000000000000000, -0.000000000000000000 ) ) ;
#4288 = DIRECTION ( 'NONE',  ( 1.000000000000000000, 0.000000000000000000, 0.000000000000000000 ) ) ;
#4289 = CARTESIAN_POINT ( 'NONE',  ( 51.05300000000000438, -35.72299999999999898, 17.19999999999999929 ) ) ;
#4290 = DIRECTION ( 'NONE',  ( -0.000000000000000000, -0.000000000000000000, -1.000000000000000000 ) ) ;
#4291 = ORIENTED_EDGE ( 'NONE', *, *, #623, .F. ) ;
#4292 = ORIENTED_EDGE ( 'NONE', *, *, #1409, .F. ) ;
#4293 = DIRECTION ( 'NONE',  ( 0.000000000000000000, 0.000000000000000000, 1.000000000000000000 ) ) ;
#4294 = PRODUCT_DEFINITION ( 'æœ', '', #3041, #1105 ) ;
#4295 = DIRECTION ( 'NONE',  ( 1.000000000000000000, 0.000000000000000000, 0.000000000000000000 ) ) ;
#4296 = AXIS2_PLACEMENT_3D ( 'NONE', #110, #2287, #451 ) ;
#4297 = VERTEX_POINT ( 'NONE', #4381 ) ;
#4298 = VECTOR ( 'NONE', #4087, 1000.000000000000000 ) ;
#4299 = ORIENTED_EDGE ( 'NONE', *, *, #4035, .F. ) ;
#4300 = FACE_OUTER_BOUND ( 'NONE', #143, .T. ) ;
#4301 = DIRECTION ( 'NONE',  ( 1.000000000000000000, 0.000000000000000000, 0.000000000000000000 ) ) ;
#4302 = LINE ( 'NONE', #2108, #3744 ) ;
#4303 = ADVANCED_FACE ( 'NONE', ( #3320, #2565 ), #4063, .F. ) ;
#4304 = ADVANCED_FACE ( 'NONE', ( #4016 ), #2211, .F. ) ;
#4305 = ORIENTED_EDGE ( 'NONE', *, *, #1282, .T. ) ;
#4306 = DIRECTION ( 'NONE',  ( 0.000000000000000000, 0.000000000000000000, 1.000000000000000000 ) ) ;
#4307 = DIRECTION ( 'NONE',  ( -1.000000000000000000, 0.000000000000000000, 0.000000000000000000 ) ) ;
#4308 = PLANE ( 'NONE',  #3741 ) ;
#4309 = ADVANCED_FACE ( 'NONE', ( #4182 ), #1969, .F. ) ;
#4310 = ORIENTED_EDGE ( 'NONE', *, *, #1906, .F. ) ;
#4311 = CIRCLE ( 'NONE', #348, 1.262769446279073060 ) ;
#4312 = CARTESIAN_POINT ( 'NONE',  ( -11.08900000000000041, -35.72299999999999898, 17.19999999999999929 ) ) ;
#4313 = CARTESIAN_POINT ( 'NONE',  ( 23.20155617993325237, -29.59576932379585656, -1.199999999999999956 ) ) ;
#4314 = FACE_OUTER_BOUND ( 'NONE', #1609, .T. ) ;
#4315 = DIRECTION ( 'NONE',  ( -1.000000000000000000, 0.000000000000000000, 0.000000000000000000 ) ) ;
#4316 = VERTEX_POINT ( 'NONE', #2707 ) ;
#4317 = ORIENTED_EDGE ( 'NONE', *, *, #624, .T. ) ;
#4318 = DIRECTION ( 'NONE',  ( 1.000000000000000000, 0.000000000000000000, 0.000000000000000000 ) ) ;
#4319 = AXIS2_PLACEMENT_3D ( 'NONE', #208, #1715, #3549 ) ;
#4320 = CARTESIAN_POINT ( 'NONE',  ( 75.55222033766041534, -39.81973723256273701, 15.19999999999999929 ) ) ;
#4321 = EDGE_LOOP ( 'NONE', ( #3022, #523, #2799, #4233 ) ) ;
#4322 = ORIENTED_EDGE ( 'NONE', *, *, #3501, .T. ) ;
#4323 = DIRECTION ( 'NONE',  ( 0.000000000000000000, 0.000000000000000000, 1.000000000000000000 ) ) ;
#4324 = PLANE ( 'NONE',  #1525 ) ;
#4325 = EDGE_CURVE ( 'NONE', #1448, #3914, #3371, .T. ) ;
#4326 = CARTESIAN_POINT ( 'NONE',  ( -13.85987517319368933, 10.57197788867645016, 5.599999999999999645 ) ) ;
#4327 = ORIENTED_EDGE ( 'NONE', *, *, #3006, .F. ) ;
#4328 = CARTESIAN_POINT ( 'NONE',  ( 67.25000000000000000, 9.106999999999999318, 17.19999999999999929 ) ) ;
#4329 = DIRECTION ( 'NONE',  ( -0.000000000000000000, -0.000000000000000000, -1.000000000000000000 ) ) ;
#4330 = PLANE ( 'NONE',  #4433 ) ;
#4331 = CIRCLE ( 'NONE', #2270, 3.500000000000000000 ) ;
#4332 = ORIENTED_EDGE ( 'NONE', *, *, #509, .T. ) ;
#4333 = CARTESIAN_POINT ( 'NONE',  ( -18.73700000000000188, -42.55700000000000216, 0.000000000000000000 ) ) ;
#4334 = CARTESIAN_POINT ( 'NONE',  ( 35.88650000000000517, -29.18499999999999872, 0.000000000000000000 ) ) ;
#4335 = EDGE_CURVE ( 'NONE', #330, #3503, #3186, .T. ) ;
#4336 = EDGE_CURVE ( 'NONE', #3684, #3581, #2202, .T. ) ;
#4337 = VECTOR ( 'NONE', #3755, 1000.000000000000000 ) ;
#4338 = CARTESIAN_POINT ( 'NONE',  ( -22.66299999999999670, -39.12500000000000000, 0.000000000000000000 ) ) ;
#4339 = ORIENTED_EDGE ( 'NONE', *, *, #4536, .F. ) ;
#4340 = VECTOR ( 'NONE', #1456, 1000.000000000000000 ) ;
#4341 = ORIENTED_EDGE ( 'NONE', *, *, #2147, .T. ) ;
#4342 = DIRECTION ( 'NONE',  ( 1.000000000000000000, 0.000000000000000000, 0.000000000000000000 ) ) ;
#4343 = CARTESIAN_POINT ( 'NONE',  ( 64.45000000000000284, 26.84199999999999875, 0.000000000000000000 ) ) ;
#4344 = DIRECTION ( 'NONE',  ( 1.000000000000000000, 0.000000000000000000, -0.000000000000000000 ) ) ;
#4345 = ORIENTED_EDGE ( 'NONE', *, *, #882, .F. ) ;
#4346 = CARTESIAN_POINT ( 'NONE',  ( 66.00000000000000000, 9.106999999999999318, 17.19999999999999929 ) ) ;
#4347 = CARTESIAN_POINT ( 'NONE',  ( 34.51200000000000045, -28.33300000000000196, -1.199999999999999956 ) ) ;
#4348 = EDGE_CURVE ( 'NONE', #477, #2662, #464, .T. ) ;
#4349 = DIRECTION ( 'NONE',  ( -0.000000000000000000, -0.000000000000000000, -1.000000000000000000 ) ) ;
#4350 = ORIENTED_EDGE ( 'NONE', *, *, #3892, .F. ) ;
#4351 = CC_DESIGN_PERSON_AND_ORGANIZATION_ASSIGNMENT ( #857, #71, ( #4294 ) ) ;
#4352 = DIRECTION ( 'NONE',  ( 0.000000000000000000, 0.000000000000000000, 1.000000000000000000 ) ) ;
#4353 = EDGE_CURVE ( 'NONE', #80, #4056, #102, .T. ) ;
#4354 = DIRECTION ( 'NONE',  ( -1.000000000000000000, 0.000000000000000000, 0.000000000000000000 ) ) ;
#4355 = CIRCLE ( 'NONE', #2595, 2.736864331257433225 ) ;
#4356 = CARTESIAN_POINT ( 'NONE',  ( 66.00000000000000000, 9.106999999999999318, 14.90000000000000036 ) ) ;
#4357 = VERTEX_POINT ( 'NONE', #2328 ) ;
#4358 = VERTEX_POINT ( 'NONE', #3394 ) ;
#4359 = VECTOR ( 'NONE', #130, 1000.000000000000000 ) ;
#4360 = CARTESIAN_POINT ( 'NONE',  ( -3.468999999999999861, 1.614000000000000101, 17.19999999999999929 ) ) ;
#4361 = CARTESIAN_POINT ( 'NONE',  ( 9.255250000000000199, -41.75625000000000142, -1.199999999999999956 ) ) ;
#4362 = AXIS2_PLACEMENT_3D ( 'NONE', #1389, #1748, #3199 ) ;
#4363 = ORIENTED_EDGE ( 'NONE', *, *, #2772, .T. ) ;
#4364 = EDGE_CURVE ( 'NONE', #2033, #1251, #1630, .T. ) ;
#4365 = EDGE_CURVE ( 'NONE', #1425, #2240, #2994, .T. ) ;
#4366 = AXIS2_PLACEMENT_3D ( 'NONE', #831, #808, #3722 ) ;
#4367 = EDGE_LOOP ( 'NONE', ( #304, #1586, #4458, #735 ) ) ;
#4368 = DIRECTION ( 'NONE',  ( 1.000000000000000000, 0.000000000000000000, -0.000000000000000000 ) ) ;
#4369 = DIRECTION ( 'NONE',  ( -0.000000000000000000, -0.000000000000000000, -1.000000000000000000 ) ) ;
#4370 = CARTESIAN_POINT ( 'NONE',  ( 75.55243039011578787, -39.81948689491345306, 17.19999999999999929 ) ) ;
#4371 = ORIENTED_EDGE ( 'NONE', *, *, #824, .F. ) ;
#4372 = LINE ( 'NONE', #688, #2784 ) ;
#4373 = FACE_OUTER_BOUND ( 'NONE', #1339, .T. ) ;
#4374 = AXIS2_PLACEMENT_3D ( 'NONE', #4018, #104, #1851 ) ;
#4375 = VERTEX_POINT ( 'NONE', #3086 ) ;
#4376 = CARTESIAN_POINT ( 'NONE',  ( 75.55200000000000671, -43.80700000000000216, 17.19999999999999929 ) ) ;
#4377 = CARTESIAN_POINT ( 'NONE',  ( 12.15499999999999936, -5.384999999999999787, 17.19999999999999929 ) ) ;
#4378 = PLANE ( 'NONE',  #2224 ) ;
#4379 = ORIENTED_EDGE ( 'NONE', *, *, #396, .T. ) ;
#4380 = CARTESIAN_POINT ( 'NONE',  ( 7.668999999999999595, -35.72299999999999898, 17.19999999999999929 ) ) ;
#4381 = CARTESIAN_POINT ( 'NONE',  ( -12.69998507152458700, 17.11999735562930169, 1.000000000000000888 ) ) ;
#4382 = LINE ( 'NONE', #2542, #4298 ) ;
#4383 = CIRCLE ( 'NONE', #3084, 3.987187573048923905 ) ;
#4384 = ORIENTED_EDGE ( 'NONE', *, *, #4214, .F. ) ;
#4385 = ORIENTED_EDGE ( 'NONE', *, *, #2990, .T. ) ;
#4386 = DIRECTION ( 'NONE',  ( 1.000000000000000000, 0.000000000000000000, 0.000000000000000000 ) ) ;
#4387 = DIRECTION ( 'NONE',  ( 0.000000000000000000, 0.000000000000000000, 1.000000000000000000 ) ) ;
#4388 = VECTOR ( 'NONE', #593, 1000.000000000000000 ) ;
#4389 = EDGE_CURVE ( 'NONE', #1038, #636, #3726, .T. ) ;
#4390 = LINE ( 'NONE', #1112, #930 ) ;
#4391 = CIRCLE ( 'NONE', #273, 1.250000000000000000 ) ;
#4392 = ORIENTED_EDGE ( 'NONE', *, *, #1018, .F. ) ;
#4393 = CARTESIAN_POINT ( 'NONE',  ( 68.16506350946109194, 7.856999999999997542, 5.000000000000000888 ) ) ;
#4394 = CARTESIAN_POINT ( 'NONE',  ( 59.77799999999999869, -37.37500000000000000, 0.000000000000000000 ) ) ;
#4395 = ADVANCED_FACE ( 'NONE', ( #149 ), #3040, .F. ) ;
#4396 = EDGE_CURVE ( 'NONE', #1933, #185, #4503, .T. ) ;
#4397 = CIRCLE ( 'NONE', #3172, 3.599999999999999201 ) ;
#4398 = EDGE_LOOP ( 'NONE', ( #3290, #3891 ) ) ;
#4399 = CARTESIAN_POINT ( 'NONE',  ( 50.39254695555556651, -39.81981245268968905, 0.000000000000000000 ) ) ;
#4400 = CARTESIAN_POINT ( 'NONE',  ( 12.15499999999999936, -29.18499999999999872, 17.19999999999999929 ) ) ;
#4401 = CYLINDRICAL_SURFACE ( 'NONE', #2145, 2.236801744450469975 ) ;
#4402 = VERTEX_POINT ( 'NONE', #2633 ) ;
#4403 = DIRECTION ( 'NONE',  ( 1.000000000000000000, 0.000000000000000000, 0.000000000000000000 ) ) ;
#4404 = CARTESIAN_POINT ( 'NONE',  ( 68.50000000000000000, 9.106999999999999318, 5.000000000000000888 ) ) ;
#4405 = AXIS2_PLACEMENT_3D ( 'NONE', #4461, #2001, #1182 ) ;
#4406 = DIRECTION ( 'NONE',  ( 1.000000000000000000, 0.000000000000000000, 0.000000000000000000 ) ) ;
#4407 = EDGE_CURVE ( 'NONE', #4708, #1261, #812, .T. ) ;
#4408 = ORIENTED_EDGE ( 'NONE', *, *, #119, .T. ) ;
#4409 = ORIENTED_EDGE ( 'NONE', *, *, #4407, .F. ) ;
#4410 = VERTEX_POINT ( 'NONE', #4551 ) ;
#4411 = CARTESIAN_POINT ( 'NONE',  ( 68.16506350946110615, 10.35699999999999399, 15.19999999999999929 ) ) ;
#4412 = VECTOR ( 'NONE', #2657, 1000.000000000000114 ) ;
#4413 = CYLINDRICAL_SURFACE ( 'NONE', #1428, 4.100000000000006750 ) ;
#4414 = CC_DESIGN_PERSON_AND_ORGANIZATION_ASSIGNMENT ( #3698, #3338, ( #685 ) ) ;
#4415 = DIRECTION ( 'NONE',  ( 0.000000000000000000, 0.000000000000000000, 1.000000000000000000 ) ) ;
#4416 = CC_DESIGN_SECURITY_CLASSIFICATION ( #751, ( #3041 ) ) ;
#4417 = EDGE_LOOP ( 'NONE', ( #3811, #2478, #3881, #2910 ) ) ;
#4418 = PLANE ( 'NONE',  #648 ) ;
#4419 = DIRECTION ( 'NONE',  ( -1.000000000000000000, 0.000000000000000000, 0.000000000000000000 ) ) ;
#4420 = ORIENTED_EDGE ( 'NONE', *, *, #1990, .F. ) ;
#4421 = EDGE_CURVE ( 'NONE', #848, #2393, #1922, .T. ) ;
#4422 = EDGE_CURVE ( 'NONE', #1094, #910, #4111, .T. ) ;
#4423 = PERSON_AND_ORGANIZATION_ROLE ( 'design_supplier' ) ;
#4424 = DIRECTION ( 'NONE',  ( -1.000000000000000000, 0.000000000000000000, 0.000000000000000000 ) ) ;
#4425 = FACE_OUTER_BOUND ( 'NONE', #4367, .T. ) ;
#4426 = EDGE_LOOP ( 'NONE', ( #4408, #4363, #934, #1645 ) ) ;
#4427 = DIRECTION ( 'NONE',  ( 1.000000000000000000, 0.000000000000000000, 0.000000000000000000 ) ) ;
#4428 = CARTESIAN_POINT ( 'NONE',  ( 62.74699999999999989, 12.09699999999999953, 17.19999999999999929 ) ) ;
#4429 = VECTOR ( 'NONE', #4221, 1000.000000000000000 ) ;
#4430 = CARTESIAN_POINT ( 'NONE',  ( -18.73680764369801466, -39.82022954201941900, 0.000000000000000000 ) ) ;
#4431 = ORIENTED_EDGE ( 'NONE', *, *, #968, .T. ) ;
#4432 = EDGE_LOOP ( 'NONE', ( #173, #1394, #4115, #4241 ) ) ;
#4433 = AXIS2_PLACEMENT_3D ( 'NONE', #2421, #1006, #4231 ) ;
#4434 = EDGE_LOOP ( 'NONE', ( #839, #2504, #79, #629, #3024, #1186, #4612, #147, #2920, #4305, #3858, #1796, #3770, #965, #4332, #107, #1688 ) ) ;
#4435 = CARTESIAN_POINT ( 'NONE',  ( 55.54699999999999704, 12.09699999999999953, 17.19999999999999929 ) ) ;
#4436 = VECTOR ( 'NONE', #562, 1000.000000000000000 ) ;
#4437 = DIRECTION ( 'NONE',  ( 0.000000000000000000, 0.000000000000000000, -1.000000000000000000 ) ) ;
#4438 = CIRCLE ( 'NONE', #1533, 2.012712820494644284 ) ;
#4439 = DIRECTION ( 'NONE',  ( 0.7071067811865474617, 0.7071067811865475727, 0.000000000000000000 ) ) ;
#4440 = AXIS2_PLACEMENT_3D ( 'NONE', #3262, #3123, #3151 ) ;
#4441 = VERTEX_POINT ( 'NONE', #3443 ) ;
#4442 = VERTEX_POINT ( 'NONE', #2729 ) ;
#4443 = DIRECTION ( 'NONE',  ( 0.000000000000000000, 0.000000000000000000, -1.000000000000000000 ) ) ;
#4444 = CARTESIAN_POINT ( 'NONE',  ( -7.634763541015092692, 22.85519826804792132, -1.199999999999999956 ) ) ;
#4445 = ORIENTED_EDGE ( 'NONE', *, *, #362, .F. ) ;
#4446 = EDGE_CURVE ( 'NONE', #416, #224, #3703, .T. ) ;
#4447 = DATE_AND_TIME ( #1576, #3798 ) ;
#4448 = CIRCLE ( 'NONE', #2917, 2.736864328693513038 ) ;
#4449 = LINE ( 'NONE', #2628, #4672 ) ;
#4450 = EDGE_CURVE ( 'NONE', #4193, #888, #3343, .T. ) ;
#4451 = EDGE_CURVE ( 'NONE', #3581, #47, #2683, .T. ) ;
#4452 = CARTESIAN_POINT ( 'NONE',  ( 64.44976354101510196, 22.85519826804792132, -1.199999999999999956 ) ) ;
#4453 = ORIENTED_EDGE ( 'NONE', *, *, #2006, .T. ) ;
#4454 = DIRECTION ( 'NONE',  ( 0.000000000000000000, 0.000000000000000000, 1.000000000000000000 ) ) ;
#4455 = CARTESIAN_POINT ( 'NONE',  ( -7.634763541015092692, 22.85519826804792132, -1.199999999999999956 ) ) ;
#4456 = PLANE ( 'NONE',  #1625 ) ;
#4457 = ORIENTED_EDGE ( 'NONE', *, *, #4450, .F. ) ;
#4458 = ORIENTED_EDGE ( 'NONE', *, *, #368, .T. ) ;
#4459 = EDGE_LOOP ( 'NONE', ( #4384, #1775, #3880, #1744 ) ) ;
#4460 = PLANE ( 'NONE',  #576 ) ;
#4461 = CARTESIAN_POINT ( 'NONE',  ( 51.05300000000000438, -35.72299999999999898, 17.19999999999999929 ) ) ;
#4462 = VECTOR ( 'NONE', #2896, 1000.000000000000000 ) ;
#4463 = DIRECTION ( 'NONE',  ( -0.1744359722748106967, 0.9846685186277367441, 0.000000000000000000 ) ) ;
#4464 = VERTEX_POINT ( 'NONE', #4479 ) ;
#4465 = EDGE_LOOP ( 'NONE', ( #3713, #1250, #2074, #2538 ) ) ;
#4466 = DIRECTION ( 'NONE',  ( 0.000000000000000000, 0.000000000000000000, 1.000000000000000000 ) ) ;
#4467 = CIRCLE ( 'NONE', #1794, 1.250000000000001110 ) ;
#4468 = DIRECTION ( 'NONE',  ( 1.000000000000000000, 0.000000000000000000, 0.000000000000000000 ) ) ;
#4469 = AXIS2_PLACEMENT_3D ( 'NONE', #404, #2523, #1422 ) ;
#4470 = EDGE_CURVE ( 'NONE', #3967, #185, #4594, .T. ) ;
#4471 = ORIENTED_EDGE ( 'NONE', *, *, #968, .F. ) ;
#4472 = AXIS2_PLACEMENT_3D ( 'NONE', #3977, #1109, #2169 ) ;
#4473 = COORDINATED_UNIVERSAL_TIME_OFFSET ( 8, 0, .AHEAD. ) ;
#4474 = EDGE_CURVE ( 'NONE', #1531, #2215, #3847, .T. ) ;
#4475 = DIRECTION ( 'NONE',  ( 0.1744207395498072188, 0.9846712170135260012, 0.000000000000000000 ) ) ;
#4476 = LINE ( 'NONE', #1192, #4669 ) ;
#4477 = ORIENTED_EDGE ( 'NONE', *, *, #308, .F. ) ;
#4478 = DIRECTION ( 'NONE',  ( 0.000000000000000000, 0.000000000000000000, -1.000000000000000000 ) ) ;
#4479 = CARTESIAN_POINT ( 'NONE',  ( 21.95474999999999710, -28.34975000000000023, 0.000000000000000000 ) ) ;
#4480 = DIRECTION ( 'NONE',  ( 0.7071067811865474617, -0.7071067811865475727, 0.000000000000000000 ) ) ;
#4481 = PLANE ( 'NONE',  #4279 ) ;
#4482 = EDGE_LOOP ( 'NONE', ( #3440, #4210, #3056, #446, #1847, #1381, #3073, #1520 ) ) ;
#4483 = ORIENTED_EDGE ( 'NONE', *, *, #1225, .F. ) ;
#4484 = VERTEX_POINT ( 'NONE', #3894 ) ;
#4485 = FACE_OUTER_BOUND ( 'NONE', #2544, .T. ) ;
#4486 = EDGE_CURVE ( 'NONE', #4517, #1808, #60, .T. ) ;
#4487 = ADVANCED_FACE ( 'NONE', ( #246 ), #1701, .T. ) ;
#4488 = FACE_OUTER_BOUND ( 'NONE', #1201, .T. ) ;
#4489 = CARTESIAN_POINT ( 'NONE',  ( -7.634838191436935873, 22.85513567608969865, 0.000000000000000000 ) ) ;
#4490 = ORIENTED_EDGE ( 'NONE', *, *, #1002, .T. ) ;
#4491 = CIRCLE ( 'NONE', #4719, 2.736864331257433225 ) ;
#4492 = ORIENTED_EDGE ( 'NONE', *, *, #1673, .T. ) ;
#4493 = LINE ( 'NONE', #546, #3239 ) ;
#4494 = CARTESIAN_POINT ( 'NONE',  ( 35.93500000000000227, -28.17300000000000182, 15.19999999999999929 ) ) ;
#4495 = VECTOR ( 'NONE', #4086, 1000.000000000000000 ) ;
#4496 = VERTEX_POINT ( 'NONE', #955 ) ;
#4497 = AXIS2_PLACEMENT_3D ( 'NONE', #170, #3365, #1242 ) ;
#4498 = APPROVAL_ROLE ( '' ) ;
#4499 = ADVANCED_FACE ( 'NONE', ( #2776 ), #1727, .F. ) ;
#4500 = CARTESIAN_POINT ( 'NONE',  ( 42.52076839834074917, -37.58676234312115128, 7.500000000000000000 ) ) ;
#4501 = DIRECTION ( 'NONE',  ( 1.000000000000000000, 0.000000000000000000, 0.000000000000000000 ) ) ;
#4502 = VERTEX_POINT ( 'NONE', #2800 ) ;
#4503 = LINE ( 'NONE', #1534, #138 ) ;
#4504 = EDGE_CURVE ( 'NONE', #1038, #2102, #1432, .T. ) ;
#4505 = DIRECTION ( 'NONE',  ( 0.000000000000000000, -1.000000000000000000, 0.000000000000000000 ) ) ;
#4506 = CARTESIAN_POINT ( 'NONE',  ( 66.40600000000000591, 23.20200000000000529, 15.19999999999999929 ) ) ;
#4507 = EDGE_LOOP ( 'NONE', ( #2086, #4267 ) ) ;
#4508 = ORIENTED_EDGE ( 'NONE', *, *, #4389, .F. ) ;
#4509 = CARTESIAN_POINT ( 'NONE',  ( 7.668999999999999595, -35.72299999999999898, 15.19999999999999929 ) ) ;
#4510 = CYLINDRICAL_SURFACE ( 'NONE', #892, 1.262769446279045304 ) ;
#4511 = EDGE_CURVE ( 'NONE', #4192, #511, #4179, .T. ) ;
#4512 = CARTESIAN_POINT ( 'NONE',  ( -18.73688626812103308, -39.82013567110566754, -1.199999999999999956 ) ) ;
#4513 = EDGE_CURVE ( 'NONE', #2615, #2721, #2659, .T. ) ;
#4514 = VECTOR ( 'NONE', #2888, 1000.000000000000000 ) ;
#4515 = ADVANCED_FACE ( 'NONE', ( #3463 ), #4644, .F. ) ;
#4516 = EDGE_LOOP ( 'NONE', ( #3745, #1135, #3258, #262 ) ) ;
#4517 = VERTEX_POINT ( 'NONE', #221 ) ;
#4518 = DIRECTION ( 'NONE',  ( 0.000000000000000000, 0.000000000000000000, -1.000000000000000000 ) ) ;
#4519 = LINE ( 'NONE', #4149, #4585 ) ;
#4520 = VECTOR ( 'NONE', #1506, 1000.000000000000000 ) ;
#4521 = CIRCLE ( 'NONE', #398, 0.01285943191635385840 ) ;
#4522 = AXIS2_PLACEMENT_3D ( 'NONE', #2798, #3558, #1697 ) ;
#4523 = ORIENTED_EDGE ( 'NONE', *, *, #1788, .T. ) ;
#4524 = FACE_OUTER_BOUND ( 'NONE', #3837, .T. ) ;
#4525 = FACE_OUTER_BOUND ( 'NONE', #2173, .T. ) ;
#4526 = ORIENTED_EDGE ( 'NONE', *, *, #2815, .T. ) ;
#4527 = AXIS2_PLACEMENT_3D ( 'NONE', #963, #3764, #1639 ) ;
#4528 = CARTESIAN_POINT ( 'NONE',  ( 77.50900000000001455, -39.47299999999999898, 15.19999999999999929 ) ) ;
#4529 = LINE ( 'NONE', #1248, #1388 ) ;
#4530 = CARTESIAN_POINT ( 'NONE',  ( 3.569000000000000838, -35.72299999999999898, 17.19999999999999929 ) ) ;
#4531 = VECTOR ( 'NONE', #2969, 1000.000000000000000 ) ;
#4532 = ORIENTED_EDGE ( 'NONE', *, *, #339, .T. ) ;
#4533 = ORIENTED_EDGE ( 'NONE', *, *, #220, .F. ) ;
#4534 = CARTESIAN_POINT ( 'NONE',  ( 9.255250000000000199, -41.75625000000000142, -1.199999999999999956 ) ) ;
#4535 = CARTESIAN_POINT ( 'NONE',  ( -2.427000000000000046, -13.35599999999999987, 15.19999999999999929 ) ) ;
#4536 = EDGE_CURVE ( 'NONE', #2621, #236, #197, .T. ) ;
#4537 = CARTESIAN_POINT ( 'NONE',  ( -18.73701745611166558, -39.81997918254900526, 17.19999999999999929 ) ) ;
#4538 = ORIENTED_EDGE ( 'NONE', *, *, #4335, .T. ) ;
#4539 = ORIENTED_EDGE ( 'NONE', *, *, #2438, .T. ) ;
#4540 = LINE ( 'NONE', #897, #2485 ) ;
#4541 = DIRECTION ( 'NONE',  ( 1.000000000000000000, 0.000000000000000000, 0.000000000000000000 ) ) ;
#4542 = VECTOR ( 'NONE', #4454, 1000.000000000000000 ) ;
#4543 = EDGE_LOOP ( 'NONE', ( #488, #2591, #2081, #4385 ) ) ;
#4544 = EDGE_CURVE ( 'NONE', #3355, #206, #1652, .T. ) ;
#4545 = EDGE_CURVE ( 'NONE', #4502, #57, #4025, .T. ) ;
#4546 = CYLINDRICAL_SURFACE ( 'NONE', #3364, 6.199999999999997513 ) ;
#4547 = DIRECTION ( 'NONE',  ( 0.000000000000000000, 0.000000000000000000, -1.000000000000000000 ) ) ;
#4548 = ORIENTED_EDGE ( 'NONE', *, *, #14, .T. ) ;
#4549 = VECTOR ( 'NONE', #1621, 1000.000000000000000 ) ;
#4550 = CARTESIAN_POINT ( 'NONE',  ( 12.15499999999999936, -5.384999999999999787, 17.19999999999999929 ) ) ;
#4551 = CARTESIAN_POINT ( 'NONE',  ( 78.28965573600127925, -39.81964337354579442, -1.199999999999999956 ) ) ;
#4552 = CARTESIAN_POINT ( 'NONE',  ( 7.319999999999998508, -42.55700000000000216, -1.199999999999999956 ) ) ;
#4553 = LINE ( 'NONE', #1974, #3283 ) ;
#4554 = ORIENTED_EDGE ( 'NONE', *, *, #1710, .F. ) ;
#4555 = ORIENTED_EDGE ( 'NONE', *, *, #582, .F. ) ;
#4556 = LINE ( 'NONE', #4627, #731 ) ;
#4557 = DIRECTION ( 'NONE',  ( 0.000000000000000000, 0.000000000000000000, -1.000000000000000000 ) ) ;
#4558 = DIRECTION ( 'NONE',  ( 0.000000000000000000, 0.000000000000000000, -1.000000000000000000 ) ) ;
#4559 = EDGE_CURVE ( 'NONE', #3982, #3586, #452, .T. ) ;
#4560 = ORIENTED_EDGE ( 'NONE', *, *, #1783, .T. ) ;
#4561 = ORIENTED_EDGE ( 'NONE', *, *, #2117, .T. ) ;
#4562 = CARTESIAN_POINT ( 'NONE',  ( 15.20100000000000051, -37.58299999999999841, 17.19999999999999929 ) ) ;
#4563 = CARTESIAN_POINT ( 'NONE',  ( 50.39300000000000068, -43.80700000000000216, 0.000000000000000000 ) ) ;
#4564 = ORIENTED_EDGE ( 'NONE', *, *, #1464, .F. ) ;
#4565 = CARTESIAN_POINT ( 'NONE',  ( 59.04099999999999682, -13.35599999999999987, 17.19999999999999929 ) ) ;
#4566 = CARTESIAN_POINT ( 'NONE',  ( -11.08900000000000041, -35.72299999999999898, 15.19999999999999929 ) ) ;
#4567 = DIRECTION ( 'NONE',  ( 1.000000000000000000, 0.000000000000000000, 0.000000000000000000 ) ) ;
#4568 = EDGE_CURVE ( 'NONE', #788, #2072, #899, .T. ) ;
#4569 = ADVANCED_FACE ( 'NONE', ( #294 ), #1676, .F. ) ;
#4570 = AXIS2_PLACEMENT_3D ( 'NONE', #1750, #2015, #3201 ) ;
#4571 = VERTEX_POINT ( 'NONE', #3511 ) ;
#4572 = DIRECTION ( 'NONE',  ( 1.000000000000000000, 0.000000000000000000, 0.000000000000000000 ) ) ;
#4573 = CARTESIAN_POINT ( 'NONE',  ( 51.05300000000000438, -35.72299999999999898, 17.19999999999999929 ) ) ;
#4574 = CARTESIAN_POINT ( 'NONE',  ( 23.53399999999999892, -25.58299999999999841, 3.450000000000000178 ) ) ;
#4575 = DIRECTION ( 'NONE',  ( 1.000000000000000000, 0.000000000000000000, 0.000000000000000000 ) ) ;
#4576 = VERTEX_POINT ( 'NONE', #1391 ) ;
#4577 = ORIENTED_EDGE ( 'NONE', *, *, #340, .F. ) ;
#4578 = CARTESIAN_POINT ( 'NONE',  ( 63.27799999999999869, -37.37500000000000000, 0.000000000000000000 ) ) ;
#4579 = DIRECTION ( 'NONE',  ( 1.000000000000000000, 0.000000000000000000, -0.000000000000000000 ) ) ;
#4580 = DIRECTION ( 'NONE',  ( 0.000000000000000000, 0.000000000000000000, 1.000000000000000000 ) ) ;
#4581 = ORIENTED_EDGE ( 'NONE', *, *, #2259, .F. ) ;
#4582 = ORIENTED_EDGE ( 'NONE', *, *, #4277, .F. ) ;
#4583 = CARTESIAN_POINT ( 'NONE',  ( 63.50000000000000000, 9.106999999999999318, 17.19999999999999929 ) ) ;
#4584 = LINE ( 'NONE', #2387, #991 ) ;
#4585 = VECTOR ( 'NONE', #2342, 1000.000000000000000 ) ;
#4586 = ORIENTED_EDGE ( 'NONE', *, *, #233, .T. ) ;
#4587 = LINE ( 'NONE', #2105, #4388 ) ;
#4588 = VECTOR ( 'NONE', #1729, 1000.000000000000000 ) ;
#4589 = CARTESIAN_POINT ( 'NONE',  ( -2.822000000000000508, -37.37500000000000000, 0.000000000000000000 ) ) ;
#4590 = CIRCLE ( 'NONE', #3437, 2.736864328693550341 ) ;
#4591 = DIRECTION ( 'NONE',  ( 1.000000000000000000, 0.000000000000000000, 0.000000000000000000 ) ) ;
#4592 = AXIS2_PLACEMENT_3D ( 'NONE', #121, #2297, #3750 ) ;
#4593 = EDGE_LOOP ( 'NONE', ( #3719, #4043, #3177, #3447, #1610, #2059 ) ) ;
#4594 = LINE ( 'NONE', #2469, #895 ) ;
#4595 = ADVANCED_FACE ( 'NONE', ( #1291 ), #2850, .F. ) ;
#4596 = EDGE_CURVE ( 'NONE', #3661, #1261, #3877, .T. ) ;
#4597 = DIRECTION ( 'NONE',  ( -1.000000000000000000, 0.000000000000000000, 0.000000000000000000 ) ) ;
#4598 = DIRECTION ( 'NONE',  ( -0.000000000000000000, -0.000000000000000000, -1.000000000000000000 ) ) ;
#4599 = ORIENTED_EDGE ( 'NONE', *, *, #1175, .F. ) ;
#4600 = ORIENTED_EDGE ( 'NONE', *, *, #4365, .F. ) ;
#4601 = AXIS2_PLACEMENT_3D ( 'NONE', #2314, #4024, #86 ) ;
#4602 = CARTESIAN_POINT ( 'NONE',  ( 77.50900000000001455, -39.47299999999999898, 0.000000000000000000 ) ) ;
#4603 = DIRECTION ( 'NONE',  ( 0.000000000000000000, 0.000000000000000000, 1.000000000000000000 ) ) ;
#4604 = ADVANCED_FACE ( 'NONE', ( #1800 ), #2182, .T. ) ;
#4605 = ADVANCED_FACE ( 'NONE', ( #1821 ), #2916, .T. ) ;
#4606 = CIRCLE ( 'NONE', #3298, 2.737356642794202877 ) ;
#4607 = CARTESIAN_POINT ( 'NONE',  ( 48.98800000000000665, -41.22599999999999909, 0.000000000000000000 ) ) ;
#4608 = VERTEX_POINT ( 'NONE', #2228 ) ;
#4609 = EDGE_LOOP ( 'NONE', ( #2265, #3737 ) ) ;
#4610 = CARTESIAN_POINT ( 'NONE',  ( 13.77849001395527573, -36.17250981727300996, 7.500000000000000000 ) ) ;
#4611 = CARTESIAN_POINT ( 'NONE',  ( -18.73700000000000188, -42.55700000000000216, -1.199999999999999956 ) ) ;
#4612 = ORIENTED_EDGE ( 'NONE', *, *, #3131, .T. ) ;
#4613 = EDGE_LOOP ( 'NONE', ( #2891, #2135, #3975, #1130 ) ) ;
#4614 = CARTESIAN_POINT ( 'NONE',  ( 33.73400000000000176, -25.58299999999999841, 3.450000000000000178 ) ) ;
#4615 = DIRECTION ( 'NONE',  ( 0.000000000000000000, 0.000000000000000000, -1.000000000000000000 ) ) ;
#4616 = EDGE_CURVE ( 'NONE', #2155, #2985, #4646, .T. ) ;
#4617 = CARTESIAN_POINT ( 'NONE',  ( -22.72403827360087902, -39.81997918254900526, 0.000000000000000000 ) ) ;
#4618 = VERTEX_POINT ( 'NONE', #3675 ) ;
#4619 = EDGE_CURVE ( 'NONE', #2072, #416, #2534, .T. ) ;
#4620 = VECTOR ( 'NONE', #2979, 1000.000000000000114 ) ;
#4621 = CARTESIAN_POINT ( 'NONE',  ( 59.14699999999999847, 12.09699999999999953, 17.19999999999999929 ) ) ;
#4622 = CARTESIAN_POINT ( 'NONE',  ( -20.72357811099043090, -39.82022954201941900, 15.19999999999999929 ) ) ;
#4623 = CARTESIAN_POINT ( 'NONE',  ( 56.27799999999999159, -37.37500000000000000, 17.19999999999999929 ) ) ;
#4624 = AXIS2_PLACEMENT_3D ( 'NONE', #2386, #2027, #4021 ) ;
#4625 = EDGE_LOOP ( 'NONE', ( #4582, #2616, #3205, #3095 ) ) ;
#4626 = ORIENTED_EDGE ( 'NONE', *, *, #1057, .F. ) ;
#4627 = CARTESIAN_POINT ( 'NONE',  ( 47.45499999999999829, -29.18499999999999872, 17.19999999999999929 ) ) ;
#4628 = CYLINDRICAL_SURFACE ( 'NONE', #4022, 4.099999999999999645 ) ;
#4629 = VECTOR ( 'NONE', #2639, 1000.000000000000000 ) ;
#4630 = CARTESIAN_POINT ( 'NONE',  ( -6.322000000000000064, -37.37500000000000000, 17.19999999999999929 ) ) ;
#4631 = ORIENTED_EDGE ( 'NONE', *, *, #15, .T. ) ;
#4632 = ADVANCED_FACE ( 'NONE', ( #413 ), #3269, .T. ) ;
#4633 = EDGE_CURVE ( 'NONE', #794, #211, #3651, .T. ) ;
#4634 = EDGE_LOOP ( 'NONE', ( #3548, #526, #1234, #3347 ) ) ;
#4635 = FACE_OUTER_BOUND ( 'NONE', #2384, .T. ) ;
#4636 = LINE ( 'NONE', #3908, #290 ) ;
#4637 = ORIENTED_EDGE ( 'NONE', *, *, #4239, .F. ) ;
#4638 = ORIENTED_EDGE ( 'NONE', *, *, #1970, .T. ) ;
#4639 = LINE ( 'NONE', #642, #502 ) ;
#4640 = AXIS2_PLACEMENT_3D ( 'NONE', #967, #2410, #4682 ) ;
#4641 = DIRECTION ( 'NONE',  ( -0.000000000000000000, -0.000000000000000000, -1.000000000000000000 ) ) ;
#4642 = VERTEX_POINT ( 'NONE', #4376 ) ;
#4643 = VECTOR ( 'NONE', #633, 1000.000000000000000 ) ;
#4644 = CYLINDRICAL_SURFACE ( 'NONE', #3720, 0.01285943191635385840 ) ;
#4645 = DIRECTION ( 'NONE',  ( -0.000000000000000000, -0.000000000000000000, -1.000000000000000000 ) ) ;
#4646 = CIRCLE ( 'NONE', #63, 3.987020817489217883 ) ;
#4647 = CARTESIAN_POINT ( 'NONE',  ( 19.41000000000000014, 26.84199999999999875, 7.620000000000000107 ) ) ;
#4648 = VERTEX_POINT ( 'NONE', #2489 ) ;
#4649 = ORIENTED_EDGE ( 'NONE', *, *, #680, .T. ) ;
#4650 = CARTESIAN_POINT ( 'NONE',  ( 50.39300000000000068, -42.55700000000000216, -1.199999999999999956 ) ) ;
#4651 = DIRECTION ( 'NONE',  ( -1.000000000000000000, 0.000000000000000000, 0.000000000000000000 ) ) ;
#4652 = DIRECTION ( 'NONE',  ( -0.9846712170135260012, 0.1744207395498072188, 0.000000000000000000 ) ) ;
#4653 = ORIENTED_EDGE ( 'NONE', *, *, #2117, .F. ) ;
#4654 = ORIENTED_EDGE ( 'NONE', *, *, #4335, .F. ) ;
#4655 = DIRECTION ( 'NONE',  ( 0.000000000000000000, 0.000000000000000000, 1.000000000000000000 ) ) ;
#4656 = CARTESIAN_POINT ( 'NONE',  ( -9.591000000000001080, 23.20200000000000529, 5.599999999999998757 ) ) ;
#4657 = EDGE_CURVE ( 'NONE', #1900, #1345, #4734, .T. ) ;
#4658 = EDGE_CURVE ( 'NONE', #888, #2687, #2939, .T. ) ;
#4659 = ORIENTED_EDGE ( 'NONE', *, *, #3557, .T. ) ;
#4660 = ORIENTED_EDGE ( 'NONE', *, *, #2222, .T. ) ;
#4661 = CARTESIAN_POINT ( 'NONE',  ( 47.45499999999999829, -29.18499999999999872, 17.19999999999999929 ) ) ;
#4662 = CARTESIAN_POINT ( 'NONE',  ( 59.35300000000000153, 11.77399999999999913, 14.90000000000000036 ) ) ;
#4663 = AXIS2_PLACEMENT_3D ( 'NONE', #4732, #1499, #1450 ) ;
#4664 = LINE ( 'NONE', #622, #2078 ) ;
#4665 = AXIS2_PLACEMENT_3D ( 'NONE', #1994, #3781, #1632 ) ;
#4666 = EDGE_LOOP ( 'NONE', ( #1021, #3701, #4350, #3050 ) ) ;
#4667 = VECTOR ( 'NONE', #721, 1000.000000000000000 ) ;
#4668 = CARTESIAN_POINT ( 'NONE',  ( 34.51200000000000045, -28.33300000000000196, -1.199999999999999956 ) ) ;
#4669 = VECTOR ( 'NONE', #2653, 1000.000000000000000 ) ;
#4670 = LINE ( 'NONE', #3896, #1304 ) ;
#4671 = DIRECTION ( 'NONE',  ( 0.000000000000000000, 0.000000000000000000, -1.000000000000000000 ) ) ;
#4672 = VECTOR ( 'NONE', #2346, 1000.000000000000000 ) ;
#4673 = ORIENTED_EDGE ( 'NONE', *, *, #1910, .F. ) ;
#4674 = EDGE_LOOP ( 'NONE', ( #359, #1814, #2356, #958 ) ) ;
#4675 = AXIS2_PLACEMENT_3D ( 'NONE', #196, #289, #1793 ) ;
#4676 = CARTESIAN_POINT ( 'NONE',  ( 50.39300000000000068, -43.80700000000000216, 0.000000000000000000 ) ) ;
#4677 = FACE_BOUND ( 'NONE', #4398, .T. ) ;
#4678 = DIRECTION ( 'NONE',  ( -1.000000000000000000, 0.000000000000000000, -0.000000000000000000 ) ) ;
#4679 = ORIENTED_EDGE ( 'NONE', *, *, #2495, .F. ) ;
#4680 = ORIENTED_EDGE ( 'NONE', *, *, #4185, .T. ) ;
#4681 = DIRECTION ( 'NONE',  ( -0.000000000000000000, -0.000000000000000000, -1.000000000000000000 ) ) ;
#4682 = DIRECTION ( 'NONE',  ( 1.000000000000000000, 0.000000000000000000, 0.000000000000000000 ) ) ;
#4683 = EDGE_CURVE ( 'NONE', #2093, #4618, #4032, .T. ) ;
#4684 = VECTOR ( 'NONE', #712, 1000.000000000000000 ) ;
#4685 = ORIENTED_EDGE ( 'NONE', *, *, #2787, .T. ) ;
#4686 = ORIENTED_EDGE ( 'NONE', *, *, #2839, .T. ) ;
#4687 = LINE ( 'NONE', #1406, #2103 ) ;
#4688 = CARTESIAN_POINT ( 'NONE',  ( -18.73688626812103308, -39.82013567110566754, 0.000000000000000000 ) ) ;
#4689 = DIRECTION ( 'NONE',  ( 1.000000000000000000, 0.000000000000000000, 0.000000000000000000 ) ) ;
#4690 = ORIENTED_EDGE ( 'NONE', *, *, #2259, .T. ) ;
#4691 = EDGE_CURVE ( 'NONE', #10, #2434, #388, .T. ) ;
#4692 = EDGE_CURVE ( 'NONE', #4056, #1699, #218, .T. ) ;
#4693 = CARTESIAN_POINT ( 'NONE',  ( 8.323000000000000398, -13.35599999999999810, 17.19999999999999929 ) ) ;
#4694 = DIRECTION ( 'NONE',  ( 0.9846712170135260012, -0.1744207395498071633, 0.000000000000000000 ) ) ;
#4695 = FACE_OUTER_BOUND ( 'NONE', #3432, .T. ) ;
#4696 = ORIENTED_EDGE ( 'NONE', *, *, #1736, .F. ) ;
#4697 = FACE_OUTER_BOUND ( 'NONE', #4613, .T. ) ;
#4698 = DIRECTION ( 'NONE',  ( -0.000000000000000000, 0.000000000000000000, 1.000000000000000000 ) ) ;
#4699 = CARTESIAN_POINT ( 'NONE',  ( 59.77799999999999869, -37.37500000000000000, 0.000000000000000000 ) ) ;
#4700 = VERTEX_POINT ( 'NONE', #1479 ) ;
#4701 = VERTEX_POINT ( 'NONE', #4328 ) ;
#4702 = CARTESIAN_POINT ( 'NONE',  ( -5.969000000000000306, 1.614000000000000101, 17.19999999999999929 ) ) ;
#4703 = VECTOR ( 'NONE', #1977, 1000.000000000000000 ) ;
#4704 = CARTESIAN_POINT ( 'NONE',  ( 35.40474999999999994, -28.70324999999999704, -1.199999999999999956 ) ) ;
#4705 = EDGE_CURVE ( 'NONE', #1523, #568, #761, .T. ) ;
#4706 = DIRECTION ( 'NONE',  ( 0.000000000000000000, 0.000000000000000000, -1.000000000000000000 ) ) ;
#4707 = CC_DESIGN_PERSON_AND_ORGANIZATION_ASSIGNMENT ( #2296, #3771, ( #3041 ) ) ;
#4708 = VERTEX_POINT ( 'NONE', #2559 ) ;
#4709 = CYLINDRICAL_SURFACE ( 'NONE', #2868, 1.986770467292415354 ) ;
#4710 = ADVANCED_FACE ( 'NONE', ( #2156 ), #24, .F. ) ;
#4711 = CARTESIAN_POINT ( 'NONE',  ( 0.000000000000000000, 0.000000000000000000, 5.000000000000000000 ) ) ;
#4712 = DIRECTION ( 'NONE',  ( 0.9846685186277367441, 0.1744359722748106967, -0.000000000000000000 ) ) ;
#4713 = EDGE_LOOP ( 'NONE', ( #364, #3576, #1926, #3644 ) ) ;
#4714 = DIRECTION ( 'NONE',  ( 0.000000000000000000, 0.000000000000000000, 1.000000000000000000 ) ) ;
#4715 = DIRECTION ( 'NONE',  ( -1.000000000000000000, 0.000000000000000000, 0.000000000000000000 ) ) ;
#4716 = EDGE_CURVE ( 'NONE', #3142, #888, #3226, .T. ) ;
#4717 = EDGE_CURVE ( 'NONE', #2168, #2093, #4104, .T. ) ;
#4718 = CARTESIAN_POINT ( 'NONE',  ( 36.94699999999999562, -29.18499999999999517, 0.000000000000000000 ) ) ;
#4719 = AXIS2_PLACEMENT_3D ( 'NONE', #1446, #2907, #732 ) ;
#4720 = ORIENTED_EDGE ( 'NONE', *, *, #4716, .T. ) ;
#4721 = ORIENTED_EDGE ( 'NONE', *, *, #3046, .F. ) ;
#4722 = DIRECTION ( 'NONE',  ( 0.000000000000000000, 0.000000000000000000, 1.000000000000000000 ) ) ;
#4723 = CIRCLE ( 'NONE', #1973, 3.987020817447808341 ) ;
#4724 = CARTESIAN_POINT ( 'NONE',  ( -9.837250000000000938, 23.24549999999999983, -1.199999999999999956 ) ) ;
#4725 = ORIENTED_EDGE ( 'NONE', *, *, #2866, .T. ) ;
#4726 = ORIENTED_EDGE ( 'NONE', *, *, #368, .F. ) ;
#4727 = CYLINDRICAL_SURFACE ( 'NONE', #953, 0.01285943191636773619 ) ;
#4728 = CARTESIAN_POINT ( 'NONE',  ( 35.75825000000000387, -28.34975000000000023, -1.199999999999999956 ) ) ;
#4729 = DIRECTION ( 'NONE',  ( 0.000000000000000000, 0.000000000000000000, -1.000000000000000000 ) ) ;
#4730 = EDGE_LOOP ( 'NONE', ( #1351, #1043 ) ) ;
#4731 = CARTESIAN_POINT ( 'NONE',  ( -12.69998507152459410, 17.11999735562930169, 1.000000000000000000 ) ) ;
#4732 = CARTESIAN_POINT ( 'NONE',  ( -7.634838191436935873, 22.85513567608969865, -1.199999999999999956 ) ) ;
#4733 = ORIENTED_EDGE ( 'NONE', *, *, #2079, .T. ) ;
#4734 = LINE ( 'NONE', #2511, #1283 ) ;
#4735 = DIRECTION ( 'NONE',  ( -1.000000000000000000, 0.000000000000000000, 0.000000000000000000 ) ) ;
#4736 = AXIS2_PLACEMENT_3D ( 'NONE', #2029, #2697, #1666 ) ;
#4737 = DIRECTION ( 'NONE',  ( -0.000000000000000000, -0.000000000000000000, -1.000000000000000000 ) ) ;
ENDSEC;
END-ISO-10303-21;
